2025-03-21 01:59:32,700 - category_controller.py - FastCRUD -  view_category - INFO - Fetching all categories

2025-03-21 01:59:32,708 - category_controller.py - FastCRUD -  view_category - INFO - Fetched 3 categories

2025-03-21 02:00:24,221 - category_controller.py - FastCRUD -  view_category - INFO - Fetched all (3) categories

2025-03-21 10:40:52,738 - category_controller.py - FastCRUD -  view_category - INFO - Fetched all (3) categories

2025-03-21 10:42:49,009 - category_controller.py - FastCRUD -  insert_category - INFO - Attempting to insert new category: Technology

2025-03-21 10:42:49,023 - category_controller.py - FastCRUD -  insert_category - INFO - Category inserted successfully: Technology

2025-03-21 10:43:23,334 - category_controller.py - FastCRUD -  insert_category - INFO - Attempting to insert new category: Health & Fitness

2025-03-21 10:43:23,340 - category_controller.py - FastCRUD -  insert_category - INFO - Category inserted successfully: Health & Fitness

2025-03-21 10:43:42,994 - category_controller.py - FastCRUD -  insert_category - INFO - Attempting to insert new category: Education

2025-03-21 10:43:42,998 - category_controller.py - FastCRUD -  insert_category - INFO - Category inserted successfully: Education

2025-03-21 10:43:55,717 - category_controller.py - FastCRUD -  insert_category - INFO - Attempting to insert new category: Finance

2025-03-21 10:43:55,722 - category_controller.py - FastCRUD -  insert_category - INFO - Category inserted successfully: Finance

2025-03-21 10:44:11,084 - category_controller.py - FastCRUD -  insert_category - INFO - Attempting to insert new category: Entertainment

2025-03-21 10:44:11,089 - category_controller.py - FastCRUD -  insert_category - INFO - Category inserted successfully: Entertainment

2025-03-21 10:44:25,957 - category_controller.py - FastCRUD -  insert_category - INFO - Attempting to insert new category: Travel

2025-03-21 10:44:25,962 - category_controller.py - FastCRUD -  insert_category - INFO - Category inserted successfully: Travel

2025-03-21 10:44:56,395 - category_controller.py - FastCRUD -  insert_category - INFO - Attempting to insert new category: Food & Recipes

2025-03-21 10:44:56,400 - category_controller.py - FastCRUD -  insert_category - INFO - Category inserted successfully: Food & Recipes

2025-03-21 10:49:55,893 - category_controller.py - FastCRUD -  update_category - ERROR - Error updating category
Traceback (most recent call last):
  File "/home/prince/PycharmProjects/FastCRUD/base/api/controller/category/category_controller.py", line 95, in update_category
    result = CategoryService.update_category(db, id, category_dto)
             ^^^^^^^^^^^^^^^^^^^^^^^^^^^^^^^^^^^^^^^^^^^^^^^^^^^^^
  File "/home/prince/PycharmProjects/FastCRUD/base/service/category/category_service.py", line 47, in update_category
    raise ValueError("Category not found")
ValueError: Category not found
2025-03-21 10:50:27,661 - category_controller.py - FastCRUD -  view_category - INFO - Fetched all (13) categories

2025-03-21 11:25:53,552 - category_controller.py - FastCRUD -  view_category - INFO - Fetched all (13) categories

2025-03-21 11:26:10,382 - category_controller.py - FastCRUD -  delete_category - INFO - Attempting to delete category with ID: 15

2025-03-21 11:26:10,389 - category_controller.py - FastCRUD -  delete_category - INFO - Category deleted successfully: ID 15

2025-03-21 11:26:29,080 - category_controller.py - FastCRUD -  edit_category - INFO - Fetching category details for ID: 2

2025-03-21 11:26:29,081 - category_controller.py - FastCRUD -  edit_category - INFO - Category details fetched successfully: ID 2

2025-03-21 11:26:33,616 - category_controller.py - FastCRUD -  edit_category - INFO - Fetching category details for ID: 1

2025-03-21 11:26:33,617 - category_controller.py - FastCRUD -  edit_category - INFO - Category details fetched successfully: ID 1

2025-03-21 11:26:37,959 - category_controller.py - FastCRUD -  edit_category - INFO - Fetching category details for ID: 10

2025-03-21 11:26:37,961 - category_controller.py - FastCRUD -  edit_category - INFO - Category details fetched successfully: ID 10

2025-03-21 11:48:49,642 - category_controller.py - FastCRUD -  insert_category - INFO - Attempting to insert new category: prince

2025-03-21 11:49:10,297 - category_controller.py - FastCRUD -  insert_category - INFO - Attempting to insert new category: princes

2025-03-21 11:51:39,669 - category_controller.py - FastCRUD -  view_category - INFO - Fetched all (14) categories

2025-03-21 11:53:51,319 - category_controller.py - FastCRUD -  view_category - INFO - Fetched all (14) categories

2025-03-21 11:54:37,471 - category_controller.py - FastCRUD -  view_category - INFO - Fetched all (14) categories

2025-03-21 11:55:34,426 - category_controller.py - FastCRUD -  view_category - INFO - Fetched all (14) categories

2025-03-21 11:57:41,652 - category_controller.py - FastCRUD -  view_category - INFO - Fetched all (14) categories

2025-03-21 11:57:47,633 - category_controller.py - FastCRUD -  view_category - INFO - Fetched all (14) categories

2025-03-21 11:58:09,428 - category_controller.py - FastCRUD -  insert_category - INFO - Attempting to insert new category: strindfgbg

2025-03-21 13:29:42,100 - category_controller.py - FastCRUD -  view_category - INFO - Fetched all (15) categories

2025-03-21 13:40:43,133 - category_controller.py - FastCRUD -  view_category - INFO - Fetched all (15) categories

2025-03-21 13:40:52,315 - category_controller.py - FastCRUD -  insert_category - INFO - Attempting to insert new category: FoodRecipes

2025-03-21 13:40:52,323 - category_controller.py - FastCRUD -  insert_category - INFO - Category inserted successfully: FoodRecipes

2025-03-21 13:41:06,355 - category_controller.py - FastCRUD -  delete_category - INFO - Attempting to delete category with ID: 19

2025-03-21 13:41:06,362 - category_controller.py - FastCRUD -  delete_category - INFO - Category deleted successfully: ID 19

2025-03-21 13:41:36,736 - category_controller.py - FastCRUD -  insert_category - INFO - Attempting to insert new category: stringdc

2025-03-21 13:41:36,745 - category_controller.py - FastCRUD -  insert_category - INFO - Category inserted successfully: stringdc

2025-03-21 13:41:52,966 - category_controller.py - FastCRUD -  view_category - INFO - Fetched all (16) categories

2025-03-21 13:42:07,240 - category_controller.py - FastCRUD -  delete_category - INFO - Attempting to delete category with ID: 14

2025-03-21 13:42:07,250 - category_controller.py - FastCRUD -  delete_category - INFO - Category deleted successfully: ID 14

2025-03-21 13:42:24,435 - category_controller.py - FastCRUD -  edit_category - INFO - Fetching category details for ID: 19

2025-03-21 13:42:24,437 - category_controller.py - FastCRUD -  edit_category - ERROR - Error fetching category details
Traceback (most recent call last):
  File "/home/prince/PycharmProjects/FastCRUD/base/api/controller/category/category_controller.py", line 73, in edit_category
    category_data = CategoryService.get_category_by_id(db, id)
                    ^^^^^^^^^^^^^^^^^^^^^^^^^^^^^^^^^^^^^^^^^^
  File "/home/prince/PycharmProjects/FastCRUD/base/service/category/category_service.py", line 37, in get_category_by_id
    raise ValueError("Category not found")
ValueError: Category not found
2025-03-21 13:42:29,644 - category_controller.py - FastCRUD -  edit_category - INFO - Fetching category details for ID: 12

2025-03-21 13:42:29,646 - category_controller.py - FastCRUD -  edit_category - INFO - Category details fetched successfully: ID 12

2025-03-21 13:51:30,491 - category_controller.py - FastCRUD -  update_category - INFO - Attempting to update category: ID 18, Name: wdefr

2025-03-21 13:51:30,509 - category_controller.py - FastCRUD -  update_category - INFO - Category updated successfully: ID 18, Name: wdefr

2025-03-21 13:51:40,789 - category_controller.py - FastCRUD -  update_category - INFO - Attempting to update category: ID 18, Name: wdefrwdefrgbhn

2025-03-21 13:51:40,798 - category_controller.py - FastCRUD -  update_category - INFO - Category updated successfully: ID 18, Name: wdefrwdefrgbhn

2025-03-21 13:51:52,262 - category_controller.py - FastCRUD -  update_category - INFO - Attempting to update category: ID 18, Name: fashion

2025-03-21 13:51:52,270 - category_controller.py - FastCRUD -  update_category - INFO - Category updated successfully: ID 18, Name: fashion

2025-03-21 14:26:25,768 - category_controller.py - FastCRUD -  edit_category - INFO - Fetching category details for ID: 10

2025-03-21 14:26:25,781 - category_controller.py - FastCRUD -  edit_category - INFO - Category details fetched successfully: ID 10

2025-03-21 14:26:27,108 - category_controller.py - FastCRUD -  edit_category - INFO - Fetching category details for ID: 10

2025-03-21 14:26:27,110 - category_controller.py - FastCRUD -  edit_category - INFO - Category details fetched successfully: ID 10

2025-03-21 14:26:28,344 - category_controller.py - FastCRUD -  edit_category - INFO - Fetching category details for ID: 10

2025-03-21 14:26:28,346 - category_controller.py - FastCRUD -  edit_category - INFO - Category details fetched successfully: ID 10

2025-03-21 14:29:03,433 - category_controller.py - FastCRUD -  update_category - INFO - Attempting to update category: ID 8, Name: Cybersecurity

2025-03-21 14:29:03,449 - category_controller.py - FastCRUD -  update_category - INFO - Category updated successfully: ID 8, Name: Cybersecurity

2025-03-21 14:36:17,990 - category_controller.py - FastCRUD -  view_category - INFO - Fetched all (11) categories

2025-03-21 14:36:21,003 - category_controller.py - FastCRUD -  update_category - INFO - Attempting to update category: ID 8, Name: Cybersecurity

2025-03-21 14:36:21,014 - category_controller.py - FastCRUD -  update_category - INFO - Category updated successfully: ID 8, Name: Cybersecurity

2025-03-21 14:36:23,946 - category_controller.py - FastCRUD -  edit_category - INFO - Fetching category details for ID: 10

2025-03-21 14:36:23,947 - category_controller.py - FastCRUD -  edit_category - INFO - Category details fetched successfully: ID 10

2025-03-21 14:36:27,381 - category_controller.py - FastCRUD -  insert_category - INFO - Attempting to insert new category: FoodRedccipes

2025-03-21 14:36:27,388 - category_controller.py - FastCRUD -  insert_category - INFO - Category inserted successfully: FoodRedccipes

2025-03-21 14:36:39,926 - category_controller.py - FastCRUD -  delete_category - INFO - Attempting to delete category with ID: 21

2025-03-21 14:36:39,932 - category_controller.py - FastCRUD -  delete_category - INFO - Category deleted successfully: ID 21

2025-03-21 15:15:18,988 - category_controller.py - FastCRUD -  insert_category - INFO - Attempting to insert new category: strinyuiklkmng

2025-03-21 15:31:26,991 - category_controller.py - FastCRUD -  insert_category - INFO - Attempting to insert new category: FoodRedccipes

2025-03-21 15:31:26,998 - category_controller.py - FastCRUD -  insert_category - ERROR - Error inserting category
Traceback (most recent call last):
  File "/home/prince/.local/lib/python3.11/site-packages/sqlalchemy/engine/base.py", line 1964, in _exec_single_context
    self.dialect.do_execute(
  File "/home/prince/.local/lib/python3.11/site-packages/sqlalchemy/engine/default.py", line 942, in do_execute
    cursor.execute(statement, parameters)
  File "/home/prince/.local/lib/python3.11/site-packages/pymysql/cursors.py", line 153, in execute
    result = self._query(query)
             ^^^^^^^^^^^^^^^^^^
  File "/home/prince/.local/lib/python3.11/site-packages/pymysql/cursors.py", line 322, in _query
    conn.query(q)
  File "/home/prince/.local/lib/python3.11/site-packages/pymysql/connections.py", line 563, in query
    self._affected_rows = self._read_query_result(unbuffered=unbuffered)
                          ^^^^^^^^^^^^^^^^^^^^^^^^^^^^^^^^^^^^^^^^^^^^^^
  File "/home/prince/.local/lib/python3.11/site-packages/pymysql/connections.py", line 825, in _read_query_result
    result.read()
  File "/home/prince/.local/lib/python3.11/site-packages/pymysql/connections.py", line 1199, in read
    first_packet = self.connection._read_packet()
                   ^^^^^^^^^^^^^^^^^^^^^^^^^^^^^^
  File "/home/prince/.local/lib/python3.11/site-packages/pymysql/connections.py", line 775, in _read_packet
    packet.raise_for_error()
  File "/home/prince/.local/lib/python3.11/site-packages/pymysql/protocol.py", line 219, in raise_for_error
    err.raise_mysql_exception(self._data)
  File "/home/prince/.local/lib/python3.11/site-packages/pymysql/err.py", line 150, in raise_mysql_exception
    raise errorclass(errno, errval)
pymysql.err.IntegrityError: (1062, "Duplicate entry 'FoodRedccipes' for key 'category_table.category_name'")

The above exception was the direct cause of the following exception:

Traceback (most recent call last):
  File "/home/prince/PycharmProjects/FastCRUD/base/api/controller/category/category_controller.py", line 29, in insert_category
    result = CategoryService.insert_category(category, db)
             ^^^^^^^^^^^^^^^^^^^^^^^^^^^^^^^^^^^^^^^^^^^^^
  File "/home/prince/PycharmProjects/FastCRUD/base/service/category/category_service.py", line 19, in insert_category
    return CategoryDAO.insert_category(session, db_category)
           ^^^^^^^^^^^^^^^^^^^^^^^^^^^^^^^^^^^^^^^^^^^^^^^^^
  File "/home/prince/PycharmProjects/FastCRUD/base/dao/category/category_dao.py", line 11, in insert_category
    return MysqlCommonQuery.insert(session, category)
           ^^^^^^^^^^^^^^^^^^^^^^^^^^^^^^^^^^^^^^^^^^
  File "/home/prince/PycharmProjects/FastCRUD/base/client/mysql_common/mysql_common_query.py", line 12, in insert
    session.commit()
  File "/home/prince/.local/lib/python3.11/site-packages/sqlalchemy/orm/session.py", line 2032, in commit
    trans.commit(_to_root=True)
  File "<string>", line 2, in commit
  File "/home/prince/.local/lib/python3.11/site-packages/sqlalchemy/orm/state_changes.py", line 139, in _go
    ret_value = fn(self, *arg, **kw)
                ^^^^^^^^^^^^^^^^^^^^
  File "/home/prince/.local/lib/python3.11/site-packages/sqlalchemy/orm/session.py", line 1313, in commit
    self._prepare_impl()
  File "<string>", line 2, in _prepare_impl
  File "/home/prince/.local/lib/python3.11/site-packages/sqlalchemy/orm/state_changes.py", line 139, in _go
    ret_value = fn(self, *arg, **kw)
                ^^^^^^^^^^^^^^^^^^^^
  File "/home/prince/.local/lib/python3.11/site-packages/sqlalchemy/orm/session.py", line 1288, in _prepare_impl
    self.session.flush()
  File "/home/prince/.local/lib/python3.11/site-packages/sqlalchemy/orm/session.py", line 4353, in flush
    self._flush(objects)
  File "/home/prince/.local/lib/python3.11/site-packages/sqlalchemy/orm/session.py", line 4488, in _flush
    with util.safe_reraise():
  File "/home/prince/.local/lib/python3.11/site-packages/sqlalchemy/util/langhelpers.py", line 146, in __exit__
    raise exc_value.with_traceback(exc_tb)
  File "/home/prince/.local/lib/python3.11/site-packages/sqlalchemy/orm/session.py", line 4449, in _flush
    flush_context.execute()
  File "/home/prince/.local/lib/python3.11/site-packages/sqlalchemy/orm/unitofwork.py", line 466, in execute
    rec.execute(self)
  File "/home/prince/.local/lib/python3.11/site-packages/sqlalchemy/orm/unitofwork.py", line 642, in execute
    util.preloaded.orm_persistence.save_obj(
  File "/home/prince/.local/lib/python3.11/site-packages/sqlalchemy/orm/persistence.py", line 93, in save_obj
    _emit_insert_statements(
  File "/home/prince/.local/lib/python3.11/site-packages/sqlalchemy/orm/persistence.py", line 1233, in _emit_insert_statements
    result = connection.execute(
             ^^^^^^^^^^^^^^^^^^^
  File "/home/prince/.local/lib/python3.11/site-packages/sqlalchemy/engine/base.py", line 1416, in execute
    return meth(
           ^^^^^
  File "/home/prince/.local/lib/python3.11/site-packages/sqlalchemy/sql/elements.py", line 516, in _execute_on_connection
    return connection._execute_clauseelement(
           ^^^^^^^^^^^^^^^^^^^^^^^^^^^^^^^^^^
  File "/home/prince/.local/lib/python3.11/site-packages/sqlalchemy/engine/base.py", line 1638, in _execute_clauseelement
    ret = self._execute_context(
          ^^^^^^^^^^^^^^^^^^^^^^
  File "/home/prince/.local/lib/python3.11/site-packages/sqlalchemy/engine/base.py", line 1843, in _execute_context
    return self._exec_single_context(
           ^^^^^^^^^^^^^^^^^^^^^^^^^^
  File "/home/prince/.local/lib/python3.11/site-packages/sqlalchemy/engine/base.py", line 1983, in _exec_single_context
    self._handle_dbapi_exception(
  File "/home/prince/.local/lib/python3.11/site-packages/sqlalchemy/engine/base.py", line 2352, in _handle_dbapi_exception
    raise sqlalchemy_exception.with_traceback(exc_info[2]) from e
  File "/home/prince/.local/lib/python3.11/site-packages/sqlalchemy/engine/base.py", line 1964, in _exec_single_context
    self.dialect.do_execute(
  File "/home/prince/.local/lib/python3.11/site-packages/sqlalchemy/engine/default.py", line 942, in do_execute
    cursor.execute(statement, parameters)
  File "/home/prince/.local/lib/python3.11/site-packages/pymysql/cursors.py", line 153, in execute
    result = self._query(query)
             ^^^^^^^^^^^^^^^^^^
  File "/home/prince/.local/lib/python3.11/site-packages/pymysql/cursors.py", line 322, in _query
    conn.query(q)
  File "/home/prince/.local/lib/python3.11/site-packages/pymysql/connections.py", line 563, in query
    self._affected_rows = self._read_query_result(unbuffered=unbuffered)
                          ^^^^^^^^^^^^^^^^^^^^^^^^^^^^^^^^^^^^^^^^^^^^^^
  File "/home/prince/.local/lib/python3.11/site-packages/pymysql/connections.py", line 825, in _read_query_result
    result.read()
  File "/home/prince/.local/lib/python3.11/site-packages/pymysql/connections.py", line 1199, in read
    first_packet = self.connection._read_packet()
                   ^^^^^^^^^^^^^^^^^^^^^^^^^^^^^^
  File "/home/prince/.local/lib/python3.11/site-packages/pymysql/connections.py", line 775, in _read_packet
    packet.raise_for_error()
  File "/home/prince/.local/lib/python3.11/site-packages/pymysql/protocol.py", line 219, in raise_for_error
    err.raise_mysql_exception(self._data)
  File "/home/prince/.local/lib/python3.11/site-packages/pymysql/err.py", line 150, in raise_mysql_exception
    raise errorclass(errno, errval)
sqlalchemy.exc.IntegrityError: (pymysql.err.IntegrityError) (1062, "Duplicate entry 'FoodRedccipes' for key 'category_table.category_name'")
[SQL: INSERT INTO category_table (category_name, category_description, is_deleted, created_at, modified_at) VALUES (%(category_name)s, %(category_description)s, %(is_deleted)s, %(created_at)s, %(modified_at)s)]
[parameters: {'category_name': 'FoodRedccipes', 'category_description': 'Delicious recipes, cooking techniques, and restaurant reviews..', 'is_deleted': 0, 'created_at': 1742551286, 'modified_at': 1742551286}]
(Background on this error at: https://sqlalche.me/e/20/gkpj)
2025-03-21 15:31:35,837 - category_controller.py - FastCRUD -  insert_category - INFO - Attempting to insert new category: FoodscvfdRedccipes

2025-03-21 15:31:43,817 - category_controller.py - FastCRUD -  delete_category - INFO - Attempting to delete category with ID: 24

2025-03-21 15:31:47,165 - category_controller.py - FastCRUD -  delete_category - INFO - Attempting to delete category with ID: 24

2025-03-21 15:31:59,630 - category_controller.py - FastCRUD -  delete_category - INFO - Attempting to delete category with ID: 22

2025-03-21 15:37:17,468 - category_controller.py - FastCRUD -  view_category - ERROR - Error fetching categories
Traceback (most recent call last):
  File "/home/prince/PycharmProjects/FastCRUD/base/api/controller/category/category_controller.py", line 41, in view_category
    result = CategoryService.get_all_categories(db)
             ^^^^^^^^^^^^^^^^^^^^^^^^^^^^^^^^^^^^^^
  File "/home/prince/PycharmProjects/FastCRUD/base/service/category/category_service.py", line 42, in get_all_categories
    ResponseMessageEnum.SUCCESS.value,
    ^^^^^^^^^^^^^^^^^^^^^^^^^^^
  File "/home/prince/anaconda3/envs/DjangoProject/lib/python3.11/enum.py", line 786, in __getattr__
    raise AttributeError(name) from None
AttributeError: SUCCESS
2025-03-21 15:37:54,571 - category_controller.py - FastCRUD -  update_category - INFO - Attempting to update category: ID 8, Name: Cybersecurity

2025-03-21 15:37:54,588 - category_controller.py - FastCRUD -  update_category - ERROR - Error updating category
Traceback (most recent call last):
  File "/home/prince/PycharmProjects/FastCRUD/base/api/controller/category/category_controller.py", line 85, in update_category
    result = CategoryService.update_category(db, id, category_dto)
             ^^^^^^^^^^^^^^^^^^^^^^^^^^^^^^^^^^^^^^^^^^^^^^^^^^^^^
  File "/home/prince/PycharmProjects/FastCRUD/base/service/category/category_service.py", line 106, in update_category
    ResponseMessageEnum.UPDATED_SUCCESSFULLY.value,
    ^^^^^^^^^^^^^^^^^^^^^^^^^^^^^^^^^^^^^^^^
  File "/home/prince/anaconda3/envs/DjangoProject/lib/python3.11/enum.py", line 786, in __getattr__
    raise AttributeError(name) from None
AttributeError: UPDATED_SUCCESSFULLY
2025-03-21 15:48:35,217 - category_controller.py - FastCRUD -  update_category - INFO - Attempting to update category: ID 8, Name: Cybersecurisdty

2025-03-21 15:52:07,904 - category_controller.py - FastCRUD -  insert_category - INFO - Attempting to insert new category: FoodscvfdRedcdccipes

2025-03-21 15:52:36,239 - category_controller.py - FastCRUD -  insert_category - INFO - Attempting to insert new category: FoodscvfdRedcdccipes

2025-03-21 15:52:36,249 - category_controller.py - FastCRUD -  insert_category - ERROR - Error inserting category
Traceback (most recent call last):
  File "/home/prince/.local/lib/python3.11/site-packages/sqlalchemy/engine/base.py", line 1964, in _exec_single_context
    self.dialect.do_execute(
  File "/home/prince/.local/lib/python3.11/site-packages/sqlalchemy/engine/default.py", line 942, in do_execute
    cursor.execute(statement, parameters)
  File "/home/prince/.local/lib/python3.11/site-packages/pymysql/cursors.py", line 153, in execute
    result = self._query(query)
             ^^^^^^^^^^^^^^^^^^
  File "/home/prince/.local/lib/python3.11/site-packages/pymysql/cursors.py", line 322, in _query
    conn.query(q)
  File "/home/prince/.local/lib/python3.11/site-packages/pymysql/connections.py", line 563, in query
    self._affected_rows = self._read_query_result(unbuffered=unbuffered)
                          ^^^^^^^^^^^^^^^^^^^^^^^^^^^^^^^^^^^^^^^^^^^^^^
  File "/home/prince/.local/lib/python3.11/site-packages/pymysql/connections.py", line 825, in _read_query_result
    result.read()
  File "/home/prince/.local/lib/python3.11/site-packages/pymysql/connections.py", line 1199, in read
    first_packet = self.connection._read_packet()
                   ^^^^^^^^^^^^^^^^^^^^^^^^^^^^^^
  File "/home/prince/.local/lib/python3.11/site-packages/pymysql/connections.py", line 775, in _read_packet
    packet.raise_for_error()
  File "/home/prince/.local/lib/python3.11/site-packages/pymysql/protocol.py", line 219, in raise_for_error
    err.raise_mysql_exception(self._data)
  File "/home/prince/.local/lib/python3.11/site-packages/pymysql/err.py", line 150, in raise_mysql_exception
    raise errorclass(errno, errval)
pymysql.err.IntegrityError: (1062, "Duplicate entry 'FoodscvfdRedcdccipes' for key 'category_table.category_name'")

The above exception was the direct cause of the following exception:

Traceback (most recent call last):
  File "/home/prince/PycharmProjects/FastCRUD/base/api/controller/category/category_controller.py", line 30, in insert_category
    result = CategoryService.insert_category(category, db)
             ^^^^^^^^^^^^^^^^^^^^^^^^^^^^^^^^^^^^^^^^^^^^^
  File "/home/prince/PycharmProjects/FastCRUD/base/service/category/category_service.py", line 26, in insert_category
    result = CategoryDAO.insert_category(session, db_category)
             ^^^^^^^^^^^^^^^^^^^^^^^^^^^^^^^^^^^^^^^^^^^^^^^^^
  File "/home/prince/PycharmProjects/FastCRUD/base/dao/category/category_dao.py", line 11, in insert_category
    return MysqlCommonQuery.insert(session, category)
           ^^^^^^^^^^^^^^^^^^^^^^^^^^^^^^^^^^^^^^^^^^
  File "/home/prince/PycharmProjects/FastCRUD/base/client/mysql_common/mysql_common_query.py", line 12, in insert
    session.commit()
  File "/home/prince/.local/lib/python3.11/site-packages/sqlalchemy/orm/session.py", line 2032, in commit
    trans.commit(_to_root=True)
  File "<string>", line 2, in commit
  File "/home/prince/.local/lib/python3.11/site-packages/sqlalchemy/orm/state_changes.py", line 139, in _go
    ret_value = fn(self, *arg, **kw)
                ^^^^^^^^^^^^^^^^^^^^
  File "/home/prince/.local/lib/python3.11/site-packages/sqlalchemy/orm/session.py", line 1313, in commit
    self._prepare_impl()
  File "<string>", line 2, in _prepare_impl
  File "/home/prince/.local/lib/python3.11/site-packages/sqlalchemy/orm/state_changes.py", line 139, in _go
    ret_value = fn(self, *arg, **kw)
                ^^^^^^^^^^^^^^^^^^^^
  File "/home/prince/.local/lib/python3.11/site-packages/sqlalchemy/orm/session.py", line 1288, in _prepare_impl
    self.session.flush()
  File "/home/prince/.local/lib/python3.11/site-packages/sqlalchemy/orm/session.py", line 4353, in flush
    self._flush(objects)
  File "/home/prince/.local/lib/python3.11/site-packages/sqlalchemy/orm/session.py", line 4488, in _flush
    with util.safe_reraise():
  File "/home/prince/.local/lib/python3.11/site-packages/sqlalchemy/util/langhelpers.py", line 146, in __exit__
    raise exc_value.with_traceback(exc_tb)
  File "/home/prince/.local/lib/python3.11/site-packages/sqlalchemy/orm/session.py", line 4449, in _flush
    flush_context.execute()
  File "/home/prince/.local/lib/python3.11/site-packages/sqlalchemy/orm/unitofwork.py", line 466, in execute
    rec.execute(self)
  File "/home/prince/.local/lib/python3.11/site-packages/sqlalchemy/orm/unitofwork.py", line 642, in execute
    util.preloaded.orm_persistence.save_obj(
  File "/home/prince/.local/lib/python3.11/site-packages/sqlalchemy/orm/persistence.py", line 93, in save_obj
    _emit_insert_statements(
  File "/home/prince/.local/lib/python3.11/site-packages/sqlalchemy/orm/persistence.py", line 1233, in _emit_insert_statements
    result = connection.execute(
             ^^^^^^^^^^^^^^^^^^^
  File "/home/prince/.local/lib/python3.11/site-packages/sqlalchemy/engine/base.py", line 1416, in execute
    return meth(
           ^^^^^
  File "/home/prince/.local/lib/python3.11/site-packages/sqlalchemy/sql/elements.py", line 516, in _execute_on_connection
    return connection._execute_clauseelement(
           ^^^^^^^^^^^^^^^^^^^^^^^^^^^^^^^^^^
  File "/home/prince/.local/lib/python3.11/site-packages/sqlalchemy/engine/base.py", line 1638, in _execute_clauseelement
    ret = self._execute_context(
          ^^^^^^^^^^^^^^^^^^^^^^
  File "/home/prince/.local/lib/python3.11/site-packages/sqlalchemy/engine/base.py", line 1843, in _execute_context
    return self._exec_single_context(
           ^^^^^^^^^^^^^^^^^^^^^^^^^^
  File "/home/prince/.local/lib/python3.11/site-packages/sqlalchemy/engine/base.py", line 1983, in _exec_single_context
    self._handle_dbapi_exception(
  File "/home/prince/.local/lib/python3.11/site-packages/sqlalchemy/engine/base.py", line 2352, in _handle_dbapi_exception
    raise sqlalchemy_exception.with_traceback(exc_info[2]) from e
  File "/home/prince/.local/lib/python3.11/site-packages/sqlalchemy/engine/base.py", line 1964, in _exec_single_context
    self.dialect.do_execute(
  File "/home/prince/.local/lib/python3.11/site-packages/sqlalchemy/engine/default.py", line 942, in do_execute
    cursor.execute(statement, parameters)
  File "/home/prince/.local/lib/python3.11/site-packages/pymysql/cursors.py", line 153, in execute
    result = self._query(query)
             ^^^^^^^^^^^^^^^^^^
  File "/home/prince/.local/lib/python3.11/site-packages/pymysql/cursors.py", line 322, in _query
    conn.query(q)
  File "/home/prince/.local/lib/python3.11/site-packages/pymysql/connections.py", line 563, in query
    self._affected_rows = self._read_query_result(unbuffered=unbuffered)
                          ^^^^^^^^^^^^^^^^^^^^^^^^^^^^^^^^^^^^^^^^^^^^^^
  File "/home/prince/.local/lib/python3.11/site-packages/pymysql/connections.py", line 825, in _read_query_result
    result.read()
  File "/home/prince/.local/lib/python3.11/site-packages/pymysql/connections.py", line 1199, in read
    first_packet = self.connection._read_packet()
                   ^^^^^^^^^^^^^^^^^^^^^^^^^^^^^^
  File "/home/prince/.local/lib/python3.11/site-packages/pymysql/connections.py", line 775, in _read_packet
    packet.raise_for_error()
  File "/home/prince/.local/lib/python3.11/site-packages/pymysql/protocol.py", line 219, in raise_for_error
    err.raise_mysql_exception(self._data)
  File "/home/prince/.local/lib/python3.11/site-packages/pymysql/err.py", line 150, in raise_mysql_exception
    raise errorclass(errno, errval)
sqlalchemy.exc.IntegrityError: (pymysql.err.IntegrityError) (1062, "Duplicate entry 'FoodscvfdRedcdccipes' for key 'category_table.category_name'")
[SQL: INSERT INTO category_table (category_name, category_description, is_deleted, created_at, modified_at) VALUES (%(category_name)s, %(category_description)s, %(is_deleted)s, %(created_at)s, %(modified_at)s)]
[parameters: {'category_name': 'FoodscvfdRedcdccipes', 'category_description': 'Delicious recipes, cooking techniques, and restaurant reviews..', 'is_deleted': 0, 'created_at': 1742552556, 'modified_at': 1742552556}]
(Background on this error at: https://sqlalche.me/e/20/gkpj)
2025-03-21 15:54:08,747 - category_controller.py - FastCRUD -  view_category - INFO - {'status_code': 200, 'success': True, 'message': 'Data fetched successfully', 'data': [<base.vo.category_vo.CategoryVO object at 0x72705332fd50>, <base.vo.category_vo.CategoryVO object at 0x72705332fdd0>, <base.vo.category_vo.CategoryVO object at 0x72705332fe50>, <base.vo.category_vo.CategoryVO object at 0x72705332fed0>, <base.vo.category_vo.CategoryVO object at 0x72705332ff50>, <base.vo.category_vo.CategoryVO object at 0x72705290c050>, <base.vo.category_vo.CategoryVO object at 0x72705290c0d0>, <base.vo.category_vo.CategoryVO object at 0x72705290c150>, <base.vo.category_vo.CategoryVO object at 0x72705290c210>, <base.vo.category_vo.CategoryVO object at 0x72705332ffd0>, <base.vo.category_vo.CategoryVO object at 0x72705290c3d0>, <base.vo.category_vo.CategoryVO object at 0x72705290c4d0>]}

2025-03-21 15:55:23,133 - category_controller.py - FastCRUD -  update_category - INFO - Attempting to update category: ID 13, Name: strinwdfrvdcg

2025-03-21 15:55:37,871 - category_controller.py - FastCRUD -  update_category - INFO - Attempting to update category: ID 13, Name: strinwdfrvdcg

2025-03-21 15:56:15,389 - category_controller.py - FastCRUD -  edit_category - INFO - Fetching category details for ID: 25

2025-03-21 15:56:24,847 - category_controller.py - FastCRUD -  delete_category - INFO - Attempting to delete category with ID: 25

2025-03-21 16:27:50,495 - category_controller.py - FastCRUD -  insert_category - INFO - Attempting to insert new category: FoodscvfdRedcdccsdcipes

2025-03-21 16:27:53,665 - category_controller.py - FastCRUD -  view_category - INFO - {'status_code': 200, 'success': True, 'message': 'Data fetched successfully', 'data': [<base.vo.category_vo.CategoryVO object at 0x707768b07e10>, <base.vo.category_vo.CategoryVO object at 0x707768b07e90>, <base.vo.category_vo.CategoryVO object at 0x707768b07f10>, <base.vo.category_vo.CategoryVO object at 0x707768b07f90>, <base.vo.category_vo.CategoryVO object at 0x707768b10050>, <base.vo.category_vo.CategoryVO object at 0x707768b10110>, <base.vo.category_vo.CategoryVO object at 0x707768b10190>, <base.vo.category_vo.CategoryVO object at 0x707768b10210>, <base.vo.category_vo.CategoryVO object at 0x707768b102d0>, <base.vo.category_vo.CategoryVO object at 0x707768b100d0>, <base.vo.category_vo.CategoryVO object at 0x707768b10490>, <base.vo.category_vo.CategoryVO object at 0x707768b10590>]}

2025-03-21 16:27:58,353 - category_controller.py - FastCRUD -  delete_category - INFO - Attempting to delete category with ID: 25

2025-03-21 16:28:04,618 - category_controller.py - FastCRUD -  edit_category - INFO - Fetching category details for ID: 24

2025-03-21 16:28:19,253 - category_controller.py - FastCRUD -  edit_category - INFO - Fetching category details for ID: 1

2025-03-21 16:28:27,078 - category_controller.py - FastCRUD -  update_category - INFO - Attempting to update category: ID 8, Name: Cybersecurisdty

2025-03-21 16:53:12,720 - category_service.py - FastCRUD -  get_all_categories - INFO - Fetched 12 categories

2025-03-21 16:53:12,720 - category_controller.py - FastCRUD -  view_category - INFO - {'status_code': 200, 'success': True, 'message': 'Data fetched successfully', 'data': [<base.vo.category_vo.CategoryVO object at 0x7a9373c20510>, <base.vo.category_vo.CategoryVO object at 0x7a937418d710>, <base.vo.category_vo.CategoryVO object at 0x7a9373c205d0>, <base.vo.category_vo.CategoryVO object at 0x7a9373c20650>, <base.vo.category_vo.CategoryVO object at 0x7a9373c206d0>, <base.vo.category_vo.CategoryVO object at 0x7a9373c20790>, <base.vo.category_vo.CategoryVO object at 0x7a9373c20810>, <base.vo.category_vo.CategoryVO object at 0x7a9373c20890>, <base.vo.category_vo.CategoryVO object at 0x7a9373c20950>, <base.vo.category_vo.CategoryVO object at 0x7a9373c20750>, <base.vo.category_vo.CategoryVO object at 0x7a9373c20b10>, <base.vo.category_vo.CategoryVO object at 0x7a9373c20c10>]}

2025-03-21 16:53:22,721 - category_controller.py - FastCRUD -  delete_category - INFO - Attempting to delete category with ID: 7

2025-03-21 16:53:22,729 - category_service.py - FastCRUD -  delete_category - INFO - Category deleted: ID 7

2025-03-21 16:53:30,978 - category_controller.py - FastCRUD -  edit_category - INFO - Fetching category details for ID: 1

2025-03-21 16:53:30,980 - category_service.py - FastCRUD -  get_category_by_id - INFO - Category retrieved: Sports

2025-03-21 16:53:38,642 - category_controller.py - FastCRUD -  update_category - INFO - Attempting to update category: ID 8, Name: Cybersecurisdty

2025-03-21 16:53:38,652 - category_service.py - FastCRUD -  update_category - INFO - Category updated successfully: ID 8

2025-03-21 16:53:42,962 - category_controller.py - FastCRUD -  insert_category - INFO - Attempting to insert new category: FoodscvfdRedccdccsdcipes

2025-03-21 16:53:42,968 - category_service.py - FastCRUD -  insert_category - INFO - Category inserted successfully: FoodscvfdRedccdccsdcipes

2025-03-21 16:54:11,013 - category_service.py - FastCRUD -  get_all_categories - INFO - Fetched 10 categories

2025-03-21 16:54:11,013 - category_controller.py - FastCRUD -  view_category - INFO - {'status_code': 200, 'success': True, 'message': 'Data fetched successfully', 'data': [<base.vo.category_vo.CategoryVO object at 0x7a9373a3e810>, <base.vo.category_vo.CategoryVO object at 0x7a9373a3e890>, <base.vo.category_vo.CategoryVO object at 0x7a9373a3e910>, <base.vo.category_vo.CategoryVO object at 0x7a9373a3e990>, <base.vo.category_vo.CategoryVO object at 0x7a9373a3ea10>, <base.vo.category_vo.CategoryVO object at 0x7a9373a3ead0>, <base.vo.category_vo.CategoryVO object at 0x7a9373a3eb50>, <base.vo.category_vo.CategoryVO object at 0x7a9373a3ebd0>, <base.vo.category_vo.CategoryVO object at 0x7a9373a3ec50>, <base.vo.category_vo.CategoryVO object at 0x7a9373a3ea90>]}

2025-03-21 16:54:21,319 - category_controller.py - FastCRUD -  update_category - INFO - Attempting to update category: ID 14, Name: Cybersecurisdty

2025-03-21 16:54:21,321 - category_service.py - FastCRUD -  update_category - WARNING - Category not found for update: ID 14

2025-03-21 17:09:08,363 - category_service.py - FastCRUD -  get_all_categories - INFO - Fetched 10 categories

2025-03-21 17:09:08,363 - category_controller.py - FastCRUD -  view_category - INFO - {'status_code': 200, 'success': True, 'message': 'Data fetched successfully', 'data': [<base.vo.category_vo.CategoryVO object at 0x705434f2bf50>, <base.vo.category_vo.CategoryVO object at 0x705434f2bfd0>, <base.vo.category_vo.CategoryVO object at 0x705434508090>, <base.vo.category_vo.CategoryVO object at 0x705434508110>, <base.vo.category_vo.CategoryVO object at 0x705434508190>, <base.vo.category_vo.CategoryVO object at 0x705434508250>, <base.vo.category_vo.CategoryVO object at 0x7054345082d0>, <base.vo.category_vo.CategoryVO object at 0x705434508350>, <base.vo.category_vo.CategoryVO object at 0x705434508410>, <base.vo.category_vo.CategoryVO object at 0x705434508210>]}

2025-03-21 17:09:57,875 - category_service.py - FastCRUD -  get_all_categories - INFO - Fetched 10 categories

2025-03-21 17:09:57,875 - category_controller.py - FastCRUD -  view_category - INFO - {'status_code': 200, 'success': True, 'message': 'Data fetched successfully', 'data': [<base.vo.category_vo.CategoryVO object at 0x728d5ab1c150>, <base.vo.category_vo.CategoryVO object at 0x728d5ab1c1d0>, <base.vo.category_vo.CategoryVO object at 0x728d5ab1c250>, <base.vo.category_vo.CategoryVO object at 0x728d5ab1c2d0>, <base.vo.category_vo.CategoryVO object at 0x728d5ab1c350>, <base.vo.category_vo.CategoryVO object at 0x728d5ab1c410>, <base.vo.category_vo.CategoryVO object at 0x728d5ab1c490>, <base.vo.category_vo.CategoryVO object at 0x728d5ab1c510>, <base.vo.category_vo.CategoryVO object at 0x728d5ab1c5d0>, <base.vo.category_vo.CategoryVO object at 0x728d5ab1c3d0>]}

2025-03-21 17:13:10,153 - category_service.py - FastCRUD -  get_all_categories - INFO - Fetched 10 categories

2025-03-21 17:13:10,154 - category_controller.py - FastCRUD -  view_category - INFO - {'status_code': 200, 'success': True, 'message': 'Data fetched successfully', 'data': [<base.vo.category_vo.CategoryVO object at 0x73fb05527c90>, <base.vo.category_vo.CategoryVO object at 0x73fb06289fd0>, <base.vo.category_vo.CategoryVO object at 0x73fb05527cd0>, <base.vo.category_vo.CategoryVO object at 0x73fb05527d50>, <base.vo.category_vo.CategoryVO object at 0x73fb05527dd0>, <base.vo.category_vo.CategoryVO object at 0x73fb05527e90>, <base.vo.category_vo.CategoryVO object at 0x73fb05527f10>, <base.vo.category_vo.CategoryVO object at 0x73fb05527f90>, <base.vo.category_vo.CategoryVO object at 0x73fb04b04090>, <base.vo.category_vo.CategoryVO object at 0x73fb05527e50>]}

2025-03-21 17:17:33,153 - category_service.py - FastCRUD -  get_all_categories - INFO - Fetched 10 categories

2025-03-21 17:17:33,153 - category_controller.py - FastCRUD -  view_category - INFO - {'status_code': 200, 'success': True, 'message': 'Data fetched successfully', 'data': [<base.vo.category_vo.CategoryVO object at 0x73fb05527e10>, <base.vo.category_vo.CategoryVO object at 0x73fb05527d10>, <base.vo.category_vo.CategoryVO object at 0x73fb05aa40d0>, <base.vo.category_vo.CategoryVO object at 0x73fb04b04590>, <base.vo.category_vo.CategoryVO object at 0x73fb04b04510>, <base.vo.category_vo.CategoryVO object at 0x73fb04b04350>, <base.vo.category_vo.CategoryVO object at 0x73fb04b04250>, <base.vo.category_vo.CategoryVO object at 0x73fb04b040d0>, <base.vo.category_vo.CategoryVO object at 0x73fb04b06450>, <base.vo.category_vo.CategoryVO object at 0x73fb04b04410>]}

2025-03-21 17:18:19,366 - category_service.py - FastCRUD -  get_all_categories - INFO - Fetched 10 categories

2025-03-21 17:18:19,366 - category_controller.py - FastCRUD -  view_category - INFO - {'status_code': 200, 'success': True, 'message': 'Data fetched successfully', 'data': [<base.vo.category_vo.CategoryVO object at 0x706fbad0cc90>, <base.vo.category_vo.CategoryVO object at 0x706fbad0cd10>, <base.vo.category_vo.CategoryVO object at 0x706fbad0cd90>, <base.vo.category_vo.CategoryVO object at 0x706fbad0ce10>, <base.vo.category_vo.CategoryVO object at 0x706fbad0ce90>, <base.vo.category_vo.CategoryVO object at 0x706fbad0cf50>, <base.vo.category_vo.CategoryVO object at 0x706fbad0cfd0>, <base.vo.category_vo.CategoryVO object at 0x706fbad0d050>, <base.vo.category_vo.CategoryVO object at 0x706fbad0d0d0>, <base.vo.category_vo.CategoryVO object at 0x706fbad0cf10>]}

2025-03-21 17:18:54,220 - category_service.py - FastCRUD -  get_all_categories - INFO - Fetched 10 categories

2025-03-21 17:18:54,220 - category_controller.py - FastCRUD -  view_category - INFO - {'status_code': 200, 'success': True, 'message': 'Data fetched successfully', 'data': [<base.vo.category_vo.CategoryVO object at 0x7cc55690c790>, <base.vo.category_vo.CategoryVO object at 0x7cc55690c850>, <base.vo.category_vo.CategoryVO object at 0x7cc55690c750>, <base.vo.category_vo.CategoryVO object at 0x7cc55690d250>, <base.vo.category_vo.CategoryVO object at 0x7cc55690d2d0>, <base.vo.category_vo.CategoryVO object at 0x7cc55690d390>, <base.vo.category_vo.CategoryVO object at 0x7cc55690d410>, <base.vo.category_vo.CategoryVO object at 0x7cc55690d490>, <base.vo.category_vo.CategoryVO object at 0x7cc55690d510>, <base.vo.category_vo.CategoryVO object at 0x7cc55690d350>]}

2025-03-21 17:59:18,580 - category_controller.py - FastCRUD -  insert_category - INFO - Attempting to insert new category: fashion

2025-03-21 17:59:18,614 - category_service.py - FastCRUD -  insert_category - INFO - Category inserted successfully: fashion

2025-03-24 10:01:07,415 - category_controller.py - FastCRUD -  insert_category - INFO - Attempting to insert new category: strindcfv g

2025-03-24 10:01:07,483 - category_service.py - FastCRUD -  insert_category - INFO - Category inserted successfully: strindcfv g

2025-03-24 10:01:12,374 - category_service.py - FastCRUD -  get_all_categories - INFO - Fetched 12 categories

2025-03-24 10:01:12,375 - category_controller.py - FastCRUD -  view_category - INFO - {'status_code': 200, 'success': True, 'message': 'Data fetched successfully', 'data': [<base.vo.category_vo.CategoryVO object at 0x734dcb563590>, <base.vo.category_vo.CategoryVO object at 0x734dcb563610>, <base.vo.category_vo.CategoryVO object at 0x734dcb563690>, <base.vo.category_vo.CategoryVO object at 0x734dcb563710>, <base.vo.category_vo.CategoryVO object at 0x734dcb563790>, <base.vo.category_vo.CategoryVO object at 0x734dcb563850>, <base.vo.category_vo.CategoryVO object at 0x734dcb5638d0>, <base.vo.category_vo.CategoryVO object at 0x734dcb563950>, <base.vo.category_vo.CategoryVO object at 0x734dcb5639d0>, <base.vo.category_vo.CategoryVO object at 0x734dcb563810>, <base.vo.category_vo.CategoryVO object at 0x734dcb563a90>, <base.vo.category_vo.CategoryVO object at 0x734dcb563b10>]}

2025-03-24 10:05:28,684 - category_controller.py - FastCRUD -  delete_category - INFO - Attempting to delete category with ID: 30

2025-03-24 10:05:28,694 - category_service.py - FastCRUD -  delete_category - INFO - Category deleted: ID 30

2025-03-24 10:06:51,424 - category_service.py - FastCRUD -  get_all_categories - INFO - Fetched 11 categories

2025-03-24 10:06:51,424 - category_controller.py - FastCRUD -  view_category - INFO - {'status_code': 200, 'success': True, 'message': 'Data fetched successfully', 'data': [<base.vo.category_vo.CategoryVO object at 0x7aaa3f71df50>, <base.vo.category_vo.CategoryVO object at 0x7aaa3f71dfd0>, <base.vo.category_vo.CategoryVO object at 0x7aaa3f71e050>, <base.vo.category_vo.CategoryVO object at 0x7aaa3f71e0d0>, <base.vo.category_vo.CategoryVO object at 0x7aaa3f71e150>, <base.vo.category_vo.CategoryVO object at 0x7aaa3f71e210>, <base.vo.category_vo.CategoryVO object at 0x7aaa3f71e290>, <base.vo.category_vo.CategoryVO object at 0x7aaa3f71e310>, <base.vo.category_vo.CategoryVO object at 0x7aaa3f71e390>, <base.vo.category_vo.CategoryVO object at 0x7aaa3f71e1d0>, <base.vo.category_vo.CategoryVO object at 0x7aaa3f71e450>]}

2025-03-24 10:13:29,537 - category_service.py - FastCRUD -  get_all_categories - INFO - Fetched 11 categories

2025-03-24 10:13:29,538 - category_controller.py - FastCRUD -  view_category - INFO - {'status_code': 200, 'success': True, 'message': 'Data fetched successfully', 'data': [<base.vo.category_vo.CategoryVO object at 0x769441d19d90>, <base.vo.category_vo.CategoryVO object at 0x769441d19e10>, <base.vo.category_vo.CategoryVO object at 0x769441d19e90>, <base.vo.category_vo.CategoryVO object at 0x769441d19f10>, <base.vo.category_vo.CategoryVO object at 0x769441d19f90>, <base.vo.category_vo.CategoryVO object at 0x769441d1a050>, <base.vo.category_vo.CategoryVO object at 0x769441d1a0d0>, <base.vo.category_vo.CategoryVO object at 0x769441d1a150>, <base.vo.category_vo.CategoryVO object at 0x769441d1a1d0>, <base.vo.category_vo.CategoryVO object at 0x769441d1a010>, <base.vo.category_vo.CategoryVO object at 0x769441d1a290>]}

2025-03-24 10:13:35,542 - category_controller.py - FastCRUD -  insert_category - INFO - Attempting to insert new category: stdcvfring

2025-03-24 10:13:35,550 - category_service.py - FastCRUD -  insert_category - INFO - Category inserted successfully: stdcvfring

2025-03-24 10:13:49,205 - category_controller.py - FastCRUD -  delete_category - INFO - Attempting to delete category with ID: 31

2025-03-24 10:13:49,212 - category_service.py - FastCRUD -  delete_category - INFO - Category deleted: ID 31

2025-03-24 10:14:01,828 - category_controller.py - FastCRUD -  edit_category - INFO - Fetching category details for ID: 31

2025-03-24 10:14:01,830 - category_service.py - FastCRUD -  get_category_by_id - WARNING - Category not found: ID 31

2025-03-24 10:14:05,431 - category_controller.py - FastCRUD -  edit_category - INFO - Fetching category details for ID: 29

2025-03-24 10:14:05,433 - category_service.py - FastCRUD -  get_category_by_id - INFO - Category retrieved: fashion

2025-03-24 10:14:15,924 - category_controller.py - FastCRUD -  update_category - INFO - Attempting to update category: ID 29, Name: stringvf

2025-03-24 10:14:15,933 - category_service.py - FastCRUD -  update_category - INFO - Category updated successfully: ID 29

2025-03-24 10:18:04,053 - category_service.py - FastCRUD -  get_all_categories_service - INFO - Fetched 11 categories

2025-03-24 10:18:04,053 - category_controller.py - FastCRUD -  view_category_controller - INFO - {'status_code': 200, 'success': True, 'message': 'Data fetched successfully', 'data': [<base.vo.category_vo.CategoryVO object at 0x707f3c30f1d0>, <base.vo.category_vo.CategoryVO object at 0x707f3c30f250>, <base.vo.category_vo.CategoryVO object at 0x707f3c30f2d0>, <base.vo.category_vo.CategoryVO object at 0x707f3c30f350>, <base.vo.category_vo.CategoryVO object at 0x707f3c30f3d0>, <base.vo.category_vo.CategoryVO object at 0x707f3c30f490>, <base.vo.category_vo.CategoryVO object at 0x707f3c30f510>, <base.vo.category_vo.CategoryVO object at 0x707f3c30f590>, <base.vo.category_vo.CategoryVO object at 0x707f3c30f610>, <base.vo.category_vo.CategoryVO object at 0x707f3c30f450>, <base.vo.category_vo.CategoryVO object at 0x707f3c30f6d0>]}

2025-03-24 10:37:01,269 - category_service.py - FastCRUD -  get_all_categories_service - INFO - Fetched 11 categories

2025-03-24 10:37:01,269 - category_controller.py - FastCRUD -  view_category_controller - INFO - {'status_code': 200, 'success': True, 'message': 'Data fetched successfully', 'data': [<base.vo.category_vo.CategoryVO object at 0x78074c72dd50>, <base.vo.category_vo.CategoryVO object at 0x78074c72ddd0>, <base.vo.category_vo.CategoryVO object at 0x78074c72de50>, <base.vo.category_vo.CategoryVO object at 0x78074c72ded0>, <base.vo.category_vo.CategoryVO object at 0x78074c72df50>, <base.vo.category_vo.CategoryVO object at 0x78074c72e010>, <base.vo.category_vo.CategoryVO object at 0x78074c72e090>, <base.vo.category_vo.CategoryVO object at 0x78074c72e110>, <base.vo.category_vo.CategoryVO object at 0x78074c72e190>, <base.vo.category_vo.CategoryVO object at 0x78074c72dfd0>, <base.vo.category_vo.CategoryVO object at 0x78074c72e250>]}

2025-03-24 10:44:07,035 - category_service.py - FastCRUD -  get_all_categories_service - INFO - Fetched 11 categories

2025-03-24 10:44:07,036 - category_controller.py - FastCRUD -  view_category_controller - INFO - {'status_code': 200, 'success': True, 'message': 'Data fetched successfully', 'data': [<base.vo.category_vo.CategoryVO object at 0x7110bfb1d8d0>, <base.vo.category_vo.CategoryVO object at 0x7110bfb1d950>, <base.vo.category_vo.CategoryVO object at 0x7110bfb1d9d0>, <base.vo.category_vo.CategoryVO object at 0x7110bfb1da50>, <base.vo.category_vo.CategoryVO object at 0x7110bfb1dad0>, <base.vo.category_vo.CategoryVO object at 0x7110bfb1db90>, <base.vo.category_vo.CategoryVO object at 0x7110bfb1dc10>, <base.vo.category_vo.CategoryVO object at 0x7110bfb1dc90>, <base.vo.category_vo.CategoryVO object at 0x7110bfb1dd10>, <base.vo.category_vo.CategoryVO object at 0x7110bfb1db50>, <base.vo.category_vo.CategoryVO object at 0x7110bfb1ddd0>]}

2025-03-24 11:00:15,208 - category_controller.py - FastCRUD -  insert_category_controller - INFO - Attempting to insert new category: stridsfgbng

2025-03-24 11:00:15,225 - category_service.py - FastCRUD -  insert_category_service - INFO - Category inserted successfully: stridsfgbng

2025-03-24 11:00:23,044 - category_service.py - FastCRUD -  get_all_categories_service - INFO - Fetched 12 categories

2025-03-24 11:00:23,044 - category_controller.py - FastCRUD -  view_category_controller - INFO - {'status_code': 200, 'success': True, 'message': 'Data fetched successfully', 'data': [<base.vo.category_vo.CategoryVO object at 0x72a37bd2c910>, <base.vo.category_vo.CategoryVO object at 0x72a37bd2c990>, <base.vo.category_vo.CategoryVO object at 0x72a37bd2ca10>, <base.vo.category_vo.CategoryVO object at 0x72a37bd2ca90>, <base.vo.category_vo.CategoryVO object at 0x72a37bd2cb10>, <base.vo.category_vo.CategoryVO object at 0x72a37bd2cbd0>, <base.vo.category_vo.CategoryVO object at 0x72a37bd2cc50>, <base.vo.category_vo.CategoryVO object at 0x72a37bd2ccd0>, <base.vo.category_vo.CategoryVO object at 0x72a37bd2cd50>, <base.vo.category_vo.CategoryVO object at 0x72a37bd2cb90>, <base.vo.category_vo.CategoryVO object at 0x72a37bd2cf10>, <base.vo.category_vo.CategoryVO object at 0x72a37bd2d010>]}

2025-03-24 11:03:00,885 - category_controller.py - FastCRUD -  delete_category_controller - INFO - Attempting to delete category with ID: 32

2025-03-24 11:03:00,896 - category_service.py - FastCRUD -  delete_category_service - INFO - Category deleted: ID 32

2025-03-24 11:04:57,597 - category_controller.py - FastCRUD -  edit_category_controller - INFO - Fetching category details for ID: 29

2025-03-24 11:04:57,599 - category_service.py - FastCRUD -  get_category_by_id_service - INFO - Category retrieved: stringvf

2025-03-24 11:59:58,567 - subcategory_service.py - FastCRUD -  insert_subcategory_service - ERROR - Error inserting subcategory
Traceback (most recent call last):
  File "/home/prince/.local/lib/python3.11/site-packages/sqlalchemy/orm/mapper.py", line 2522, in get_property
    return self._props[key]
           ~~~~~~~~~~~^^^^^
KeyError: 'subcategories'

The above exception was the direct cause of the following exception:

Traceback (most recent call last):
  File "/home/prince/PycharmProjects/FastCRUD/base/service/subcategory/subcategory_service.py", line 24, in insert_subcategory_service
    subcategory_vo = SubcategoryVO(**subcategory_dto.model_dump())
                     ^^^^^^^^^^^^^^^^^^^^^^^^^^^^^^^^^^^^^^^^^^^^^
  File "<string>", line 4, in __init__
  File "/home/prince/.local/lib/python3.11/site-packages/sqlalchemy/orm/state.py", line 566, in _initialize_instance
    manager.dispatch.init(self, args, kwargs)
  File "/home/prince/.local/lib/python3.11/site-packages/sqlalchemy/event/attr.py", line 497, in __call__
    fn(*args, **kw)
  File "/home/prince/.local/lib/python3.11/site-packages/sqlalchemy/orm/mapper.py", line 4405, in _event_on_init
    instrumenting_mapper._check_configure()
  File "/home/prince/.local/lib/python3.11/site-packages/sqlalchemy/orm/mapper.py", line 2401, in _check_configure
    _configure_registries({self.registry}, cascade=True)
  File "/home/prince/.local/lib/python3.11/site-packages/sqlalchemy/orm/mapper.py", line 4213, in _configure_registries
    _do_configure_registries(registries, cascade)
  File "/home/prince/.local/lib/python3.11/site-packages/sqlalchemy/orm/mapper.py", line 4254, in _do_configure_registries
    mapper._post_configure_properties()
  File "/home/prince/.local/lib/python3.11/site-packages/sqlalchemy/orm/mapper.py", line 2418, in _post_configure_properties
    prop.init()
  File "/home/prince/.local/lib/python3.11/site-packages/sqlalchemy/orm/interfaces.py", line 589, in init
    self.do_init()
  File "/home/prince/.local/lib/python3.11/site-packages/sqlalchemy/orm/relationships.py", line 1661, in do_init
    self._generate_backref()
  File "/home/prince/.local/lib/python3.11/site-packages/sqlalchemy/orm/relationships.py", line 2147, in _generate_backref
    self._add_reverse_property(self.back_populates)
  File "/home/prince/.local/lib/python3.11/site-packages/sqlalchemy/orm/relationships.py", line 1592, in _add_reverse_property
    other = self.mapper.get_property(key, _configure_mappers=False)
            ^^^^^^^^^^^^^^^^^^^^^^^^^^^^^^^^^^^^^^^^^^^^^^^^^^^^^^^
  File "/home/prince/.local/lib/python3.11/site-packages/sqlalchemy/orm/mapper.py", line 2524, in get_property
    raise sa_exc.InvalidRequestError(
sqlalchemy.exc.InvalidRequestError: Mapper 'Mapper[CategoryVO(category_table)]' has no property 'subcategories'.  If this property was indicated from other mappers or configure events, ensure registry.configure() has been called.
2025-03-24 12:00:32,903 - subcategory_service.py - FastCRUD -  insert_subcategory_service - ERROR - Error inserting subcategory
Traceback (most recent call last):
  File "/home/prince/.local/lib/python3.11/site-packages/sqlalchemy/orm/mapper.py", line 2522, in get_property
    return self._props[key]
           ~~~~~~~~~~~^^^^^
KeyError: 'subcategory_table'

The above exception was the direct cause of the following exception:

Traceback (most recent call last):
  File "/home/prince/PycharmProjects/FastCRUD/base/service/subcategory/subcategory_service.py", line 24, in insert_subcategory_service
    subcategory_vo = SubcategoryVO(**subcategory_dto.model_dump())
                     ^^^^^^^^^^^^^^^^^^^^^^^^^^^^^^^^^^^^^^^^^^^^^
  File "<string>", line 4, in __init__
  File "/home/prince/.local/lib/python3.11/site-packages/sqlalchemy/orm/state.py", line 566, in _initialize_instance
    manager.dispatch.init(self, args, kwargs)
  File "/home/prince/.local/lib/python3.11/site-packages/sqlalchemy/event/attr.py", line 497, in __call__
    fn(*args, **kw)
  File "/home/prince/.local/lib/python3.11/site-packages/sqlalchemy/orm/mapper.py", line 4405, in _event_on_init
    instrumenting_mapper._check_configure()
  File "/home/prince/.local/lib/python3.11/site-packages/sqlalchemy/orm/mapper.py", line 2401, in _check_configure
    _configure_registries({self.registry}, cascade=True)
  File "/home/prince/.local/lib/python3.11/site-packages/sqlalchemy/orm/mapper.py", line 4213, in _configure_registries
    _do_configure_registries(registries, cascade)
  File "/home/prince/.local/lib/python3.11/site-packages/sqlalchemy/orm/mapper.py", line 4254, in _do_configure_registries
    mapper._post_configure_properties()
  File "/home/prince/.local/lib/python3.11/site-packages/sqlalchemy/orm/mapper.py", line 2418, in _post_configure_properties
    prop.init()
  File "/home/prince/.local/lib/python3.11/site-packages/sqlalchemy/orm/interfaces.py", line 589, in init
    self.do_init()
  File "/home/prince/.local/lib/python3.11/site-packages/sqlalchemy/orm/relationships.py", line 1661, in do_init
    self._generate_backref()
  File "/home/prince/.local/lib/python3.11/site-packages/sqlalchemy/orm/relationships.py", line 2147, in _generate_backref
    self._add_reverse_property(self.back_populates)
  File "/home/prince/.local/lib/python3.11/site-packages/sqlalchemy/orm/relationships.py", line 1592, in _add_reverse_property
    other = self.mapper.get_property(key, _configure_mappers=False)
            ^^^^^^^^^^^^^^^^^^^^^^^^^^^^^^^^^^^^^^^^^^^^^^^^^^^^^^^
  File "/home/prince/.local/lib/python3.11/site-packages/sqlalchemy/orm/mapper.py", line 2524, in get_property
    raise sa_exc.InvalidRequestError(
sqlalchemy.exc.InvalidRequestError: Mapper 'Mapper[CategoryVO(category_table)]' has no property 'subcategory_table'.  If this property was indicated from other mappers or configure events, ensure registry.configure() has been called.
2025-03-24 12:00:37,960 - subcategory_service.py - FastCRUD -  insert_subcategory_service - ERROR - Error inserting subcategory
Traceback (most recent call last):
  File "/home/prince/.local/lib/python3.11/site-packages/sqlalchemy/orm/mapper.py", line 2522, in get_property
    return self._props[key]
           ~~~~~~~~~~~^^^^^
KeyError: 'subcategory_table'

The above exception was the direct cause of the following exception:

Traceback (most recent call last):
  File "/home/prince/PycharmProjects/FastCRUD/base/service/subcategory/subcategory_service.py", line 24, in insert_subcategory_service
    subcategory_vo = SubcategoryVO(**subcategory_dto.model_dump())
                     ^^^^^^^^^^^^^^^^^^^^^^^^^^^^^^^^^^^^^^^^^^^^^
  File "<string>", line 4, in __init__
  File "/home/prince/.local/lib/python3.11/site-packages/sqlalchemy/orm/state.py", line 566, in _initialize_instance
    manager.dispatch.init(self, args, kwargs)
  File "/home/prince/.local/lib/python3.11/site-packages/sqlalchemy/event/attr.py", line 497, in __call__
    fn(*args, **kw)
  File "/home/prince/.local/lib/python3.11/site-packages/sqlalchemy/orm/mapper.py", line 4405, in _event_on_init
    instrumenting_mapper._check_configure()
  File "/home/prince/.local/lib/python3.11/site-packages/sqlalchemy/orm/mapper.py", line 2401, in _check_configure
    _configure_registries({self.registry}, cascade=True)
  File "/home/prince/.local/lib/python3.11/site-packages/sqlalchemy/orm/mapper.py", line 4213, in _configure_registries
    _do_configure_registries(registries, cascade)
  File "/home/prince/.local/lib/python3.11/site-packages/sqlalchemy/orm/mapper.py", line 4254, in _do_configure_registries
    mapper._post_configure_properties()
  File "/home/prince/.local/lib/python3.11/site-packages/sqlalchemy/orm/mapper.py", line 2418, in _post_configure_properties
    prop.init()
  File "/home/prince/.local/lib/python3.11/site-packages/sqlalchemy/orm/interfaces.py", line 589, in init
    self.do_init()
  File "/home/prince/.local/lib/python3.11/site-packages/sqlalchemy/orm/relationships.py", line 1661, in do_init
    self._generate_backref()
  File "/home/prince/.local/lib/python3.11/site-packages/sqlalchemy/orm/relationships.py", line 2147, in _generate_backref
    self._add_reverse_property(self.back_populates)
  File "/home/prince/.local/lib/python3.11/site-packages/sqlalchemy/orm/relationships.py", line 1592, in _add_reverse_property
    other = self.mapper.get_property(key, _configure_mappers=False)
            ^^^^^^^^^^^^^^^^^^^^^^^^^^^^^^^^^^^^^^^^^^^^^^^^^^^^^^^
  File "/home/prince/.local/lib/python3.11/site-packages/sqlalchemy/orm/mapper.py", line 2524, in get_property
    raise sa_exc.InvalidRequestError(
sqlalchemy.exc.InvalidRequestError: Mapper 'Mapper[CategoryVO(category_table)]' has no property 'subcategory_table'.  If this property was indicated from other mappers or configure events, ensure registry.configure() has been called.
2025-03-24 12:02:09,383 - subcategory_service.py - FastCRUD -  insert_subcategory_service - ERROR - Error inserting subcategory
Traceback (most recent call last):
  File "/home/prince/.local/lib/python3.11/site-packages/sqlalchemy/engine/base.py", line 1964, in _exec_single_context
    self.dialect.do_execute(
  File "/home/prince/.local/lib/python3.11/site-packages/sqlalchemy/engine/default.py", line 942, in do_execute
    cursor.execute(statement, parameters)
  File "/home/prince/.local/lib/python3.11/site-packages/pymysql/cursors.py", line 153, in execute
    result = self._query(query)
             ^^^^^^^^^^^^^^^^^^
  File "/home/prince/.local/lib/python3.11/site-packages/pymysql/cursors.py", line 322, in _query
    conn.query(q)
  File "/home/prince/.local/lib/python3.11/site-packages/pymysql/connections.py", line 563, in query
    self._affected_rows = self._read_query_result(unbuffered=unbuffered)
                          ^^^^^^^^^^^^^^^^^^^^^^^^^^^^^^^^^^^^^^^^^^^^^^
  File "/home/prince/.local/lib/python3.11/site-packages/pymysql/connections.py", line 825, in _read_query_result
    result.read()
  File "/home/prince/.local/lib/python3.11/site-packages/pymysql/connections.py", line 1199, in read
    first_packet = self.connection._read_packet()
                   ^^^^^^^^^^^^^^^^^^^^^^^^^^^^^^
  File "/home/prince/.local/lib/python3.11/site-packages/pymysql/connections.py", line 775, in _read_packet
    packet.raise_for_error()
  File "/home/prince/.local/lib/python3.11/site-packages/pymysql/protocol.py", line 219, in raise_for_error
    err.raise_mysql_exception(self._data)
  File "/home/prince/.local/lib/python3.11/site-packages/pymysql/err.py", line 150, in raise_mysql_exception
    raise errorclass(errno, errval)
pymysql.err.ProgrammingError: (1146, "Table 'FASTCRUD_DB.subcategory_table' doesn't exist")

The above exception was the direct cause of the following exception:

Traceback (most recent call last):
  File "/home/prince/PycharmProjects/FastCRUD/base/service/subcategory/subcategory_service.py", line 27, in insert_subcategory_service
    result = SubcategoryDAO.insert_subcategory_dao(subcategory_vo, session)
             ^^^^^^^^^^^^^^^^^^^^^^^^^^^^^^^^^^^^^^^^^^^^^^^^^^^^^^^^^^^^^^
  File "/home/prince/PycharmProjects/FastCRUD/base/dao/subcategory/subcategory_dao.py", line 8, in insert_subcategory_dao
    return MysqlCommonQuery.insert_query(subcategory_vo, session)
           ^^^^^^^^^^^^^^^^^^^^^^^^^^^^^^^^^^^^^^^^^^^^^^^^^^^^^^
  File "/home/prince/PycharmProjects/FastCRUD/base/client/mysql_common/mysql_common_query.py", line 11, in insert_query
    session.commit()
  File "/home/prince/.local/lib/python3.11/site-packages/sqlalchemy/orm/session.py", line 2032, in commit
    trans.commit(_to_root=True)
  File "<string>", line 2, in commit
  File "/home/prince/.local/lib/python3.11/site-packages/sqlalchemy/orm/state_changes.py", line 139, in _go
    ret_value = fn(self, *arg, **kw)
                ^^^^^^^^^^^^^^^^^^^^
  File "/home/prince/.local/lib/python3.11/site-packages/sqlalchemy/orm/session.py", line 1313, in commit
    self._prepare_impl()
  File "<string>", line 2, in _prepare_impl
  File "/home/prince/.local/lib/python3.11/site-packages/sqlalchemy/orm/state_changes.py", line 139, in _go
    ret_value = fn(self, *arg, **kw)
                ^^^^^^^^^^^^^^^^^^^^
  File "/home/prince/.local/lib/python3.11/site-packages/sqlalchemy/orm/session.py", line 1288, in _prepare_impl
    self.session.flush()
  File "/home/prince/.local/lib/python3.11/site-packages/sqlalchemy/orm/session.py", line 4353, in flush
    self._flush(objects)
  File "/home/prince/.local/lib/python3.11/site-packages/sqlalchemy/orm/session.py", line 4488, in _flush
    with util.safe_reraise():
  File "/home/prince/.local/lib/python3.11/site-packages/sqlalchemy/util/langhelpers.py", line 146, in __exit__
    raise exc_value.with_traceback(exc_tb)
  File "/home/prince/.local/lib/python3.11/site-packages/sqlalchemy/orm/session.py", line 4449, in _flush
    flush_context.execute()
  File "/home/prince/.local/lib/python3.11/site-packages/sqlalchemy/orm/unitofwork.py", line 466, in execute
    rec.execute(self)
  File "/home/prince/.local/lib/python3.11/site-packages/sqlalchemy/orm/unitofwork.py", line 642, in execute
    util.preloaded.orm_persistence.save_obj(
  File "/home/prince/.local/lib/python3.11/site-packages/sqlalchemy/orm/persistence.py", line 93, in save_obj
    _emit_insert_statements(
  File "/home/prince/.local/lib/python3.11/site-packages/sqlalchemy/orm/persistence.py", line 1233, in _emit_insert_statements
    result = connection.execute(
             ^^^^^^^^^^^^^^^^^^^
  File "/home/prince/.local/lib/python3.11/site-packages/sqlalchemy/engine/base.py", line 1416, in execute
    return meth(
           ^^^^^
  File "/home/prince/.local/lib/python3.11/site-packages/sqlalchemy/sql/elements.py", line 516, in _execute_on_connection
    return connection._execute_clauseelement(
           ^^^^^^^^^^^^^^^^^^^^^^^^^^^^^^^^^^
  File "/home/prince/.local/lib/python3.11/site-packages/sqlalchemy/engine/base.py", line 1638, in _execute_clauseelement
    ret = self._execute_context(
          ^^^^^^^^^^^^^^^^^^^^^^
  File "/home/prince/.local/lib/python3.11/site-packages/sqlalchemy/engine/base.py", line 1843, in _execute_context
    return self._exec_single_context(
           ^^^^^^^^^^^^^^^^^^^^^^^^^^
  File "/home/prince/.local/lib/python3.11/site-packages/sqlalchemy/engine/base.py", line 1983, in _exec_single_context
    self._handle_dbapi_exception(
  File "/home/prince/.local/lib/python3.11/site-packages/sqlalchemy/engine/base.py", line 2352, in _handle_dbapi_exception
    raise sqlalchemy_exception.with_traceback(exc_info[2]) from e
  File "/home/prince/.local/lib/python3.11/site-packages/sqlalchemy/engine/base.py", line 1964, in _exec_single_context
    self.dialect.do_execute(
  File "/home/prince/.local/lib/python3.11/site-packages/sqlalchemy/engine/default.py", line 942, in do_execute
    cursor.execute(statement, parameters)
  File "/home/prince/.local/lib/python3.11/site-packages/pymysql/cursors.py", line 153, in execute
    result = self._query(query)
             ^^^^^^^^^^^^^^^^^^
  File "/home/prince/.local/lib/python3.11/site-packages/pymysql/cursors.py", line 322, in _query
    conn.query(q)
  File "/home/prince/.local/lib/python3.11/site-packages/pymysql/connections.py", line 563, in query
    self._affected_rows = self._read_query_result(unbuffered=unbuffered)
                          ^^^^^^^^^^^^^^^^^^^^^^^^^^^^^^^^^^^^^^^^^^^^^^
  File "/home/prince/.local/lib/python3.11/site-packages/pymysql/connections.py", line 825, in _read_query_result
    result.read()
  File "/home/prince/.local/lib/python3.11/site-packages/pymysql/connections.py", line 1199, in read
    first_packet = self.connection._read_packet()
                   ^^^^^^^^^^^^^^^^^^^^^^^^^^^^^^
  File "/home/prince/.local/lib/python3.11/site-packages/pymysql/connections.py", line 775, in _read_packet
    packet.raise_for_error()
  File "/home/prince/.local/lib/python3.11/site-packages/pymysql/protocol.py", line 219, in raise_for_error
    err.raise_mysql_exception(self._data)
  File "/home/prince/.local/lib/python3.11/site-packages/pymysql/err.py", line 150, in raise_mysql_exception
    raise errorclass(errno, errval)
sqlalchemy.exc.ProgrammingError: (pymysql.err.ProgrammingError) (1146, "Table 'FASTCRUD_DB.subcategory_table' doesn't exist")
[SQL: INSERT INTO subcategory_table (category_id, subcategory_name, subcategory_description, is_deleted, created_at, modified_at) VALUES (%(category_id)s, %(subcategory_name)s, %(subcategory_description)s, %(is_deleted)s, %(created_at)s, %(modified_at)s)]
[parameters: {'category_id': 1, 'subcategory_name': 'Athletics', 'subcategory_description': 'running, jumping, throwing', 'is_deleted': 0, 'created_at': 1742797929, 'modified_at': 1742797929}]
(Background on this error at: https://sqlalche.me/e/20/f405)
2025-03-24 12:13:14,334 - subcategory_service.py - FastCRUD -  insert_subcategory_service - ERROR - Error inserting subcategory
Traceback (most recent call last):
  File "/home/prince/.local/lib/python3.11/site-packages/sqlalchemy/engine/base.py", line 1964, in _exec_single_context
    self.dialect.do_execute(
  File "/home/prince/.local/lib/python3.11/site-packages/sqlalchemy/engine/default.py", line 942, in do_execute
    cursor.execute(statement, parameters)
  File "/home/prince/.local/lib/python3.11/site-packages/pymysql/cursors.py", line 153, in execute
    result = self._query(query)
             ^^^^^^^^^^^^^^^^^^
  File "/home/prince/.local/lib/python3.11/site-packages/pymysql/cursors.py", line 322, in _query
    conn.query(q)
  File "/home/prince/.local/lib/python3.11/site-packages/pymysql/connections.py", line 563, in query
    self._affected_rows = self._read_query_result(unbuffered=unbuffered)
                          ^^^^^^^^^^^^^^^^^^^^^^^^^^^^^^^^^^^^^^^^^^^^^^
  File "/home/prince/.local/lib/python3.11/site-packages/pymysql/connections.py", line 825, in _read_query_result
    result.read()
  File "/home/prince/.local/lib/python3.11/site-packages/pymysql/connections.py", line 1199, in read
    first_packet = self.connection._read_packet()
                   ^^^^^^^^^^^^^^^^^^^^^^^^^^^^^^
  File "/home/prince/.local/lib/python3.11/site-packages/pymysql/connections.py", line 775, in _read_packet
    packet.raise_for_error()
  File "/home/prince/.local/lib/python3.11/site-packages/pymysql/protocol.py", line 219, in raise_for_error
    err.raise_mysql_exception(self._data)
  File "/home/prince/.local/lib/python3.11/site-packages/pymysql/err.py", line 150, in raise_mysql_exception
    raise errorclass(errno, errval)
pymysql.err.ProgrammingError: (1146, "Table 'FASTCRUD_DB.subcategory_table' doesn't exist")

The above exception was the direct cause of the following exception:

Traceback (most recent call last):
  File "/home/prince/PycharmProjects/FastCRUD/base/service/subcategory/subcategory_service.py", line 27, in insert_subcategory_service
    result = SubcategoryDAO.insert_subcategory_dao(subcategory_vo, session)
             ^^^^^^^^^^^^^^^^^^^^^^^^^^^^^^^^^^^^^^^^^^^^^^^^^^^^^^^^^^^^^^
  File "/home/prince/PycharmProjects/FastCRUD/base/dao/subcategory/subcategory_dao.py", line 8, in insert_subcategory_dao
    return MysqlCommonQuery.insert_query(subcategory_vo, session)
           ^^^^^^^^^^^^^^^^^^^^^^^^^^^^^^^^^^^^^^^^^^^^^^^^^^^^^^
  File "/home/prince/PycharmProjects/FastCRUD/base/client/mysql_common/mysql_common_query.py", line 11, in insert_query
    session.commit()
  File "/home/prince/.local/lib/python3.11/site-packages/sqlalchemy/orm/session.py", line 2032, in commit
    trans.commit(_to_root=True)
  File "<string>", line 2, in commit
  File "/home/prince/.local/lib/python3.11/site-packages/sqlalchemy/orm/state_changes.py", line 139, in _go
    ret_value = fn(self, *arg, **kw)
                ^^^^^^^^^^^^^^^^^^^^
  File "/home/prince/.local/lib/python3.11/site-packages/sqlalchemy/orm/session.py", line 1313, in commit
    self._prepare_impl()
  File "<string>", line 2, in _prepare_impl
  File "/home/prince/.local/lib/python3.11/site-packages/sqlalchemy/orm/state_changes.py", line 139, in _go
    ret_value = fn(self, *arg, **kw)
                ^^^^^^^^^^^^^^^^^^^^
  File "/home/prince/.local/lib/python3.11/site-packages/sqlalchemy/orm/session.py", line 1288, in _prepare_impl
    self.session.flush()
  File "/home/prince/.local/lib/python3.11/site-packages/sqlalchemy/orm/session.py", line 4353, in flush
    self._flush(objects)
  File "/home/prince/.local/lib/python3.11/site-packages/sqlalchemy/orm/session.py", line 4488, in _flush
    with util.safe_reraise():
  File "/home/prince/.local/lib/python3.11/site-packages/sqlalchemy/util/langhelpers.py", line 146, in __exit__
    raise exc_value.with_traceback(exc_tb)
  File "/home/prince/.local/lib/python3.11/site-packages/sqlalchemy/orm/session.py", line 4449, in _flush
    flush_context.execute()
  File "/home/prince/.local/lib/python3.11/site-packages/sqlalchemy/orm/unitofwork.py", line 466, in execute
    rec.execute(self)
  File "/home/prince/.local/lib/python3.11/site-packages/sqlalchemy/orm/unitofwork.py", line 642, in execute
    util.preloaded.orm_persistence.save_obj(
  File "/home/prince/.local/lib/python3.11/site-packages/sqlalchemy/orm/persistence.py", line 93, in save_obj
    _emit_insert_statements(
  File "/home/prince/.local/lib/python3.11/site-packages/sqlalchemy/orm/persistence.py", line 1233, in _emit_insert_statements
    result = connection.execute(
             ^^^^^^^^^^^^^^^^^^^
  File "/home/prince/.local/lib/python3.11/site-packages/sqlalchemy/engine/base.py", line 1416, in execute
    return meth(
           ^^^^^
  File "/home/prince/.local/lib/python3.11/site-packages/sqlalchemy/sql/elements.py", line 516, in _execute_on_connection
    return connection._execute_clauseelement(
           ^^^^^^^^^^^^^^^^^^^^^^^^^^^^^^^^^^
  File "/home/prince/.local/lib/python3.11/site-packages/sqlalchemy/engine/base.py", line 1638, in _execute_clauseelement
    ret = self._execute_context(
          ^^^^^^^^^^^^^^^^^^^^^^
  File "/home/prince/.local/lib/python3.11/site-packages/sqlalchemy/engine/base.py", line 1843, in _execute_context
    return self._exec_single_context(
           ^^^^^^^^^^^^^^^^^^^^^^^^^^
  File "/home/prince/.local/lib/python3.11/site-packages/sqlalchemy/engine/base.py", line 1983, in _exec_single_context
    self._handle_dbapi_exception(
  File "/home/prince/.local/lib/python3.11/site-packages/sqlalchemy/engine/base.py", line 2352, in _handle_dbapi_exception
    raise sqlalchemy_exception.with_traceback(exc_info[2]) from e
  File "/home/prince/.local/lib/python3.11/site-packages/sqlalchemy/engine/base.py", line 1964, in _exec_single_context
    self.dialect.do_execute(
  File "/home/prince/.local/lib/python3.11/site-packages/sqlalchemy/engine/default.py", line 942, in do_execute
    cursor.execute(statement, parameters)
  File "/home/prince/.local/lib/python3.11/site-packages/pymysql/cursors.py", line 153, in execute
    result = self._query(query)
             ^^^^^^^^^^^^^^^^^^
  File "/home/prince/.local/lib/python3.11/site-packages/pymysql/cursors.py", line 322, in _query
    conn.query(q)
  File "/home/prince/.local/lib/python3.11/site-packages/pymysql/connections.py", line 563, in query
    self._affected_rows = self._read_query_result(unbuffered=unbuffered)
                          ^^^^^^^^^^^^^^^^^^^^^^^^^^^^^^^^^^^^^^^^^^^^^^
  File "/home/prince/.local/lib/python3.11/site-packages/pymysql/connections.py", line 825, in _read_query_result
    result.read()
  File "/home/prince/.local/lib/python3.11/site-packages/pymysql/connections.py", line 1199, in read
    first_packet = self.connection._read_packet()
                   ^^^^^^^^^^^^^^^^^^^^^^^^^^^^^^
  File "/home/prince/.local/lib/python3.11/site-packages/pymysql/connections.py", line 775, in _read_packet
    packet.raise_for_error()
  File "/home/prince/.local/lib/python3.11/site-packages/pymysql/protocol.py", line 219, in raise_for_error
    err.raise_mysql_exception(self._data)
  File "/home/prince/.local/lib/python3.11/site-packages/pymysql/err.py", line 150, in raise_mysql_exception
    raise errorclass(errno, errval)
sqlalchemy.exc.ProgrammingError: (pymysql.err.ProgrammingError) (1146, "Table 'FASTCRUD_DB.subcategory_table' doesn't exist")
[SQL: INSERT INTO subcategory_table (category_id, subcategory_name, subcategory_description, is_deleted, created_at, modified_at) VALUES (%(category_id)s, %(subcategory_name)s, %(subcategory_description)s, %(is_deleted)s, %(created_at)s, %(modified_at)s)]
[parameters: {'category_id': 1, 'subcategory_name': 'Athletics', 'subcategory_description': 'running, jumping, throwing', 'is_deleted': 0, 'created_at': 1742798594, 'modified_at': 1742798594}]
(Background on this error at: https://sqlalche.me/e/20/f405)
2025-03-24 12:15:58,891 - subcategory_service.py - FastCRUD -  insert_subcategory_service - INFO - Subcategory inserted successfully: Athletics

2025-03-24 12:16:11,718 - subcategory_service.py - FastCRUD -  get_all_subcategories_service - INFO - Fetched 1 subcategories

2025-03-24 12:19:09,713 - subcategory_service.py - FastCRUD -  get_subcategory_by_id_service - INFO - Subcategory retrieved: Athletics

2025-03-24 12:19:33,727 - subcategory_service.py - FastCRUD -  update_subcategory_service - INFO - Subcategory updated successfully: ID 1

2025-03-24 12:22:48,144 - subcategory_service.py - FastCRUD -  insert_subcategory_service - INFO - Subcategory inserted successfully: dfgh

2025-03-24 12:23:20,645 - subcategory_service.py - FastCRUD -  get_all_subcategories_service - INFO - Fetched 2 subcategories

2025-03-24 12:23:51,285 - subcategory_service.py - FastCRUD -  delete_subcategory_service - INFO - Subcategory deleted: ID 1

2025-03-24 12:25:47,872 - subcategory_service.py - FastCRUD -  get_subcategory_by_id_service - INFO - Subcategory retrieved: dfgh

2025-03-24 12:26:07,838 - subcategory_service.py - FastCRUD -  get_subcategory_by_id_service - INFO - Subcategory retrieved: dfgh

2025-03-24 12:26:37,837 - category_controller.py - FastCRUD -  edit_category_controller - INFO - Fetching category details for ID: 1

2025-03-24 12:26:37,842 - category_service.py - FastCRUD -  get_category_by_id_service - INFO - Category retrieved: Sports

2025-03-24 12:27:57,860 - subcategory_service.py - FastCRUD -  update_subcategory_service - INFO - Subcategory updated successfully: ID 2

2025-03-24 12:28:16,661 - subcategory_service.py - FastCRUD -  update_subcategory_service - WARNING - Subcategory not found for update: ID 1

2025-03-24 12:30:42,951 - subcategory_service.py - FastCRUD -  update_subcategory_service - WARNING - Subcategory not found for update: ID 1

2025-03-24 12:30:49,435 - subcategory_service.py - FastCRUD -  update_subcategory_service - WARNING - Subcategory not found for update: ID 1

2025-03-24 15:57:13,733 - subcategory_service.py - FastCRUD -  get_subcategory_by_id_service - INFO - Subcategory retrieved: stricgdsvcdhdsvcvng

2025-03-24 15:57:22,695 - subcategory_service.py - FastCRUD -  get_subcategory_by_id_service - INFO - Subcategory retrieved: stricgdsvcdhdsvcvng

2025-03-24 16:10:59,392 - category_service.py - FastCRUD -  get_all_categories_service - ERROR - Error fetching categories
Traceback (most recent call last):
  File "/home/prince/.local/lib/python3.11/site-packages/sqlalchemy/orm/clsregistry.py", line 516, in _resolve_name
    rval = d[token]
           ~^^^^^^^
  File "/home/prince/.local/lib/python3.11/site-packages/sqlalchemy/util/_collections.py", line 345, in __missing__
    self[key] = val = self.creator(key)
                      ^^^^^^^^^^^^^^^^^
  File "/home/prince/.local/lib/python3.11/site-packages/sqlalchemy/orm/clsregistry.py", line 484, in _access_cls
    return self.fallback[key]
           ~~~~~~~~~~~~~^^^^^
KeyError: 'ProductVO'

The above exception was the direct cause of the following exception:

Traceback (most recent call last):
  File "/home/prince/PycharmProjects/FastCRUD/base/service/category/category_service.py", line 44, in get_all_categories_service
    categories = CategoryDAO.get_all_categories_dao(session)
                 ^^^^^^^^^^^^^^^^^^^^^^^^^^^^^^^^^^^^^^^^^^^
  File "/home/prince/PycharmProjects/FastCRUD/base/dao/category/category_dao.py", line 13, in get_all_categories_dao
    return MysqlCommonQuery.get_all_query(CategoryVO, session)
           ^^^^^^^^^^^^^^^^^^^^^^^^^^^^^^^^^^^^^^^^^^^^^^^^^^^
  File "/home/prince/PycharmProjects/FastCRUD/base/client/mysql_common/mysql_common_query.py", line 18, in get_all_query
    return session.query(model).filter_by(is_deleted=False).all()
           ^^^^^^^^^^^^^^^^^^^^
  File "/home/prince/.local/lib/python3.11/site-packages/sqlalchemy/orm/session.py", line 2955, in query
    return self._query_cls(entities, self, **kwargs)
           ^^^^^^^^^^^^^^^^^^^^^^^^^^^^^^^^^^^^^^^^^
  File "/home/prince/.local/lib/python3.11/site-packages/sqlalchemy/orm/query.py", line 275, in __init__
    self._set_entities(entities)
  File "/home/prince/.local/lib/python3.11/site-packages/sqlalchemy/orm/query.py", line 287, in _set_entities
    self._raw_columns = [
                        ^
  File "/home/prince/.local/lib/python3.11/site-packages/sqlalchemy/orm/query.py", line 288, in <listcomp>
    coercions.expect(
  File "/home/prince/.local/lib/python3.11/site-packages/sqlalchemy/sql/coercions.py", line 388, in expect
    insp._post_inspect
  File "/home/prince/.local/lib/python3.11/site-packages/sqlalchemy/util/langhelpers.py", line 1257, in __get__
    obj.__dict__[self.__name__] = result = self.fget(obj)
                                           ^^^^^^^^^^^^^^
  File "/home/prince/.local/lib/python3.11/site-packages/sqlalchemy/orm/mapper.py", line 2724, in _post_inspect
    self._check_configure()
  File "/home/prince/.local/lib/python3.11/site-packages/sqlalchemy/orm/mapper.py", line 2401, in _check_configure
    _configure_registries({self.registry}, cascade=True)
  File "/home/prince/.local/lib/python3.11/site-packages/sqlalchemy/orm/mapper.py", line 4213, in _configure_registries
    _do_configure_registries(registries, cascade)
  File "/home/prince/.local/lib/python3.11/site-packages/sqlalchemy/orm/mapper.py", line 4254, in _do_configure_registries
    mapper._post_configure_properties()
  File "/home/prince/.local/lib/python3.11/site-packages/sqlalchemy/orm/mapper.py", line 2418, in _post_configure_properties
    prop.init()
  File "/home/prince/.local/lib/python3.11/site-packages/sqlalchemy/orm/interfaces.py", line 589, in init
    self.do_init()
  File "/home/prince/.local/lib/python3.11/site-packages/sqlalchemy/orm/relationships.py", line 1656, in do_init
    self._setup_entity()
  File "/home/prince/.local/lib/python3.11/site-packages/sqlalchemy/orm/relationships.py", line 1868, in _setup_entity
    self._clsregistry_resolve_name(argument)(),
    ^^^^^^^^^^^^^^^^^^^^^^^^^^^^^^^^^^^^^^^^^^
  File "/home/prince/.local/lib/python3.11/site-packages/sqlalchemy/orm/clsregistry.py", line 520, in _resolve_name
    self._raise_for_name(name, err)
  File "/home/prince/.local/lib/python3.11/site-packages/sqlalchemy/orm/clsregistry.py", line 501, in _raise_for_name
    raise exc.InvalidRequestError(
sqlalchemy.exc.InvalidRequestError: When initializing mapper Mapper[CategoryVO(category_table)], expression 'ProductVO' failed to locate a name ('ProductVO'). If this is a class name, consider adding this relationship() to the <class 'base.vo.category_vo.CategoryVO'> class after both dependent classes have been defined.
2025-03-24 16:10:59,399 - category_controller.py - FastCRUD -  view_category_controller - ERROR - Error fetching categories
Traceback (most recent call last):
  File "/home/prince/.local/lib/python3.11/site-packages/sqlalchemy/orm/clsregistry.py", line 516, in _resolve_name
    rval = d[token]
           ~^^^^^^^
  File "/home/prince/.local/lib/python3.11/site-packages/sqlalchemy/util/_collections.py", line 345, in __missing__
    self[key] = val = self.creator(key)
                      ^^^^^^^^^^^^^^^^^
  File "/home/prince/.local/lib/python3.11/site-packages/sqlalchemy/orm/clsregistry.py", line 484, in _access_cls
    return self.fallback[key]
           ~~~~~~~~~~~~~^^^^^
KeyError: 'ProductVO'

The above exception was the direct cause of the following exception:

Traceback (most recent call last):
  File "/home/prince/PycharmProjects/FastCRUD/base/service/category/category_service.py", line 44, in get_all_categories_service
    categories = CategoryDAO.get_all_categories_dao(session)
                 ^^^^^^^^^^^^^^^^^^^^^^^^^^^^^^^^^^^^^^^^^^^
  File "/home/prince/PycharmProjects/FastCRUD/base/dao/category/category_dao.py", line 13, in get_all_categories_dao
    return MysqlCommonQuery.get_all_query(CategoryVO, session)
           ^^^^^^^^^^^^^^^^^^^^^^^^^^^^^^^^^^^^^^^^^^^^^^^^^^^
  File "/home/prince/PycharmProjects/FastCRUD/base/client/mysql_common/mysql_common_query.py", line 18, in get_all_query
    return session.query(model).filter_by(is_deleted=False).all()
           ^^^^^^^^^^^^^^^^^^^^
  File "/home/prince/.local/lib/python3.11/site-packages/sqlalchemy/orm/session.py", line 2955, in query
    return self._query_cls(entities, self, **kwargs)
           ^^^^^^^^^^^^^^^^^^^^^^^^^^^^^^^^^^^^^^^^^
  File "/home/prince/.local/lib/python3.11/site-packages/sqlalchemy/orm/query.py", line 275, in __init__
    self._set_entities(entities)
  File "/home/prince/.local/lib/python3.11/site-packages/sqlalchemy/orm/query.py", line 287, in _set_entities
    self._raw_columns = [
                        ^
  File "/home/prince/.local/lib/python3.11/site-packages/sqlalchemy/orm/query.py", line 288, in <listcomp>
    coercions.expect(
  File "/home/prince/.local/lib/python3.11/site-packages/sqlalchemy/sql/coercions.py", line 388, in expect
    insp._post_inspect
  File "/home/prince/.local/lib/python3.11/site-packages/sqlalchemy/util/langhelpers.py", line 1257, in __get__
    obj.__dict__[self.__name__] = result = self.fget(obj)
                                           ^^^^^^^^^^^^^^
  File "/home/prince/.local/lib/python3.11/site-packages/sqlalchemy/orm/mapper.py", line 2724, in _post_inspect
    self._check_configure()
  File "/home/prince/.local/lib/python3.11/site-packages/sqlalchemy/orm/mapper.py", line 2401, in _check_configure
    _configure_registries({self.registry}, cascade=True)
  File "/home/prince/.local/lib/python3.11/site-packages/sqlalchemy/orm/mapper.py", line 4213, in _configure_registries
    _do_configure_registries(registries, cascade)
  File "/home/prince/.local/lib/python3.11/site-packages/sqlalchemy/orm/mapper.py", line 4254, in _do_configure_registries
    mapper._post_configure_properties()
  File "/home/prince/.local/lib/python3.11/site-packages/sqlalchemy/orm/mapper.py", line 2418, in _post_configure_properties
    prop.init()
  File "/home/prince/.local/lib/python3.11/site-packages/sqlalchemy/orm/interfaces.py", line 589, in init
    self.do_init()
  File "/home/prince/.local/lib/python3.11/site-packages/sqlalchemy/orm/relationships.py", line 1656, in do_init
    self._setup_entity()
  File "/home/prince/.local/lib/python3.11/site-packages/sqlalchemy/orm/relationships.py", line 1868, in _setup_entity
    self._clsregistry_resolve_name(argument)(),
    ^^^^^^^^^^^^^^^^^^^^^^^^^^^^^^^^^^^^^^^^^^
  File "/home/prince/.local/lib/python3.11/site-packages/sqlalchemy/orm/clsregistry.py", line 520, in _resolve_name
    self._raise_for_name(name, err)
  File "/home/prince/.local/lib/python3.11/site-packages/sqlalchemy/orm/clsregistry.py", line 501, in _raise_for_name
    raise exc.InvalidRequestError(
sqlalchemy.exc.InvalidRequestError: When initializing mapper Mapper[CategoryVO(category_table)], expression 'ProductVO' failed to locate a name ('ProductVO'). If this is a class name, consider adding this relationship() to the <class 'base.vo.category_vo.CategoryVO'> class after both dependent classes have been defined.

During handling of the above exception, another exception occurred:

Traceback (most recent call last):
  File "/home/prince/PycharmProjects/FastCRUD/base/api/controller/category/category_controller.py", line 43, in view_category_controller
    result = CategoryService.get_all_categories_service(db)
             ^^^^^^^^^^^^^^^^^^^^^^^^^^^^^^^^^^^^^^^^^^^^^^
  File "/home/prince/PycharmProjects/FastCRUD/base/service/category/category_service.py", line 54, in get_all_categories_service
    return AppServices.handle_exception(exception)
           ^^^^^^^^^^^^^^^^^^^^^^^^^^^^^^^^^^^^^^^
  File "/home/prince/PycharmProjects/FastCRUD/base/utils/custom_exception.py", line 68, in handle_exception
    return render(
           ^^^^^^^
  File "/home/prince/anaconda3/envs/DjangoProject/lib/python3.11/site-packages/django/shortcuts.py", line 25, in render
    content = loader.render_to_string(template_name, context, request, using=using)
              ^^^^^^^^^^^^^^^^^^^^^^^^^^^^^^^^^^^^^^^^^^^^^^^^^^^^^^^^^^^^^^^^^^^^^
  File "/home/prince/anaconda3/envs/DjangoProject/lib/python3.11/site-packages/django/template/loader.py", line 61, in render_to_string
    template = get_template(template_name, using=using)
               ^^^^^^^^^^^^^^^^^^^^^^^^^^^^^^^^^^^^^^^^
  File "/home/prince/anaconda3/envs/DjangoProject/lib/python3.11/site-packages/django/template/loader.py", line 12, in get_template
    engines = _engine_list(using)
              ^^^^^^^^^^^^^^^^^^^
  File "/home/prince/anaconda3/envs/DjangoProject/lib/python3.11/site-packages/django/template/loader.py", line 66, in _engine_list
    return engines.all() if using is None else [engines[using]]
           ^^^^^^^^^^^^^
  File "/home/prince/anaconda3/envs/DjangoProject/lib/python3.11/site-packages/django/template/utils.py", line 94, in all
    return [self[alias] for alias in self]
           ^^^^^^^^^^^^^^^^^^^^^^^^^^^^^^^
  File "/home/prince/anaconda3/envs/DjangoProject/lib/python3.11/site-packages/django/template/utils.py", line 91, in __iter__
    return iter(self.templates)
                ^^^^^^^^^^^^^^
  File "/home/prince/anaconda3/envs/DjangoProject/lib/python3.11/site-packages/django/utils/functional.py", line 47, in __get__
    res = instance.__dict__[self.name] = self.func(instance)
                                         ^^^^^^^^^^^^^^^^^^^
  File "/home/prince/anaconda3/envs/DjangoProject/lib/python3.11/site-packages/django/template/utils.py", line 28, in templates
    self._templates = settings.TEMPLATES
                      ^^^^^^^^^^^^^^^^^^
  File "/home/prince/anaconda3/envs/DjangoProject/lib/python3.11/site-packages/django/conf/__init__.py", line 81, in __getattr__
    self._setup(name)
  File "/home/prince/anaconda3/envs/DjangoProject/lib/python3.11/site-packages/django/conf/__init__.py", line 61, in _setup
    raise ImproperlyConfigured(
django.core.exceptions.ImproperlyConfigured: Requested setting TEMPLATES, but settings are not configured. You must either define the environment variable DJANGO_SETTINGS_MODULE or call settings.configure() before accessing settings.
2025-03-24 16:11:05,039 - category_controller.py - FastCRUD -  insert_category_controller - INFO - Attempting to insert new category: string

2025-03-24 16:11:05,039 - category_service.py - FastCRUD -  insert_category_service - ERROR - Error inserting category
Traceback (most recent call last):
  File "/home/prince/PycharmProjects/FastCRUD/base/service/category/category_service.py", line 24, in insert_category_service
    category_vo = CategoryVO(**category_dto.model_dump())
                  ^^^^^^^^^^^^^^^^^^^^^^^^^^^^^^^^^^^^^^^
  File "<string>", line 4, in __init__
  File "/home/prince/.local/lib/python3.11/site-packages/sqlalchemy/orm/state.py", line 566, in _initialize_instance
    manager.dispatch.init(self, args, kwargs)
  File "/home/prince/.local/lib/python3.11/site-packages/sqlalchemy/event/attr.py", line 497, in __call__
    fn(*args, **kw)
  File "/home/prince/.local/lib/python3.11/site-packages/sqlalchemy/orm/mapper.py", line 4405, in _event_on_init
    instrumenting_mapper._check_configure()
  File "/home/prince/.local/lib/python3.11/site-packages/sqlalchemy/orm/mapper.py", line 2401, in _check_configure
    _configure_registries({self.registry}, cascade=True)
  File "/home/prince/.local/lib/python3.11/site-packages/sqlalchemy/orm/mapper.py", line 4213, in _configure_registries
    _do_configure_registries(registries, cascade)
  File "/home/prince/.local/lib/python3.11/site-packages/sqlalchemy/orm/mapper.py", line 4250, in _do_configure_registries
    raise e
sqlalchemy.exc.InvalidRequestError: One or more mappers failed to initialize - can't proceed with initialization of other mappers. Triggering mapper: 'Mapper[CategoryVO(category_table)]'. Original exception was: When initializing mapper Mapper[CategoryVO(category_table)], expression 'ProductVO' failed to locate a name ('ProductVO'). If this is a class name, consider adding this relationship() to the <class 'base.vo.category_vo.CategoryVO'> class after both dependent classes have been defined.
2025-03-24 16:11:05,043 - category_controller.py - FastCRUD -  insert_category_controller - ERROR - Error inserting category
Traceback (most recent call last):
  File "/home/prince/PycharmProjects/FastCRUD/base/service/category/category_service.py", line 24, in insert_category_service
    category_vo = CategoryVO(**category_dto.model_dump())
                  ^^^^^^^^^^^^^^^^^^^^^^^^^^^^^^^^^^^^^^^
  File "<string>", line 4, in __init__
  File "/home/prince/.local/lib/python3.11/site-packages/sqlalchemy/orm/state.py", line 566, in _initialize_instance
    manager.dispatch.init(self, args, kwargs)
  File "/home/prince/.local/lib/python3.11/site-packages/sqlalchemy/event/attr.py", line 497, in __call__
    fn(*args, **kw)
  File "/home/prince/.local/lib/python3.11/site-packages/sqlalchemy/orm/mapper.py", line 4405, in _event_on_init
    instrumenting_mapper._check_configure()
  File "/home/prince/.local/lib/python3.11/site-packages/sqlalchemy/orm/mapper.py", line 2401, in _check_configure
    _configure_registries({self.registry}, cascade=True)
  File "/home/prince/.local/lib/python3.11/site-packages/sqlalchemy/orm/mapper.py", line 4213, in _configure_registries
    _do_configure_registries(registries, cascade)
  File "/home/prince/.local/lib/python3.11/site-packages/sqlalchemy/orm/mapper.py", line 4250, in _do_configure_registries
    raise e
sqlalchemy.exc.InvalidRequestError: One or more mappers failed to initialize - can't proceed with initialization of other mappers. Triggering mapper: 'Mapper[CategoryVO(category_table)]'. Original exception was: When initializing mapper Mapper[CategoryVO(category_table)], expression 'ProductVO' failed to locate a name ('ProductVO'). If this is a class name, consider adding this relationship() to the <class 'base.vo.category_vo.CategoryVO'> class after both dependent classes have been defined.

During handling of the above exception, another exception occurred:

Traceback (most recent call last):
  File "/home/prince/PycharmProjects/FastCRUD/base/api/controller/category/category_controller.py", line 33, in insert_category_controller
    result = CategoryService.insert_category_service(category, db)
             ^^^^^^^^^^^^^^^^^^^^^^^^^^^^^^^^^^^^^^^^^^^^^^^^^^^^^
  File "/home/prince/PycharmProjects/FastCRUD/base/service/category/category_service.py", line 38, in insert_category_service
    return AppServices.handle_exception(exception)
           ^^^^^^^^^^^^^^^^^^^^^^^^^^^^^^^^^^^^^^^
  File "/home/prince/PycharmProjects/FastCRUD/base/utils/custom_exception.py", line 68, in handle_exception
    return render(
           ^^^^^^^
  File "/home/prince/anaconda3/envs/DjangoProject/lib/python3.11/site-packages/django/shortcuts.py", line 25, in render
    content = loader.render_to_string(template_name, context, request, using=using)
              ^^^^^^^^^^^^^^^^^^^^^^^^^^^^^^^^^^^^^^^^^^^^^^^^^^^^^^^^^^^^^^^^^^^^^
  File "/home/prince/anaconda3/envs/DjangoProject/lib/python3.11/site-packages/django/template/loader.py", line 61, in render_to_string
    template = get_template(template_name, using=using)
               ^^^^^^^^^^^^^^^^^^^^^^^^^^^^^^^^^^^^^^^^
  File "/home/prince/anaconda3/envs/DjangoProject/lib/python3.11/site-packages/django/template/loader.py", line 12, in get_template
    engines = _engine_list(using)
              ^^^^^^^^^^^^^^^^^^^
  File "/home/prince/anaconda3/envs/DjangoProject/lib/python3.11/site-packages/django/template/loader.py", line 66, in _engine_list
    return engines.all() if using is None else [engines[using]]
           ^^^^^^^^^^^^^
  File "/home/prince/anaconda3/envs/DjangoProject/lib/python3.11/site-packages/django/template/utils.py", line 94, in all
    return [self[alias] for alias in self]
           ^^^^^^^^^^^^^^^^^^^^^^^^^^^^^^^
  File "/home/prince/anaconda3/envs/DjangoProject/lib/python3.11/site-packages/django/template/utils.py", line 91, in __iter__
    return iter(self.templates)
                ^^^^^^^^^^^^^^
  File "/home/prince/anaconda3/envs/DjangoProject/lib/python3.11/site-packages/django/utils/functional.py", line 47, in __get__
    res = instance.__dict__[self.name] = self.func(instance)
                                         ^^^^^^^^^^^^^^^^^^^
  File "/home/prince/anaconda3/envs/DjangoProject/lib/python3.11/site-packages/django/template/utils.py", line 28, in templates
    self._templates = settings.TEMPLATES
                      ^^^^^^^^^^^^^^^^^^
  File "/home/prince/anaconda3/envs/DjangoProject/lib/python3.11/site-packages/django/conf/__init__.py", line 81, in __getattr__
    self._setup(name)
  File "/home/prince/anaconda3/envs/DjangoProject/lib/python3.11/site-packages/django/conf/__init__.py", line 61, in _setup
    raise ImproperlyConfigured(
django.core.exceptions.ImproperlyConfigured: Requested setting TEMPLATES, but settings are not configured. You must either define the environment variable DJANGO_SETTINGS_MODULE or call settings.configure() before accessing settings.
2025-03-24 16:11:22,017 - category_controller.py - FastCRUD -  insert_category_controller - INFO - Attempting to insert new category: string

2025-03-24 16:11:22,018 - category_service.py - FastCRUD -  insert_category_service - ERROR - Error inserting category
Traceback (most recent call last):
  File "/home/prince/PycharmProjects/FastCRUD/base/service/category/category_service.py", line 24, in insert_category_service
    category_vo = CategoryVO(**category_dto.model_dump())
                  ^^^^^^^^^^^^^^^^^^^^^^^^^^^^^^^^^^^^^^^
  File "<string>", line 4, in __init__
  File "/home/prince/.local/lib/python3.11/site-packages/sqlalchemy/orm/state.py", line 566, in _initialize_instance
    manager.dispatch.init(self, args, kwargs)
  File "/home/prince/.local/lib/python3.11/site-packages/sqlalchemy/event/attr.py", line 497, in __call__
    fn(*args, **kw)
  File "/home/prince/.local/lib/python3.11/site-packages/sqlalchemy/orm/mapper.py", line 4405, in _event_on_init
    instrumenting_mapper._check_configure()
  File "/home/prince/.local/lib/python3.11/site-packages/sqlalchemy/orm/mapper.py", line 2401, in _check_configure
    _configure_registries({self.registry}, cascade=True)
  File "/home/prince/.local/lib/python3.11/site-packages/sqlalchemy/orm/mapper.py", line 4213, in _configure_registries
    _do_configure_registries(registries, cascade)
  File "/home/prince/.local/lib/python3.11/site-packages/sqlalchemy/orm/mapper.py", line 4250, in _do_configure_registries
    raise e
sqlalchemy.exc.InvalidRequestError: One or more mappers failed to initialize - can't proceed with initialization of other mappers. Triggering mapper: 'Mapper[CategoryVO(category_table)]'. Original exception was: When initializing mapper Mapper[CategoryVO(category_table)], expression 'ProductVO' failed to locate a name ('ProductVO'). If this is a class name, consider adding this relationship() to the <class 'base.vo.category_vo.CategoryVO'> class after both dependent classes have been defined.
2025-03-24 16:11:22,018 - category_controller.py - FastCRUD -  insert_category_controller - ERROR - Error inserting category
Traceback (most recent call last):
  File "/home/prince/PycharmProjects/FastCRUD/base/service/category/category_service.py", line 24, in insert_category_service
    category_vo = CategoryVO(**category_dto.model_dump())
                  ^^^^^^^^^^^^^^^^^^^^^^^^^^^^^^^^^^^^^^^
  File "<string>", line 4, in __init__
  File "/home/prince/.local/lib/python3.11/site-packages/sqlalchemy/orm/state.py", line 566, in _initialize_instance
    manager.dispatch.init(self, args, kwargs)
  File "/home/prince/.local/lib/python3.11/site-packages/sqlalchemy/event/attr.py", line 497, in __call__
    fn(*args, **kw)
  File "/home/prince/.local/lib/python3.11/site-packages/sqlalchemy/orm/mapper.py", line 4405, in _event_on_init
    instrumenting_mapper._check_configure()
  File "/home/prince/.local/lib/python3.11/site-packages/sqlalchemy/orm/mapper.py", line 2401, in _check_configure
    _configure_registries({self.registry}, cascade=True)
  File "/home/prince/.local/lib/python3.11/site-packages/sqlalchemy/orm/mapper.py", line 4213, in _configure_registries
    _do_configure_registries(registries, cascade)
  File "/home/prince/.local/lib/python3.11/site-packages/sqlalchemy/orm/mapper.py", line 4250, in _do_configure_registries
    raise e
sqlalchemy.exc.InvalidRequestError: One or more mappers failed to initialize - can't proceed with initialization of other mappers. Triggering mapper: 'Mapper[CategoryVO(category_table)]'. Original exception was: When initializing mapper Mapper[CategoryVO(category_table)], expression 'ProductVO' failed to locate a name ('ProductVO'). If this is a class name, consider adding this relationship() to the <class 'base.vo.category_vo.CategoryVO'> class after both dependent classes have been defined.

During handling of the above exception, another exception occurred:

Traceback (most recent call last):
  File "/home/prince/PycharmProjects/FastCRUD/base/api/controller/category/category_controller.py", line 33, in insert_category_controller
    result = CategoryService.insert_category_service(category, db)
             ^^^^^^^^^^^^^^^^^^^^^^^^^^^^^^^^^^^^^^^^^^^^^^^^^^^^^
  File "/home/prince/PycharmProjects/FastCRUD/base/service/category/category_service.py", line 38, in insert_category_service
    return AppServices.handle_exception(exception)
           ^^^^^^^^^^^^^^^^^^^^^^^^^^^^^^^^^^^^^^^
  File "/home/prince/PycharmProjects/FastCRUD/base/utils/custom_exception.py", line 68, in handle_exception
    return render(
           ^^^^^^^
  File "/home/prince/anaconda3/envs/DjangoProject/lib/python3.11/site-packages/django/shortcuts.py", line 25, in render
    content = loader.render_to_string(template_name, context, request, using=using)
              ^^^^^^^^^^^^^^^^^^^^^^^^^^^^^^^^^^^^^^^^^^^^^^^^^^^^^^^^^^^^^^^^^^^^^
  File "/home/prince/anaconda3/envs/DjangoProject/lib/python3.11/site-packages/django/template/loader.py", line 61, in render_to_string
    template = get_template(template_name, using=using)
               ^^^^^^^^^^^^^^^^^^^^^^^^^^^^^^^^^^^^^^^^
  File "/home/prince/anaconda3/envs/DjangoProject/lib/python3.11/site-packages/django/template/loader.py", line 12, in get_template
    engines = _engine_list(using)
              ^^^^^^^^^^^^^^^^^^^
  File "/home/prince/anaconda3/envs/DjangoProject/lib/python3.11/site-packages/django/template/loader.py", line 66, in _engine_list
    return engines.all() if using is None else [engines[using]]
           ^^^^^^^^^^^^^
  File "/home/prince/anaconda3/envs/DjangoProject/lib/python3.11/site-packages/django/template/utils.py", line 94, in all
    return [self[alias] for alias in self]
           ^^^^^^^^^^^^^^^^^^^^^^^^^^^^^^^
  File "/home/prince/anaconda3/envs/DjangoProject/lib/python3.11/site-packages/django/template/utils.py", line 91, in __iter__
    return iter(self.templates)
                ^^^^^^^^^^^^^^
  File "/home/prince/anaconda3/envs/DjangoProject/lib/python3.11/site-packages/django/utils/functional.py", line 47, in __get__
    res = instance.__dict__[self.name] = self.func(instance)
                                         ^^^^^^^^^^^^^^^^^^^
  File "/home/prince/anaconda3/envs/DjangoProject/lib/python3.11/site-packages/django/template/utils.py", line 28, in templates
    self._templates = settings.TEMPLATES
                      ^^^^^^^^^^^^^^^^^^
  File "/home/prince/anaconda3/envs/DjangoProject/lib/python3.11/site-packages/django/conf/__init__.py", line 81, in __getattr__
    self._setup(name)
  File "/home/prince/anaconda3/envs/DjangoProject/lib/python3.11/site-packages/django/conf/__init__.py", line 61, in _setup
    raise ImproperlyConfigured(
django.core.exceptions.ImproperlyConfigured: Requested setting TEMPLATES, but settings are not configured. You must either define the environment variable DJANGO_SETTINGS_MODULE or call settings.configure() before accessing settings.
2025-03-24 16:26:34,955 - category_controller.py - FastCRUD -  insert_category_controller - INFO - Attempting to insert new category: string

2025-03-24 16:26:34,959 - category_service.py - FastCRUD -  insert_category_service - ERROR - Error inserting category
Traceback (most recent call last):
  File "/home/prince/.local/lib/python3.11/site-packages/sqlalchemy/orm/clsregistry.py", line 516, in _resolve_name
    rval = d[token]
           ~^^^^^^^
  File "/home/prince/.local/lib/python3.11/site-packages/sqlalchemy/util/_collections.py", line 345, in __missing__
    self[key] = val = self.creator(key)
                      ^^^^^^^^^^^^^^^^^
  File "/home/prince/.local/lib/python3.11/site-packages/sqlalchemy/orm/clsregistry.py", line 484, in _access_cls
    return self.fallback[key]
           ~~~~~~~~~~~~~^^^^^
KeyError: 'ProductVO'

The above exception was the direct cause of the following exception:

Traceback (most recent call last):
  File "/home/prince/PycharmProjects/FastCRUD/base/service/category/category_service.py", line 24, in insert_category_service
    category_vo = CategoryVO(**category_dto.model_dump())
                  ^^^^^^^^^^^^^^^^^^^^^^^^^^^^^^^^^^^^^^^
  File "<string>", line 4, in __init__
  File "/home/prince/.local/lib/python3.11/site-packages/sqlalchemy/orm/state.py", line 566, in _initialize_instance
    manager.dispatch.init(self, args, kwargs)
  File "/home/prince/.local/lib/python3.11/site-packages/sqlalchemy/event/attr.py", line 497, in __call__
    fn(*args, **kw)
  File "/home/prince/.local/lib/python3.11/site-packages/sqlalchemy/orm/mapper.py", line 4405, in _event_on_init
    instrumenting_mapper._check_configure()
  File "/home/prince/.local/lib/python3.11/site-packages/sqlalchemy/orm/mapper.py", line 2401, in _check_configure
    _configure_registries({self.registry}, cascade=True)
  File "/home/prince/.local/lib/python3.11/site-packages/sqlalchemy/orm/mapper.py", line 4213, in _configure_registries
    _do_configure_registries(registries, cascade)
  File "/home/prince/.local/lib/python3.11/site-packages/sqlalchemy/orm/mapper.py", line 4254, in _do_configure_registries
    mapper._post_configure_properties()
  File "/home/prince/.local/lib/python3.11/site-packages/sqlalchemy/orm/mapper.py", line 2418, in _post_configure_properties
    prop.init()
  File "/home/prince/.local/lib/python3.11/site-packages/sqlalchemy/orm/interfaces.py", line 589, in init
    self.do_init()
  File "/home/prince/.local/lib/python3.11/site-packages/sqlalchemy/orm/relationships.py", line 1656, in do_init
    self._setup_entity()
  File "/home/prince/.local/lib/python3.11/site-packages/sqlalchemy/orm/relationships.py", line 1868, in _setup_entity
    self._clsregistry_resolve_name(argument)(),
    ^^^^^^^^^^^^^^^^^^^^^^^^^^^^^^^^^^^^^^^^^^
  File "/home/prince/.local/lib/python3.11/site-packages/sqlalchemy/orm/clsregistry.py", line 520, in _resolve_name
    self._raise_for_name(name, err)
  File "/home/prince/.local/lib/python3.11/site-packages/sqlalchemy/orm/clsregistry.py", line 501, in _raise_for_name
    raise exc.InvalidRequestError(
sqlalchemy.exc.InvalidRequestError: When initializing mapper Mapper[CategoryVO(category_table)], expression 'ProductVO' failed to locate a name ('ProductVO'). If this is a class name, consider adding this relationship() to the <class 'base.vo.category_vo.CategoryVO'> class after both dependent classes have been defined.
2025-03-24 16:26:34,966 - category_controller.py - FastCRUD -  insert_category_controller - ERROR - Error inserting category
Traceback (most recent call last):
  File "/home/prince/.local/lib/python3.11/site-packages/sqlalchemy/orm/clsregistry.py", line 516, in _resolve_name
    rval = d[token]
           ~^^^^^^^
  File "/home/prince/.local/lib/python3.11/site-packages/sqlalchemy/util/_collections.py", line 345, in __missing__
    self[key] = val = self.creator(key)
                      ^^^^^^^^^^^^^^^^^
  File "/home/prince/.local/lib/python3.11/site-packages/sqlalchemy/orm/clsregistry.py", line 484, in _access_cls
    return self.fallback[key]
           ~~~~~~~~~~~~~^^^^^
KeyError: 'ProductVO'

The above exception was the direct cause of the following exception:

Traceback (most recent call last):
  File "/home/prince/PycharmProjects/FastCRUD/base/service/category/category_service.py", line 24, in insert_category_service
    category_vo = CategoryVO(**category_dto.model_dump())
                  ^^^^^^^^^^^^^^^^^^^^^^^^^^^^^^^^^^^^^^^
  File "<string>", line 4, in __init__
  File "/home/prince/.local/lib/python3.11/site-packages/sqlalchemy/orm/state.py", line 566, in _initialize_instance
    manager.dispatch.init(self, args, kwargs)
  File "/home/prince/.local/lib/python3.11/site-packages/sqlalchemy/event/attr.py", line 497, in __call__
    fn(*args, **kw)
  File "/home/prince/.local/lib/python3.11/site-packages/sqlalchemy/orm/mapper.py", line 4405, in _event_on_init
    instrumenting_mapper._check_configure()
  File "/home/prince/.local/lib/python3.11/site-packages/sqlalchemy/orm/mapper.py", line 2401, in _check_configure
    _configure_registries({self.registry}, cascade=True)
  File "/home/prince/.local/lib/python3.11/site-packages/sqlalchemy/orm/mapper.py", line 4213, in _configure_registries
    _do_configure_registries(registries, cascade)
  File "/home/prince/.local/lib/python3.11/site-packages/sqlalchemy/orm/mapper.py", line 4254, in _do_configure_registries
    mapper._post_configure_properties()
  File "/home/prince/.local/lib/python3.11/site-packages/sqlalchemy/orm/mapper.py", line 2418, in _post_configure_properties
    prop.init()
  File "/home/prince/.local/lib/python3.11/site-packages/sqlalchemy/orm/interfaces.py", line 589, in init
    self.do_init()
  File "/home/prince/.local/lib/python3.11/site-packages/sqlalchemy/orm/relationships.py", line 1656, in do_init
    self._setup_entity()
  File "/home/prince/.local/lib/python3.11/site-packages/sqlalchemy/orm/relationships.py", line 1868, in _setup_entity
    self._clsregistry_resolve_name(argument)(),
    ^^^^^^^^^^^^^^^^^^^^^^^^^^^^^^^^^^^^^^^^^^
  File "/home/prince/.local/lib/python3.11/site-packages/sqlalchemy/orm/clsregistry.py", line 520, in _resolve_name
    self._raise_for_name(name, err)
  File "/home/prince/.local/lib/python3.11/site-packages/sqlalchemy/orm/clsregistry.py", line 501, in _raise_for_name
    raise exc.InvalidRequestError(
sqlalchemy.exc.InvalidRequestError: When initializing mapper Mapper[CategoryVO(category_table)], expression 'ProductVO' failed to locate a name ('ProductVO'). If this is a class name, consider adding this relationship() to the <class 'base.vo.category_vo.CategoryVO'> class after both dependent classes have been defined.

During handling of the above exception, another exception occurred:

Traceback (most recent call last):
  File "/home/prince/PycharmProjects/FastCRUD/base/api/controller/category/category_controller.py", line 33, in insert_category_controller
    result = CategoryService.insert_category_service(category, db)
             ^^^^^^^^^^^^^^^^^^^^^^^^^^^^^^^^^^^^^^^^^^^^^^^^^^^^^
  File "/home/prince/PycharmProjects/FastCRUD/base/service/category/category_service.py", line 38, in insert_category_service
    return AppServices.handle_exception(exception)
           ^^^^^^^^^^^^^^^^^^^^^^^^^^^^^^^^^^^^^^^
  File "/home/prince/PycharmProjects/FastCRUD/base/utils/custom_exception.py", line 68, in handle_exception
    return render(
           ^^^^^^^
  File "/home/prince/anaconda3/envs/DjangoProject/lib/python3.11/site-packages/django/shortcuts.py", line 25, in render
    content = loader.render_to_string(template_name, context, request, using=using)
              ^^^^^^^^^^^^^^^^^^^^^^^^^^^^^^^^^^^^^^^^^^^^^^^^^^^^^^^^^^^^^^^^^^^^^
  File "/home/prince/anaconda3/envs/DjangoProject/lib/python3.11/site-packages/django/template/loader.py", line 61, in render_to_string
    template = get_template(template_name, using=using)
               ^^^^^^^^^^^^^^^^^^^^^^^^^^^^^^^^^^^^^^^^
  File "/home/prince/anaconda3/envs/DjangoProject/lib/python3.11/site-packages/django/template/loader.py", line 12, in get_template
    engines = _engine_list(using)
              ^^^^^^^^^^^^^^^^^^^
  File "/home/prince/anaconda3/envs/DjangoProject/lib/python3.11/site-packages/django/template/loader.py", line 66, in _engine_list
    return engines.all() if using is None else [engines[using]]
           ^^^^^^^^^^^^^
  File "/home/prince/anaconda3/envs/DjangoProject/lib/python3.11/site-packages/django/template/utils.py", line 94, in all
    return [self[alias] for alias in self]
           ^^^^^^^^^^^^^^^^^^^^^^^^^^^^^^^
  File "/home/prince/anaconda3/envs/DjangoProject/lib/python3.11/site-packages/django/template/utils.py", line 91, in __iter__
    return iter(self.templates)
                ^^^^^^^^^^^^^^
  File "/home/prince/anaconda3/envs/DjangoProject/lib/python3.11/site-packages/django/utils/functional.py", line 47, in __get__
    res = instance.__dict__[self.name] = self.func(instance)
                                         ^^^^^^^^^^^^^^^^^^^
  File "/home/prince/anaconda3/envs/DjangoProject/lib/python3.11/site-packages/django/template/utils.py", line 28, in templates
    self._templates = settings.TEMPLATES
                      ^^^^^^^^^^^^^^^^^^
  File "/home/prince/anaconda3/envs/DjangoProject/lib/python3.11/site-packages/django/conf/__init__.py", line 81, in __getattr__
    self._setup(name)
  File "/home/prince/anaconda3/envs/DjangoProject/lib/python3.11/site-packages/django/conf/__init__.py", line 61, in _setup
    raise ImproperlyConfigured(
django.core.exceptions.ImproperlyConfigured: Requested setting TEMPLATES, but settings are not configured. You must either define the environment variable DJANGO_SETTINGS_MODULE or call settings.configure() before accessing settings.
2025-03-24 16:27:08,320 - category_controller.py - FastCRUD -  insert_category_controller - INFO - Attempting to insert new category: string

2025-03-24 16:27:08,323 - category_service.py - FastCRUD -  insert_category_service - ERROR - Error inserting category
Traceback (most recent call last):
  File "/home/prince/.local/lib/python3.11/site-packages/sqlalchemy/orm/clsregistry.py", line 516, in _resolve_name
    rval = d[token]
           ~^^^^^^^
  File "/home/prince/.local/lib/python3.11/site-packages/sqlalchemy/util/_collections.py", line 345, in __missing__
    self[key] = val = self.creator(key)
                      ^^^^^^^^^^^^^^^^^
  File "/home/prince/.local/lib/python3.11/site-packages/sqlalchemy/orm/clsregistry.py", line 484, in _access_cls
    return self.fallback[key]
           ~~~~~~~~~~~~~^^^^^
KeyError: 'ProductVO'

The above exception was the direct cause of the following exception:

Traceback (most recent call last):
  File "/home/prince/PycharmProjects/FastCRUD/base/service/category/category_service.py", line 24, in insert_category_service
    category_vo = CategoryVO(**category_dto.model_dump())
                  ^^^^^^^^^^^^^^^^^^^^^^^^^^^^^^^^^^^^^^^
  File "<string>", line 4, in __init__
  File "/home/prince/.local/lib/python3.11/site-packages/sqlalchemy/orm/state.py", line 566, in _initialize_instance
    manager.dispatch.init(self, args, kwargs)
  File "/home/prince/.local/lib/python3.11/site-packages/sqlalchemy/event/attr.py", line 497, in __call__
    fn(*args, **kw)
  File "/home/prince/.local/lib/python3.11/site-packages/sqlalchemy/orm/mapper.py", line 4405, in _event_on_init
    instrumenting_mapper._check_configure()
  File "/home/prince/.local/lib/python3.11/site-packages/sqlalchemy/orm/mapper.py", line 2401, in _check_configure
    _configure_registries({self.registry}, cascade=True)
  File "/home/prince/.local/lib/python3.11/site-packages/sqlalchemy/orm/mapper.py", line 4213, in _configure_registries
    _do_configure_registries(registries, cascade)
  File "/home/prince/.local/lib/python3.11/site-packages/sqlalchemy/orm/mapper.py", line 4254, in _do_configure_registries
    mapper._post_configure_properties()
  File "/home/prince/.local/lib/python3.11/site-packages/sqlalchemy/orm/mapper.py", line 2418, in _post_configure_properties
    prop.init()
  File "/home/prince/.local/lib/python3.11/site-packages/sqlalchemy/orm/interfaces.py", line 589, in init
    self.do_init()
  File "/home/prince/.local/lib/python3.11/site-packages/sqlalchemy/orm/relationships.py", line 1656, in do_init
    self._setup_entity()
  File "/home/prince/.local/lib/python3.11/site-packages/sqlalchemy/orm/relationships.py", line 1868, in _setup_entity
    self._clsregistry_resolve_name(argument)(),
    ^^^^^^^^^^^^^^^^^^^^^^^^^^^^^^^^^^^^^^^^^^
  File "/home/prince/.local/lib/python3.11/site-packages/sqlalchemy/orm/clsregistry.py", line 520, in _resolve_name
    self._raise_for_name(name, err)
  File "/home/prince/.local/lib/python3.11/site-packages/sqlalchemy/orm/clsregistry.py", line 501, in _raise_for_name
    raise exc.InvalidRequestError(
sqlalchemy.exc.InvalidRequestError: When initializing mapper Mapper[CategoryVO(category_table)], expression 'ProductVO' failed to locate a name ('ProductVO'). If this is a class name, consider adding this relationship() to the <class 'base.vo.category_vo.CategoryVO'> class after both dependent classes have been defined.
2025-03-24 16:27:08,326 - category_controller.py - FastCRUD -  insert_category_controller - ERROR - Error inserting category
Traceback (most recent call last):
  File "/home/prince/.local/lib/python3.11/site-packages/sqlalchemy/orm/clsregistry.py", line 516, in _resolve_name
    rval = d[token]
           ~^^^^^^^
  File "/home/prince/.local/lib/python3.11/site-packages/sqlalchemy/util/_collections.py", line 345, in __missing__
    self[key] = val = self.creator(key)
                      ^^^^^^^^^^^^^^^^^
  File "/home/prince/.local/lib/python3.11/site-packages/sqlalchemy/orm/clsregistry.py", line 484, in _access_cls
    return self.fallback[key]
           ~~~~~~~~~~~~~^^^^^
KeyError: 'ProductVO'

The above exception was the direct cause of the following exception:

Traceback (most recent call last):
  File "/home/prince/PycharmProjects/FastCRUD/base/service/category/category_service.py", line 24, in insert_category_service
    category_vo = CategoryVO(**category_dto.model_dump())
                  ^^^^^^^^^^^^^^^^^^^^^^^^^^^^^^^^^^^^^^^
  File "<string>", line 4, in __init__
  File "/home/prince/.local/lib/python3.11/site-packages/sqlalchemy/orm/state.py", line 566, in _initialize_instance
    manager.dispatch.init(self, args, kwargs)
  File "/home/prince/.local/lib/python3.11/site-packages/sqlalchemy/event/attr.py", line 497, in __call__
    fn(*args, **kw)
  File "/home/prince/.local/lib/python3.11/site-packages/sqlalchemy/orm/mapper.py", line 4405, in _event_on_init
    instrumenting_mapper._check_configure()
  File "/home/prince/.local/lib/python3.11/site-packages/sqlalchemy/orm/mapper.py", line 2401, in _check_configure
    _configure_registries({self.registry}, cascade=True)
  File "/home/prince/.local/lib/python3.11/site-packages/sqlalchemy/orm/mapper.py", line 4213, in _configure_registries
    _do_configure_registries(registries, cascade)
  File "/home/prince/.local/lib/python3.11/site-packages/sqlalchemy/orm/mapper.py", line 4254, in _do_configure_registries
    mapper._post_configure_properties()
  File "/home/prince/.local/lib/python3.11/site-packages/sqlalchemy/orm/mapper.py", line 2418, in _post_configure_properties
    prop.init()
  File "/home/prince/.local/lib/python3.11/site-packages/sqlalchemy/orm/interfaces.py", line 589, in init
    self.do_init()
  File "/home/prince/.local/lib/python3.11/site-packages/sqlalchemy/orm/relationships.py", line 1656, in do_init
    self._setup_entity()
  File "/home/prince/.local/lib/python3.11/site-packages/sqlalchemy/orm/relationships.py", line 1868, in _setup_entity
    self._clsregistry_resolve_name(argument)(),
    ^^^^^^^^^^^^^^^^^^^^^^^^^^^^^^^^^^^^^^^^^^
  File "/home/prince/.local/lib/python3.11/site-packages/sqlalchemy/orm/clsregistry.py", line 520, in _resolve_name
    self._raise_for_name(name, err)
  File "/home/prince/.local/lib/python3.11/site-packages/sqlalchemy/orm/clsregistry.py", line 501, in _raise_for_name
    raise exc.InvalidRequestError(
sqlalchemy.exc.InvalidRequestError: When initializing mapper Mapper[CategoryVO(category_table)], expression 'ProductVO' failed to locate a name ('ProductVO'). If this is a class name, consider adding this relationship() to the <class 'base.vo.category_vo.CategoryVO'> class after both dependent classes have been defined.

During handling of the above exception, another exception occurred:

Traceback (most recent call last):
  File "/home/prince/PycharmProjects/FastCRUD/base/api/controller/category/category_controller.py", line 33, in insert_category_controller
    result = CategoryService.insert_category_service(category, db)
             ^^^^^^^^^^^^^^^^^^^^^^^^^^^^^^^^^^^^^^^^^^^^^^^^^^^^^
  File "/home/prince/PycharmProjects/FastCRUD/base/service/category/category_service.py", line 38, in insert_category_service
    return AppServices.handle_exception(exception)
           ^^^^^^^^^^^^^^^^^^^^^^^^^^^^^^^^^^^^^^^
  File "/home/prince/PycharmProjects/FastCRUD/base/utils/custom_exception.py", line 68, in handle_exception
    return render(
           ^^^^^^^
  File "/home/prince/anaconda3/envs/DjangoProject/lib/python3.11/site-packages/django/shortcuts.py", line 25, in render
    content = loader.render_to_string(template_name, context, request, using=using)
              ^^^^^^^^^^^^^^^^^^^^^^^^^^^^^^^^^^^^^^^^^^^^^^^^^^^^^^^^^^^^^^^^^^^^^
  File "/home/prince/anaconda3/envs/DjangoProject/lib/python3.11/site-packages/django/template/loader.py", line 61, in render_to_string
    template = get_template(template_name, using=using)
               ^^^^^^^^^^^^^^^^^^^^^^^^^^^^^^^^^^^^^^^^
  File "/home/prince/anaconda3/envs/DjangoProject/lib/python3.11/site-packages/django/template/loader.py", line 12, in get_template
    engines = _engine_list(using)
              ^^^^^^^^^^^^^^^^^^^
  File "/home/prince/anaconda3/envs/DjangoProject/lib/python3.11/site-packages/django/template/loader.py", line 66, in _engine_list
    return engines.all() if using is None else [engines[using]]
           ^^^^^^^^^^^^^
  File "/home/prince/anaconda3/envs/DjangoProject/lib/python3.11/site-packages/django/template/utils.py", line 94, in all
    return [self[alias] for alias in self]
           ^^^^^^^^^^^^^^^^^^^^^^^^^^^^^^^
  File "/home/prince/anaconda3/envs/DjangoProject/lib/python3.11/site-packages/django/template/utils.py", line 91, in __iter__
    return iter(self.templates)
                ^^^^^^^^^^^^^^
  File "/home/prince/anaconda3/envs/DjangoProject/lib/python3.11/site-packages/django/utils/functional.py", line 47, in __get__
    res = instance.__dict__[self.name] = self.func(instance)
                                         ^^^^^^^^^^^^^^^^^^^
  File "/home/prince/anaconda3/envs/DjangoProject/lib/python3.11/site-packages/django/template/utils.py", line 28, in templates
    self._templates = settings.TEMPLATES
                      ^^^^^^^^^^^^^^^^^^
  File "/home/prince/anaconda3/envs/DjangoProject/lib/python3.11/site-packages/django/conf/__init__.py", line 81, in __getattr__
    self._setup(name)
  File "/home/prince/anaconda3/envs/DjangoProject/lib/python3.11/site-packages/django/conf/__init__.py", line 61, in _setup
    raise ImproperlyConfigured(
django.core.exceptions.ImproperlyConfigured: Requested setting TEMPLATES, but settings are not configured. You must either define the environment variable DJANGO_SETTINGS_MODULE or call settings.configure() before accessing settings.
2025-03-24 16:44:38,609 - category_controller.py - FastCRUD -  insert_category_controller - INFO - Attempting to insert new category: FoodscvfdRedccdccsdcipes

2025-03-24 16:44:38,611 - category_service.py - FastCRUD -  insert_category_service - ERROR - Error inserting category
Traceback (most recent call last):
  File "/home/prince/.local/lib/python3.11/site-packages/sqlalchemy/orm/clsregistry.py", line 516, in _resolve_name
    rval = d[token]
           ~^^^^^^^
  File "/home/prince/.local/lib/python3.11/site-packages/sqlalchemy/util/_collections.py", line 345, in __missing__
    self[key] = val = self.creator(key)
                      ^^^^^^^^^^^^^^^^^
  File "/home/prince/.local/lib/python3.11/site-packages/sqlalchemy/orm/clsregistry.py", line 484, in _access_cls
    return self.fallback[key]
           ~~~~~~~~~~~~~^^^^^
KeyError: 'SubcategoryVO'

The above exception was the direct cause of the following exception:

Traceback (most recent call last):
  File "/home/prince/PycharmProjects/FastCRUD/base/service/category/category_service.py", line 24, in insert_category_service
    category_vo = CategoryVO(**category_dto.model_dump())
                  ^^^^^^^^^^^^^^^^^^^^^^^^^^^^^^^^^^^^^^^
  File "<string>", line 4, in __init__
  File "/home/prince/.local/lib/python3.11/site-packages/sqlalchemy/orm/state.py", line 566, in _initialize_instance
    manager.dispatch.init(self, args, kwargs)
  File "/home/prince/.local/lib/python3.11/site-packages/sqlalchemy/event/attr.py", line 497, in __call__
    fn(*args, **kw)
  File "/home/prince/.local/lib/python3.11/site-packages/sqlalchemy/orm/mapper.py", line 4405, in _event_on_init
    instrumenting_mapper._check_configure()
  File "/home/prince/.local/lib/python3.11/site-packages/sqlalchemy/orm/mapper.py", line 2401, in _check_configure
    _configure_registries({self.registry}, cascade=True)
  File "/home/prince/.local/lib/python3.11/site-packages/sqlalchemy/orm/mapper.py", line 4213, in _configure_registries
    _do_configure_registries(registries, cascade)
  File "/home/prince/.local/lib/python3.11/site-packages/sqlalchemy/orm/mapper.py", line 4254, in _do_configure_registries
    mapper._post_configure_properties()
  File "/home/prince/.local/lib/python3.11/site-packages/sqlalchemy/orm/mapper.py", line 2418, in _post_configure_properties
    prop.init()
  File "/home/prince/.local/lib/python3.11/site-packages/sqlalchemy/orm/interfaces.py", line 589, in init
    self.do_init()
  File "/home/prince/.local/lib/python3.11/site-packages/sqlalchemy/orm/relationships.py", line 1656, in do_init
    self._setup_entity()
  File "/home/prince/.local/lib/python3.11/site-packages/sqlalchemy/orm/relationships.py", line 1868, in _setup_entity
    self._clsregistry_resolve_name(argument)(),
    ^^^^^^^^^^^^^^^^^^^^^^^^^^^^^^^^^^^^^^^^^^
  File "/home/prince/.local/lib/python3.11/site-packages/sqlalchemy/orm/clsregistry.py", line 520, in _resolve_name
    self._raise_for_name(name, err)
  File "/home/prince/.local/lib/python3.11/site-packages/sqlalchemy/orm/clsregistry.py", line 501, in _raise_for_name
    raise exc.InvalidRequestError(
sqlalchemy.exc.InvalidRequestError: When initializing mapper Mapper[CategoryVO(category_table)], expression 'SubcategoryVO' failed to locate a name ('SubcategoryVO'). If this is a class name, consider adding this relationship() to the <class 'base.vo.category_vo.CategoryVO'> class after both dependent classes have been defined.
2025-03-24 16:44:38,617 - category_controller.py - FastCRUD -  insert_category_controller - ERROR - Error inserting category
Traceback (most recent call last):
  File "/home/prince/.local/lib/python3.11/site-packages/sqlalchemy/orm/clsregistry.py", line 516, in _resolve_name
    rval = d[token]
           ~^^^^^^^
  File "/home/prince/.local/lib/python3.11/site-packages/sqlalchemy/util/_collections.py", line 345, in __missing__
    self[key] = val = self.creator(key)
                      ^^^^^^^^^^^^^^^^^
  File "/home/prince/.local/lib/python3.11/site-packages/sqlalchemy/orm/clsregistry.py", line 484, in _access_cls
    return self.fallback[key]
           ~~~~~~~~~~~~~^^^^^
KeyError: 'SubcategoryVO'

The above exception was the direct cause of the following exception:

Traceback (most recent call last):
  File "/home/prince/PycharmProjects/FastCRUD/base/service/category/category_service.py", line 24, in insert_category_service
    category_vo = CategoryVO(**category_dto.model_dump())
                  ^^^^^^^^^^^^^^^^^^^^^^^^^^^^^^^^^^^^^^^
  File "<string>", line 4, in __init__
  File "/home/prince/.local/lib/python3.11/site-packages/sqlalchemy/orm/state.py", line 566, in _initialize_instance
    manager.dispatch.init(self, args, kwargs)
  File "/home/prince/.local/lib/python3.11/site-packages/sqlalchemy/event/attr.py", line 497, in __call__
    fn(*args, **kw)
  File "/home/prince/.local/lib/python3.11/site-packages/sqlalchemy/orm/mapper.py", line 4405, in _event_on_init
    instrumenting_mapper._check_configure()
  File "/home/prince/.local/lib/python3.11/site-packages/sqlalchemy/orm/mapper.py", line 2401, in _check_configure
    _configure_registries({self.registry}, cascade=True)
  File "/home/prince/.local/lib/python3.11/site-packages/sqlalchemy/orm/mapper.py", line 4213, in _configure_registries
    _do_configure_registries(registries, cascade)
  File "/home/prince/.local/lib/python3.11/site-packages/sqlalchemy/orm/mapper.py", line 4254, in _do_configure_registries
    mapper._post_configure_properties()
  File "/home/prince/.local/lib/python3.11/site-packages/sqlalchemy/orm/mapper.py", line 2418, in _post_configure_properties
    prop.init()
  File "/home/prince/.local/lib/python3.11/site-packages/sqlalchemy/orm/interfaces.py", line 589, in init
    self.do_init()
  File "/home/prince/.local/lib/python3.11/site-packages/sqlalchemy/orm/relationships.py", line 1656, in do_init
    self._setup_entity()
  File "/home/prince/.local/lib/python3.11/site-packages/sqlalchemy/orm/relationships.py", line 1868, in _setup_entity
    self._clsregistry_resolve_name(argument)(),
    ^^^^^^^^^^^^^^^^^^^^^^^^^^^^^^^^^^^^^^^^^^
  File "/home/prince/.local/lib/python3.11/site-packages/sqlalchemy/orm/clsregistry.py", line 520, in _resolve_name
    self._raise_for_name(name, err)
  File "/home/prince/.local/lib/python3.11/site-packages/sqlalchemy/orm/clsregistry.py", line 501, in _raise_for_name
    raise exc.InvalidRequestError(
sqlalchemy.exc.InvalidRequestError: When initializing mapper Mapper[CategoryVO(category_table)], expression 'SubcategoryVO' failed to locate a name ('SubcategoryVO'). If this is a class name, consider adding this relationship() to the <class 'base.vo.category_vo.CategoryVO'> class after both dependent classes have been defined.

During handling of the above exception, another exception occurred:

Traceback (most recent call last):
  File "/home/prince/PycharmProjects/FastCRUD/base/api/controller/category/category_controller.py", line 33, in insert_category_controller
    result = CategoryService.insert_category_service(category, db)
             ^^^^^^^^^^^^^^^^^^^^^^^^^^^^^^^^^^^^^^^^^^^^^^^^^^^^^
  File "/home/prince/PycharmProjects/FastCRUD/base/service/category/category_service.py", line 38, in insert_category_service
    return AppServices.handle_exception(exception)
           ^^^^^^^^^^^^^^^^^^^^^^^^^^^^^^^^^^^^^^^
  File "/home/prince/PycharmProjects/FastCRUD/base/utils/custom_exception.py", line 68, in handle_exception
    return render(
           ^^^^^^^
  File "/home/prince/anaconda3/envs/DjangoProject/lib/python3.11/site-packages/django/shortcuts.py", line 25, in render
    content = loader.render_to_string(template_name, context, request, using=using)
              ^^^^^^^^^^^^^^^^^^^^^^^^^^^^^^^^^^^^^^^^^^^^^^^^^^^^^^^^^^^^^^^^^^^^^
  File "/home/prince/anaconda3/envs/DjangoProject/lib/python3.11/site-packages/django/template/loader.py", line 61, in render_to_string
    template = get_template(template_name, using=using)
               ^^^^^^^^^^^^^^^^^^^^^^^^^^^^^^^^^^^^^^^^
  File "/home/prince/anaconda3/envs/DjangoProject/lib/python3.11/site-packages/django/template/loader.py", line 12, in get_template
    engines = _engine_list(using)
              ^^^^^^^^^^^^^^^^^^^
  File "/home/prince/anaconda3/envs/DjangoProject/lib/python3.11/site-packages/django/template/loader.py", line 66, in _engine_list
    return engines.all() if using is None else [engines[using]]
           ^^^^^^^^^^^^^
  File "/home/prince/anaconda3/envs/DjangoProject/lib/python3.11/site-packages/django/template/utils.py", line 94, in all
    return [self[alias] for alias in self]
           ^^^^^^^^^^^^^^^^^^^^^^^^^^^^^^^
  File "/home/prince/anaconda3/envs/DjangoProject/lib/python3.11/site-packages/django/template/utils.py", line 91, in __iter__
    return iter(self.templates)
                ^^^^^^^^^^^^^^
  File "/home/prince/anaconda3/envs/DjangoProject/lib/python3.11/site-packages/django/utils/functional.py", line 47, in __get__
    res = instance.__dict__[self.name] = self.func(instance)
                                         ^^^^^^^^^^^^^^^^^^^
  File "/home/prince/anaconda3/envs/DjangoProject/lib/python3.11/site-packages/django/template/utils.py", line 28, in templates
    self._templates = settings.TEMPLATES
                      ^^^^^^^^^^^^^^^^^^
  File "/home/prince/anaconda3/envs/DjangoProject/lib/python3.11/site-packages/django/conf/__init__.py", line 81, in __getattr__
    self._setup(name)
  File "/home/prince/anaconda3/envs/DjangoProject/lib/python3.11/site-packages/django/conf/__init__.py", line 61, in _setup
    raise ImproperlyConfigured(
django.core.exceptions.ImproperlyConfigured: Requested setting TEMPLATES, but settings are not configured. You must either define the environment variable DJANGO_SETTINGS_MODULE or call settings.configure() before accessing settings.
2025-03-24 16:44:52,690 - category_controller.py - FastCRUD -  insert_category_controller - INFO - Attempting to insert new category: FoodscvfdRedccdccsdcipes

2025-03-24 16:44:52,691 - category_service.py - FastCRUD -  insert_category_service - ERROR - Error inserting category
Traceback (most recent call last):
  File "/home/prince/.local/lib/python3.11/site-packages/sqlalchemy/orm/clsregistry.py", line 516, in _resolve_name
    rval = d[token]
           ~^^^^^^^
  File "/home/prince/.local/lib/python3.11/site-packages/sqlalchemy/util/_collections.py", line 345, in __missing__
    self[key] = val = self.creator(key)
                      ^^^^^^^^^^^^^^^^^
  File "/home/prince/.local/lib/python3.11/site-packages/sqlalchemy/orm/clsregistry.py", line 484, in _access_cls
    return self.fallback[key]
           ~~~~~~~~~~~~~^^^^^
KeyError: 'SubcategoryVO'

The above exception was the direct cause of the following exception:

Traceback (most recent call last):
  File "/home/prince/PycharmProjects/FastCRUD/base/service/category/category_service.py", line 24, in insert_category_service
    category_vo = CategoryVO(**category_dto.model_dump())
                  ^^^^^^^^^^^^^^^^^^^^^^^^^^^^^^^^^^^^^^^
  File "<string>", line 4, in __init__
  File "/home/prince/.local/lib/python3.11/site-packages/sqlalchemy/orm/state.py", line 566, in _initialize_instance
    manager.dispatch.init(self, args, kwargs)
  File "/home/prince/.local/lib/python3.11/site-packages/sqlalchemy/event/attr.py", line 497, in __call__
    fn(*args, **kw)
  File "/home/prince/.local/lib/python3.11/site-packages/sqlalchemy/orm/mapper.py", line 4405, in _event_on_init
    instrumenting_mapper._check_configure()
  File "/home/prince/.local/lib/python3.11/site-packages/sqlalchemy/orm/mapper.py", line 2401, in _check_configure
    _configure_registries({self.registry}, cascade=True)
  File "/home/prince/.local/lib/python3.11/site-packages/sqlalchemy/orm/mapper.py", line 4213, in _configure_registries
    _do_configure_registries(registries, cascade)
  File "/home/prince/.local/lib/python3.11/site-packages/sqlalchemy/orm/mapper.py", line 4254, in _do_configure_registries
    mapper._post_configure_properties()
  File "/home/prince/.local/lib/python3.11/site-packages/sqlalchemy/orm/mapper.py", line 2418, in _post_configure_properties
    prop.init()
  File "/home/prince/.local/lib/python3.11/site-packages/sqlalchemy/orm/interfaces.py", line 589, in init
    self.do_init()
  File "/home/prince/.local/lib/python3.11/site-packages/sqlalchemy/orm/relationships.py", line 1656, in do_init
    self._setup_entity()
  File "/home/prince/.local/lib/python3.11/site-packages/sqlalchemy/orm/relationships.py", line 1868, in _setup_entity
    self._clsregistry_resolve_name(argument)(),
    ^^^^^^^^^^^^^^^^^^^^^^^^^^^^^^^^^^^^^^^^^^
  File "/home/prince/.local/lib/python3.11/site-packages/sqlalchemy/orm/clsregistry.py", line 520, in _resolve_name
    self._raise_for_name(name, err)
  File "/home/prince/.local/lib/python3.11/site-packages/sqlalchemy/orm/clsregistry.py", line 501, in _raise_for_name
    raise exc.InvalidRequestError(
sqlalchemy.exc.InvalidRequestError: When initializing mapper Mapper[CategoryVO(category_table)], expression 'SubcategoryVO' failed to locate a name ('SubcategoryVO'). If this is a class name, consider adding this relationship() to the <class 'base.vo.category_vo.CategoryVO'> class after both dependent classes have been defined.
2025-03-24 16:44:52,695 - category_controller.py - FastCRUD -  insert_category_controller - ERROR - Error inserting category
Traceback (most recent call last):
  File "/home/prince/.local/lib/python3.11/site-packages/sqlalchemy/orm/clsregistry.py", line 516, in _resolve_name
    rval = d[token]
           ~^^^^^^^
  File "/home/prince/.local/lib/python3.11/site-packages/sqlalchemy/util/_collections.py", line 345, in __missing__
    self[key] = val = self.creator(key)
                      ^^^^^^^^^^^^^^^^^
  File "/home/prince/.local/lib/python3.11/site-packages/sqlalchemy/orm/clsregistry.py", line 484, in _access_cls
    return self.fallback[key]
           ~~~~~~~~~~~~~^^^^^
KeyError: 'SubcategoryVO'

The above exception was the direct cause of the following exception:

Traceback (most recent call last):
  File "/home/prince/PycharmProjects/FastCRUD/base/service/category/category_service.py", line 24, in insert_category_service
    category_vo = CategoryVO(**category_dto.model_dump())
                  ^^^^^^^^^^^^^^^^^^^^^^^^^^^^^^^^^^^^^^^
  File "<string>", line 4, in __init__
  File "/home/prince/.local/lib/python3.11/site-packages/sqlalchemy/orm/state.py", line 566, in _initialize_instance
    manager.dispatch.init(self, args, kwargs)
  File "/home/prince/.local/lib/python3.11/site-packages/sqlalchemy/event/attr.py", line 497, in __call__
    fn(*args, **kw)
  File "/home/prince/.local/lib/python3.11/site-packages/sqlalchemy/orm/mapper.py", line 4405, in _event_on_init
    instrumenting_mapper._check_configure()
  File "/home/prince/.local/lib/python3.11/site-packages/sqlalchemy/orm/mapper.py", line 2401, in _check_configure
    _configure_registries({self.registry}, cascade=True)
  File "/home/prince/.local/lib/python3.11/site-packages/sqlalchemy/orm/mapper.py", line 4213, in _configure_registries
    _do_configure_registries(registries, cascade)
  File "/home/prince/.local/lib/python3.11/site-packages/sqlalchemy/orm/mapper.py", line 4254, in _do_configure_registries
    mapper._post_configure_properties()
  File "/home/prince/.local/lib/python3.11/site-packages/sqlalchemy/orm/mapper.py", line 2418, in _post_configure_properties
    prop.init()
  File "/home/prince/.local/lib/python3.11/site-packages/sqlalchemy/orm/interfaces.py", line 589, in init
    self.do_init()
  File "/home/prince/.local/lib/python3.11/site-packages/sqlalchemy/orm/relationships.py", line 1656, in do_init
    self._setup_entity()
  File "/home/prince/.local/lib/python3.11/site-packages/sqlalchemy/orm/relationships.py", line 1868, in _setup_entity
    self._clsregistry_resolve_name(argument)(),
    ^^^^^^^^^^^^^^^^^^^^^^^^^^^^^^^^^^^^^^^^^^
  File "/home/prince/.local/lib/python3.11/site-packages/sqlalchemy/orm/clsregistry.py", line 520, in _resolve_name
    self._raise_for_name(name, err)
  File "/home/prince/.local/lib/python3.11/site-packages/sqlalchemy/orm/clsregistry.py", line 501, in _raise_for_name
    raise exc.InvalidRequestError(
sqlalchemy.exc.InvalidRequestError: When initializing mapper Mapper[CategoryVO(category_table)], expression 'SubcategoryVO' failed to locate a name ('SubcategoryVO'). If this is a class name, consider adding this relationship() to the <class 'base.vo.category_vo.CategoryVO'> class after both dependent classes have been defined.

During handling of the above exception, another exception occurred:

Traceback (most recent call last):
  File "/home/prince/PycharmProjects/FastCRUD/base/api/controller/category/category_controller.py", line 33, in insert_category_controller
    result = CategoryService.insert_category_service(category, db)
             ^^^^^^^^^^^^^^^^^^^^^^^^^^^^^^^^^^^^^^^^^^^^^^^^^^^^^
  File "/home/prince/PycharmProjects/FastCRUD/base/service/category/category_service.py", line 38, in insert_category_service
    return AppServices.handle_exception(exception)
           ^^^^^^^^^^^^^^^^^^^^^^^^^^^^^^^^^^^^^^^
  File "/home/prince/PycharmProjects/FastCRUD/base/utils/custom_exception.py", line 68, in handle_exception
    return render(
           ^^^^^^^
  File "/home/prince/anaconda3/envs/DjangoProject/lib/python3.11/site-packages/django/shortcuts.py", line 25, in render
    content = loader.render_to_string(template_name, context, request, using=using)
              ^^^^^^^^^^^^^^^^^^^^^^^^^^^^^^^^^^^^^^^^^^^^^^^^^^^^^^^^^^^^^^^^^^^^^
  File "/home/prince/anaconda3/envs/DjangoProject/lib/python3.11/site-packages/django/template/loader.py", line 61, in render_to_string
    template = get_template(template_name, using=using)
               ^^^^^^^^^^^^^^^^^^^^^^^^^^^^^^^^^^^^^^^^
  File "/home/prince/anaconda3/envs/DjangoProject/lib/python3.11/site-packages/django/template/loader.py", line 12, in get_template
    engines = _engine_list(using)
              ^^^^^^^^^^^^^^^^^^^
  File "/home/prince/anaconda3/envs/DjangoProject/lib/python3.11/site-packages/django/template/loader.py", line 66, in _engine_list
    return engines.all() if using is None else [engines[using]]
           ^^^^^^^^^^^^^
  File "/home/prince/anaconda3/envs/DjangoProject/lib/python3.11/site-packages/django/template/utils.py", line 94, in all
    return [self[alias] for alias in self]
           ^^^^^^^^^^^^^^^^^^^^^^^^^^^^^^^
  File "/home/prince/anaconda3/envs/DjangoProject/lib/python3.11/site-packages/django/template/utils.py", line 91, in __iter__
    return iter(self.templates)
                ^^^^^^^^^^^^^^
  File "/home/prince/anaconda3/envs/DjangoProject/lib/python3.11/site-packages/django/utils/functional.py", line 47, in __get__
    res = instance.__dict__[self.name] = self.func(instance)
                                         ^^^^^^^^^^^^^^^^^^^
  File "/home/prince/anaconda3/envs/DjangoProject/lib/python3.11/site-packages/django/template/utils.py", line 28, in templates
    self._templates = settings.TEMPLATES
                      ^^^^^^^^^^^^^^^^^^
  File "/home/prince/anaconda3/envs/DjangoProject/lib/python3.11/site-packages/django/conf/__init__.py", line 81, in __getattr__
    self._setup(name)
  File "/home/prince/anaconda3/envs/DjangoProject/lib/python3.11/site-packages/django/conf/__init__.py", line 61, in _setup
    raise ImproperlyConfigured(
django.core.exceptions.ImproperlyConfigured: Requested setting TEMPLATES, but settings are not configured. You must either define the environment variable DJANGO_SETTINGS_MODULE or call settings.configure() before accessing settings.
2025-03-24 16:47:43,810 - category_controller.py - FastCRUD -  insert_category_controller - INFO - Attempting to insert new category: FoodscvfdRedccdccsdcipes

2025-03-24 16:47:43,816 - category_service.py - FastCRUD -  insert_category_service - ERROR - Error inserting category
Traceback (most recent call last):
  File "/home/prince/.local/lib/python3.11/site-packages/sqlalchemy/orm/clsregistry.py", line 516, in _resolve_name
    rval = d[token]
           ~^^^^^^^
  File "/home/prince/.local/lib/python3.11/site-packages/sqlalchemy/util/_collections.py", line 345, in __missing__
    self[key] = val = self.creator(key)
                      ^^^^^^^^^^^^^^^^^
  File "/home/prince/.local/lib/python3.11/site-packages/sqlalchemy/orm/clsregistry.py", line 484, in _access_cls
    return self.fallback[key]
           ~~~~~~~~~~~~~^^^^^
KeyError: 'ProductVO'

The above exception was the direct cause of the following exception:

Traceback (most recent call last):
  File "/home/prince/PycharmProjects/FastCRUD/base/service/category/category_service.py", line 24, in insert_category_service
    category_vo = CategoryVO(**category_dto.model_dump())
                  ^^^^^^^^^^^^^^^^^^^^^^^^^^^^^^^^^^^^^^^
  File "<string>", line 4, in __init__
  File "/home/prince/.local/lib/python3.11/site-packages/sqlalchemy/orm/state.py", line 566, in _initialize_instance
    manager.dispatch.init(self, args, kwargs)
  File "/home/prince/.local/lib/python3.11/site-packages/sqlalchemy/event/attr.py", line 497, in __call__
    fn(*args, **kw)
  File "/home/prince/.local/lib/python3.11/site-packages/sqlalchemy/orm/mapper.py", line 4405, in _event_on_init
    instrumenting_mapper._check_configure()
  File "/home/prince/.local/lib/python3.11/site-packages/sqlalchemy/orm/mapper.py", line 2401, in _check_configure
    _configure_registries({self.registry}, cascade=True)
  File "/home/prince/.local/lib/python3.11/site-packages/sqlalchemy/orm/mapper.py", line 4213, in _configure_registries
    _do_configure_registries(registries, cascade)
  File "/home/prince/.local/lib/python3.11/site-packages/sqlalchemy/orm/mapper.py", line 4254, in _do_configure_registries
    mapper._post_configure_properties()
  File "/home/prince/.local/lib/python3.11/site-packages/sqlalchemy/orm/mapper.py", line 2418, in _post_configure_properties
    prop.init()
  File "/home/prince/.local/lib/python3.11/site-packages/sqlalchemy/orm/interfaces.py", line 589, in init
    self.do_init()
  File "/home/prince/.local/lib/python3.11/site-packages/sqlalchemy/orm/relationships.py", line 1656, in do_init
    self._setup_entity()
  File "/home/prince/.local/lib/python3.11/site-packages/sqlalchemy/orm/relationships.py", line 1868, in _setup_entity
    self._clsregistry_resolve_name(argument)(),
    ^^^^^^^^^^^^^^^^^^^^^^^^^^^^^^^^^^^^^^^^^^
  File "/home/prince/.local/lib/python3.11/site-packages/sqlalchemy/orm/clsregistry.py", line 520, in _resolve_name
    self._raise_for_name(name, err)
  File "/home/prince/.local/lib/python3.11/site-packages/sqlalchemy/orm/clsregistry.py", line 501, in _raise_for_name
    raise exc.InvalidRequestError(
sqlalchemy.exc.InvalidRequestError: When initializing mapper Mapper[CategoryVO(category_table)], expression 'ProductVO' failed to locate a name ('ProductVO'). If this is a class name, consider adding this relationship() to the <class 'base.vo.category_vo.CategoryVO'> class after both dependent classes have been defined.
2025-03-24 16:47:43,822 - category_controller.py - FastCRUD -  insert_category_controller - ERROR - Error inserting category
Traceback (most recent call last):
  File "/home/prince/.local/lib/python3.11/site-packages/sqlalchemy/orm/clsregistry.py", line 516, in _resolve_name
    rval = d[token]
           ~^^^^^^^
  File "/home/prince/.local/lib/python3.11/site-packages/sqlalchemy/util/_collections.py", line 345, in __missing__
    self[key] = val = self.creator(key)
                      ^^^^^^^^^^^^^^^^^
  File "/home/prince/.local/lib/python3.11/site-packages/sqlalchemy/orm/clsregistry.py", line 484, in _access_cls
    return self.fallback[key]
           ~~~~~~~~~~~~~^^^^^
KeyError: 'ProductVO'

The above exception was the direct cause of the following exception:

Traceback (most recent call last):
  File "/home/prince/PycharmProjects/FastCRUD/base/service/category/category_service.py", line 24, in insert_category_service
    category_vo = CategoryVO(**category_dto.model_dump())
                  ^^^^^^^^^^^^^^^^^^^^^^^^^^^^^^^^^^^^^^^
  File "<string>", line 4, in __init__
  File "/home/prince/.local/lib/python3.11/site-packages/sqlalchemy/orm/state.py", line 566, in _initialize_instance
    manager.dispatch.init(self, args, kwargs)
  File "/home/prince/.local/lib/python3.11/site-packages/sqlalchemy/event/attr.py", line 497, in __call__
    fn(*args, **kw)
  File "/home/prince/.local/lib/python3.11/site-packages/sqlalchemy/orm/mapper.py", line 4405, in _event_on_init
    instrumenting_mapper._check_configure()
  File "/home/prince/.local/lib/python3.11/site-packages/sqlalchemy/orm/mapper.py", line 2401, in _check_configure
    _configure_registries({self.registry}, cascade=True)
  File "/home/prince/.local/lib/python3.11/site-packages/sqlalchemy/orm/mapper.py", line 4213, in _configure_registries
    _do_configure_registries(registries, cascade)
  File "/home/prince/.local/lib/python3.11/site-packages/sqlalchemy/orm/mapper.py", line 4254, in _do_configure_registries
    mapper._post_configure_properties()
  File "/home/prince/.local/lib/python3.11/site-packages/sqlalchemy/orm/mapper.py", line 2418, in _post_configure_properties
    prop.init()
  File "/home/prince/.local/lib/python3.11/site-packages/sqlalchemy/orm/interfaces.py", line 589, in init
    self.do_init()
  File "/home/prince/.local/lib/python3.11/site-packages/sqlalchemy/orm/relationships.py", line 1656, in do_init
    self._setup_entity()
  File "/home/prince/.local/lib/python3.11/site-packages/sqlalchemy/orm/relationships.py", line 1868, in _setup_entity
    self._clsregistry_resolve_name(argument)(),
    ^^^^^^^^^^^^^^^^^^^^^^^^^^^^^^^^^^^^^^^^^^
  File "/home/prince/.local/lib/python3.11/site-packages/sqlalchemy/orm/clsregistry.py", line 520, in _resolve_name
    self._raise_for_name(name, err)
  File "/home/prince/.local/lib/python3.11/site-packages/sqlalchemy/orm/clsregistry.py", line 501, in _raise_for_name
    raise exc.InvalidRequestError(
sqlalchemy.exc.InvalidRequestError: When initializing mapper Mapper[CategoryVO(category_table)], expression 'ProductVO' failed to locate a name ('ProductVO'). If this is a class name, consider adding this relationship() to the <class 'base.vo.category_vo.CategoryVO'> class after both dependent classes have been defined.

During handling of the above exception, another exception occurred:

Traceback (most recent call last):
  File "/home/prince/PycharmProjects/FastCRUD/base/api/controller/category/category_controller.py", line 33, in insert_category_controller
    result = CategoryService.insert_category_service(category, db)
             ^^^^^^^^^^^^^^^^^^^^^^^^^^^^^^^^^^^^^^^^^^^^^^^^^^^^^
  File "/home/prince/PycharmProjects/FastCRUD/base/service/category/category_service.py", line 38, in insert_category_service
    return AppServices.handle_exception(exception)
           ^^^^^^^^^^^^^^^^^^^^^^^^^^^^^^^^^^^^^^^
  File "/home/prince/PycharmProjects/FastCRUD/base/utils/custom_exception.py", line 68, in handle_exception
    return render(
           ^^^^^^^
  File "/home/prince/anaconda3/envs/DjangoProject/lib/python3.11/site-packages/django/shortcuts.py", line 25, in render
    content = loader.render_to_string(template_name, context, request, using=using)
              ^^^^^^^^^^^^^^^^^^^^^^^^^^^^^^^^^^^^^^^^^^^^^^^^^^^^^^^^^^^^^^^^^^^^^
  File "/home/prince/anaconda3/envs/DjangoProject/lib/python3.11/site-packages/django/template/loader.py", line 61, in render_to_string
    template = get_template(template_name, using=using)
               ^^^^^^^^^^^^^^^^^^^^^^^^^^^^^^^^^^^^^^^^
  File "/home/prince/anaconda3/envs/DjangoProject/lib/python3.11/site-packages/django/template/loader.py", line 12, in get_template
    engines = _engine_list(using)
              ^^^^^^^^^^^^^^^^^^^
  File "/home/prince/anaconda3/envs/DjangoProject/lib/python3.11/site-packages/django/template/loader.py", line 66, in _engine_list
    return engines.all() if using is None else [engines[using]]
           ^^^^^^^^^^^^^
  File "/home/prince/anaconda3/envs/DjangoProject/lib/python3.11/site-packages/django/template/utils.py", line 94, in all
    return [self[alias] for alias in self]
           ^^^^^^^^^^^^^^^^^^^^^^^^^^^^^^^
  File "/home/prince/anaconda3/envs/DjangoProject/lib/python3.11/site-packages/django/template/utils.py", line 91, in __iter__
    return iter(self.templates)
                ^^^^^^^^^^^^^^
  File "/home/prince/anaconda3/envs/DjangoProject/lib/python3.11/site-packages/django/utils/functional.py", line 47, in __get__
    res = instance.__dict__[self.name] = self.func(instance)
                                         ^^^^^^^^^^^^^^^^^^^
  File "/home/prince/anaconda3/envs/DjangoProject/lib/python3.11/site-packages/django/template/utils.py", line 28, in templates
    self._templates = settings.TEMPLATES
                      ^^^^^^^^^^^^^^^^^^
  File "/home/prince/anaconda3/envs/DjangoProject/lib/python3.11/site-packages/django/conf/__init__.py", line 81, in __getattr__
    self._setup(name)
  File "/home/prince/anaconda3/envs/DjangoProject/lib/python3.11/site-packages/django/conf/__init__.py", line 61, in _setup
    raise ImproperlyConfigured(
django.core.exceptions.ImproperlyConfigured: Requested setting TEMPLATES, but settings are not configured. You must either define the environment variable DJANGO_SETTINGS_MODULE or call settings.configure() before accessing settings.
2025-03-24 16:48:18,141 - category_controller.py - FastCRUD -  insert_category_controller - INFO - Attempting to insert new category: FoodscvfdRedccdccsdcipes

2025-03-24 16:48:18,145 - category_service.py - FastCRUD -  insert_category_service - ERROR - Error inserting category
Traceback (most recent call last):
  File "/home/prince/.local/lib/python3.11/site-packages/sqlalchemy/orm/mapper.py", line 2522, in get_property
    return self._props[key]
           ~~~~~~~~~~~^^^^^
KeyError: 'subcategory'

The above exception was the direct cause of the following exception:

Traceback (most recent call last):
  File "/home/prince/PycharmProjects/FastCRUD/base/service/category/category_service.py", line 24, in insert_category_service
    category_vo = CategoryVO(**category_dto.model_dump())
                  ^^^^^^^^^^^^^^^^^^^^^^^^^^^^^^^^^^^^^^^
  File "<string>", line 4, in __init__
  File "/home/prince/.local/lib/python3.11/site-packages/sqlalchemy/orm/state.py", line 566, in _initialize_instance
    manager.dispatch.init(self, args, kwargs)
  File "/home/prince/.local/lib/python3.11/site-packages/sqlalchemy/event/attr.py", line 497, in __call__
    fn(*args, **kw)
  File "/home/prince/.local/lib/python3.11/site-packages/sqlalchemy/orm/mapper.py", line 4405, in _event_on_init
    instrumenting_mapper._check_configure()
  File "/home/prince/.local/lib/python3.11/site-packages/sqlalchemy/orm/mapper.py", line 2401, in _check_configure
    _configure_registries({self.registry}, cascade=True)
  File "/home/prince/.local/lib/python3.11/site-packages/sqlalchemy/orm/mapper.py", line 4213, in _configure_registries
    _do_configure_registries(registries, cascade)
  File "/home/prince/.local/lib/python3.11/site-packages/sqlalchemy/orm/mapper.py", line 4254, in _do_configure_registries
    mapper._post_configure_properties()
  File "/home/prince/.local/lib/python3.11/site-packages/sqlalchemy/orm/mapper.py", line 2418, in _post_configure_properties
    prop.init()
  File "/home/prince/.local/lib/python3.11/site-packages/sqlalchemy/orm/interfaces.py", line 589, in init
    self.do_init()
  File "/home/prince/.local/lib/python3.11/site-packages/sqlalchemy/orm/relationships.py", line 1661, in do_init
    self._generate_backref()
  File "/home/prince/.local/lib/python3.11/site-packages/sqlalchemy/orm/relationships.py", line 2147, in _generate_backref
    self._add_reverse_property(self.back_populates)
  File "/home/prince/.local/lib/python3.11/site-packages/sqlalchemy/orm/relationships.py", line 1592, in _add_reverse_property
    other = self.mapper.get_property(key, _configure_mappers=False)
            ^^^^^^^^^^^^^^^^^^^^^^^^^^^^^^^^^^^^^^^^^^^^^^^^^^^^^^^
  File "/home/prince/.local/lib/python3.11/site-packages/sqlalchemy/orm/mapper.py", line 2524, in get_property
    raise sa_exc.InvalidRequestError(
sqlalchemy.exc.InvalidRequestError: Mapper 'Mapper[CategoryVO(category_table)]' has no property 'subcategory'.  If this property was indicated from other mappers or configure events, ensure registry.configure() has been called.
2025-03-24 16:48:18,150 - category_controller.py - FastCRUD -  insert_category_controller - ERROR - Error inserting category
Traceback (most recent call last):
  File "/home/prince/.local/lib/python3.11/site-packages/sqlalchemy/orm/mapper.py", line 2522, in get_property
    return self._props[key]
           ~~~~~~~~~~~^^^^^
KeyError: 'subcategory'

The above exception was the direct cause of the following exception:

Traceback (most recent call last):
  File "/home/prince/PycharmProjects/FastCRUD/base/service/category/category_service.py", line 24, in insert_category_service
    category_vo = CategoryVO(**category_dto.model_dump())
                  ^^^^^^^^^^^^^^^^^^^^^^^^^^^^^^^^^^^^^^^
  File "<string>", line 4, in __init__
  File "/home/prince/.local/lib/python3.11/site-packages/sqlalchemy/orm/state.py", line 566, in _initialize_instance
    manager.dispatch.init(self, args, kwargs)
  File "/home/prince/.local/lib/python3.11/site-packages/sqlalchemy/event/attr.py", line 497, in __call__
    fn(*args, **kw)
  File "/home/prince/.local/lib/python3.11/site-packages/sqlalchemy/orm/mapper.py", line 4405, in _event_on_init
    instrumenting_mapper._check_configure()
  File "/home/prince/.local/lib/python3.11/site-packages/sqlalchemy/orm/mapper.py", line 2401, in _check_configure
    _configure_registries({self.registry}, cascade=True)
  File "/home/prince/.local/lib/python3.11/site-packages/sqlalchemy/orm/mapper.py", line 4213, in _configure_registries
    _do_configure_registries(registries, cascade)
  File "/home/prince/.local/lib/python3.11/site-packages/sqlalchemy/orm/mapper.py", line 4254, in _do_configure_registries
    mapper._post_configure_properties()
  File "/home/prince/.local/lib/python3.11/site-packages/sqlalchemy/orm/mapper.py", line 2418, in _post_configure_properties
    prop.init()
  File "/home/prince/.local/lib/python3.11/site-packages/sqlalchemy/orm/interfaces.py", line 589, in init
    self.do_init()
  File "/home/prince/.local/lib/python3.11/site-packages/sqlalchemy/orm/relationships.py", line 1661, in do_init
    self._generate_backref()
  File "/home/prince/.local/lib/python3.11/site-packages/sqlalchemy/orm/relationships.py", line 2147, in _generate_backref
    self._add_reverse_property(self.back_populates)
  File "/home/prince/.local/lib/python3.11/site-packages/sqlalchemy/orm/relationships.py", line 1592, in _add_reverse_property
    other = self.mapper.get_property(key, _configure_mappers=False)
            ^^^^^^^^^^^^^^^^^^^^^^^^^^^^^^^^^^^^^^^^^^^^^^^^^^^^^^^
  File "/home/prince/.local/lib/python3.11/site-packages/sqlalchemy/orm/mapper.py", line 2524, in get_property
    raise sa_exc.InvalidRequestError(
sqlalchemy.exc.InvalidRequestError: Mapper 'Mapper[CategoryVO(category_table)]' has no property 'subcategory'.  If this property was indicated from other mappers or configure events, ensure registry.configure() has been called.

During handling of the above exception, another exception occurred:

Traceback (most recent call last):
  File "/home/prince/PycharmProjects/FastCRUD/base/api/controller/category/category_controller.py", line 33, in insert_category_controller
    result = CategoryService.insert_category_service(category, db)
             ^^^^^^^^^^^^^^^^^^^^^^^^^^^^^^^^^^^^^^^^^^^^^^^^^^^^^
  File "/home/prince/PycharmProjects/FastCRUD/base/service/category/category_service.py", line 38, in insert_category_service
    return AppServices.handle_exception(exception)
           ^^^^^^^^^^^^^^^^^^^^^^^^^^^^^^^^^^^^^^^
  File "/home/prince/PycharmProjects/FastCRUD/base/utils/custom_exception.py", line 68, in handle_exception
    return render(
           ^^^^^^^
  File "/home/prince/anaconda3/envs/DjangoProject/lib/python3.11/site-packages/django/shortcuts.py", line 25, in render
    content = loader.render_to_string(template_name, context, request, using=using)
              ^^^^^^^^^^^^^^^^^^^^^^^^^^^^^^^^^^^^^^^^^^^^^^^^^^^^^^^^^^^^^^^^^^^^^
  File "/home/prince/anaconda3/envs/DjangoProject/lib/python3.11/site-packages/django/template/loader.py", line 61, in render_to_string
    template = get_template(template_name, using=using)
               ^^^^^^^^^^^^^^^^^^^^^^^^^^^^^^^^^^^^^^^^
  File "/home/prince/anaconda3/envs/DjangoProject/lib/python3.11/site-packages/django/template/loader.py", line 12, in get_template
    engines = _engine_list(using)
              ^^^^^^^^^^^^^^^^^^^
  File "/home/prince/anaconda3/envs/DjangoProject/lib/python3.11/site-packages/django/template/loader.py", line 66, in _engine_list
    return engines.all() if using is None else [engines[using]]
           ^^^^^^^^^^^^^
  File "/home/prince/anaconda3/envs/DjangoProject/lib/python3.11/site-packages/django/template/utils.py", line 94, in all
    return [self[alias] for alias in self]
           ^^^^^^^^^^^^^^^^^^^^^^^^^^^^^^^
  File "/home/prince/anaconda3/envs/DjangoProject/lib/python3.11/site-packages/django/template/utils.py", line 91, in __iter__
    return iter(self.templates)
                ^^^^^^^^^^^^^^
  File "/home/prince/anaconda3/envs/DjangoProject/lib/python3.11/site-packages/django/utils/functional.py", line 47, in __get__
    res = instance.__dict__[self.name] = self.func(instance)
                                         ^^^^^^^^^^^^^^^^^^^
  File "/home/prince/anaconda3/envs/DjangoProject/lib/python3.11/site-packages/django/template/utils.py", line 28, in templates
    self._templates = settings.TEMPLATES
                      ^^^^^^^^^^^^^^^^^^
  File "/home/prince/anaconda3/envs/DjangoProject/lib/python3.11/site-packages/django/conf/__init__.py", line 81, in __getattr__
    self._setup(name)
  File "/home/prince/anaconda3/envs/DjangoProject/lib/python3.11/site-packages/django/conf/__init__.py", line 61, in _setup
    raise ImproperlyConfigured(
django.core.exceptions.ImproperlyConfigured: Requested setting TEMPLATES, but settings are not configured. You must either define the environment variable DJANGO_SETTINGS_MODULE or call settings.configure() before accessing settings.
2025-03-24 16:48:26,458 - category_controller.py - FastCRUD -  insert_category_controller - INFO - Attempting to insert new category: FoodscvfdRedccdccsdcipes

2025-03-24 16:48:26,462 - category_service.py - FastCRUD -  insert_category_service - ERROR - Error inserting category
Traceback (most recent call last):
  File "/home/prince/.local/lib/python3.11/site-packages/sqlalchemy/orm/mapper.py", line 2522, in get_property
    return self._props[key]
           ~~~~~~~~~~~^^^^^
KeyError: 'subcategory'

The above exception was the direct cause of the following exception:

Traceback (most recent call last):
  File "/home/prince/PycharmProjects/FastCRUD/base/service/category/category_service.py", line 24, in insert_category_service
    category_vo = CategoryVO(**category_dto.model_dump())
                  ^^^^^^^^^^^^^^^^^^^^^^^^^^^^^^^^^^^^^^^
  File "<string>", line 4, in __init__
  File "/home/prince/.local/lib/python3.11/site-packages/sqlalchemy/orm/state.py", line 566, in _initialize_instance
    manager.dispatch.init(self, args, kwargs)
  File "/home/prince/.local/lib/python3.11/site-packages/sqlalchemy/event/attr.py", line 497, in __call__
    fn(*args, **kw)
  File "/home/prince/.local/lib/python3.11/site-packages/sqlalchemy/orm/mapper.py", line 4405, in _event_on_init
    instrumenting_mapper._check_configure()
  File "/home/prince/.local/lib/python3.11/site-packages/sqlalchemy/orm/mapper.py", line 2401, in _check_configure
    _configure_registries({self.registry}, cascade=True)
  File "/home/prince/.local/lib/python3.11/site-packages/sqlalchemy/orm/mapper.py", line 4213, in _configure_registries
    _do_configure_registries(registries, cascade)
  File "/home/prince/.local/lib/python3.11/site-packages/sqlalchemy/orm/mapper.py", line 4254, in _do_configure_registries
    mapper._post_configure_properties()
  File "/home/prince/.local/lib/python3.11/site-packages/sqlalchemy/orm/mapper.py", line 2418, in _post_configure_properties
    prop.init()
  File "/home/prince/.local/lib/python3.11/site-packages/sqlalchemy/orm/interfaces.py", line 589, in init
    self.do_init()
  File "/home/prince/.local/lib/python3.11/site-packages/sqlalchemy/orm/relationships.py", line 1661, in do_init
    self._generate_backref()
  File "/home/prince/.local/lib/python3.11/site-packages/sqlalchemy/orm/relationships.py", line 2147, in _generate_backref
    self._add_reverse_property(self.back_populates)
  File "/home/prince/.local/lib/python3.11/site-packages/sqlalchemy/orm/relationships.py", line 1592, in _add_reverse_property
    other = self.mapper.get_property(key, _configure_mappers=False)
            ^^^^^^^^^^^^^^^^^^^^^^^^^^^^^^^^^^^^^^^^^^^^^^^^^^^^^^^
  File "/home/prince/.local/lib/python3.11/site-packages/sqlalchemy/orm/mapper.py", line 2524, in get_property
    raise sa_exc.InvalidRequestError(
sqlalchemy.exc.InvalidRequestError: Mapper 'Mapper[CategoryVO(category_table)]' has no property 'subcategory'.  If this property was indicated from other mappers or configure events, ensure registry.configure() has been called.
2025-03-24 16:48:26,467 - category_controller.py - FastCRUD -  insert_category_controller - ERROR - Error inserting category
Traceback (most recent call last):
  File "/home/prince/.local/lib/python3.11/site-packages/sqlalchemy/orm/mapper.py", line 2522, in get_property
    return self._props[key]
           ~~~~~~~~~~~^^^^^
KeyError: 'subcategory'

The above exception was the direct cause of the following exception:

Traceback (most recent call last):
  File "/home/prince/PycharmProjects/FastCRUD/base/service/category/category_service.py", line 24, in insert_category_service
    category_vo = CategoryVO(**category_dto.model_dump())
                  ^^^^^^^^^^^^^^^^^^^^^^^^^^^^^^^^^^^^^^^
  File "<string>", line 4, in __init__
  File "/home/prince/.local/lib/python3.11/site-packages/sqlalchemy/orm/state.py", line 566, in _initialize_instance
    manager.dispatch.init(self, args, kwargs)
  File "/home/prince/.local/lib/python3.11/site-packages/sqlalchemy/event/attr.py", line 497, in __call__
    fn(*args, **kw)
  File "/home/prince/.local/lib/python3.11/site-packages/sqlalchemy/orm/mapper.py", line 4405, in _event_on_init
    instrumenting_mapper._check_configure()
  File "/home/prince/.local/lib/python3.11/site-packages/sqlalchemy/orm/mapper.py", line 2401, in _check_configure
    _configure_registries({self.registry}, cascade=True)
  File "/home/prince/.local/lib/python3.11/site-packages/sqlalchemy/orm/mapper.py", line 4213, in _configure_registries
    _do_configure_registries(registries, cascade)
  File "/home/prince/.local/lib/python3.11/site-packages/sqlalchemy/orm/mapper.py", line 4254, in _do_configure_registries
    mapper._post_configure_properties()
  File "/home/prince/.local/lib/python3.11/site-packages/sqlalchemy/orm/mapper.py", line 2418, in _post_configure_properties
    prop.init()
  File "/home/prince/.local/lib/python3.11/site-packages/sqlalchemy/orm/interfaces.py", line 589, in init
    self.do_init()
  File "/home/prince/.local/lib/python3.11/site-packages/sqlalchemy/orm/relationships.py", line 1661, in do_init
    self._generate_backref()
  File "/home/prince/.local/lib/python3.11/site-packages/sqlalchemy/orm/relationships.py", line 2147, in _generate_backref
    self._add_reverse_property(self.back_populates)
  File "/home/prince/.local/lib/python3.11/site-packages/sqlalchemy/orm/relationships.py", line 1592, in _add_reverse_property
    other = self.mapper.get_property(key, _configure_mappers=False)
            ^^^^^^^^^^^^^^^^^^^^^^^^^^^^^^^^^^^^^^^^^^^^^^^^^^^^^^^
  File "/home/prince/.local/lib/python3.11/site-packages/sqlalchemy/orm/mapper.py", line 2524, in get_property
    raise sa_exc.InvalidRequestError(
sqlalchemy.exc.InvalidRequestError: Mapper 'Mapper[CategoryVO(category_table)]' has no property 'subcategory'.  If this property was indicated from other mappers or configure events, ensure registry.configure() has been called.

During handling of the above exception, another exception occurred:

Traceback (most recent call last):
  File "/home/prince/PycharmProjects/FastCRUD/base/api/controller/category/category_controller.py", line 33, in insert_category_controller
    result = CategoryService.insert_category_service(category, db)
             ^^^^^^^^^^^^^^^^^^^^^^^^^^^^^^^^^^^^^^^^^^^^^^^^^^^^^
  File "/home/prince/PycharmProjects/FastCRUD/base/service/category/category_service.py", line 38, in insert_category_service
    return AppServices.handle_exception(exception)
           ^^^^^^^^^^^^^^^^^^^^^^^^^^^^^^^^^^^^^^^
  File "/home/prince/PycharmProjects/FastCRUD/base/utils/custom_exception.py", line 68, in handle_exception
    return render(
           ^^^^^^^
  File "/home/prince/anaconda3/envs/DjangoProject/lib/python3.11/site-packages/django/shortcuts.py", line 25, in render
    content = loader.render_to_string(template_name, context, request, using=using)
              ^^^^^^^^^^^^^^^^^^^^^^^^^^^^^^^^^^^^^^^^^^^^^^^^^^^^^^^^^^^^^^^^^^^^^
  File "/home/prince/anaconda3/envs/DjangoProject/lib/python3.11/site-packages/django/template/loader.py", line 61, in render_to_string
    template = get_template(template_name, using=using)
               ^^^^^^^^^^^^^^^^^^^^^^^^^^^^^^^^^^^^^^^^
  File "/home/prince/anaconda3/envs/DjangoProject/lib/python3.11/site-packages/django/template/loader.py", line 12, in get_template
    engines = _engine_list(using)
              ^^^^^^^^^^^^^^^^^^^
  File "/home/prince/anaconda3/envs/DjangoProject/lib/python3.11/site-packages/django/template/loader.py", line 66, in _engine_list
    return engines.all() if using is None else [engines[using]]
           ^^^^^^^^^^^^^
  File "/home/prince/anaconda3/envs/DjangoProject/lib/python3.11/site-packages/django/template/utils.py", line 94, in all
    return [self[alias] for alias in self]
           ^^^^^^^^^^^^^^^^^^^^^^^^^^^^^^^
  File "/home/prince/anaconda3/envs/DjangoProject/lib/python3.11/site-packages/django/template/utils.py", line 91, in __iter__
    return iter(self.templates)
                ^^^^^^^^^^^^^^
  File "/home/prince/anaconda3/envs/DjangoProject/lib/python3.11/site-packages/django/utils/functional.py", line 47, in __get__
    res = instance.__dict__[self.name] = self.func(instance)
                                         ^^^^^^^^^^^^^^^^^^^
  File "/home/prince/anaconda3/envs/DjangoProject/lib/python3.11/site-packages/django/template/utils.py", line 28, in templates
    self._templates = settings.TEMPLATES
                      ^^^^^^^^^^^^^^^^^^
  File "/home/prince/anaconda3/envs/DjangoProject/lib/python3.11/site-packages/django/conf/__init__.py", line 81, in __getattr__
    self._setup(name)
  File "/home/prince/anaconda3/envs/DjangoProject/lib/python3.11/site-packages/django/conf/__init__.py", line 61, in _setup
    raise ImproperlyConfigured(
django.core.exceptions.ImproperlyConfigured: Requested setting TEMPLATES, but settings are not configured. You must either define the environment variable DJANGO_SETTINGS_MODULE or call settings.configure() before accessing settings.
2025-03-24 17:32:32,591 - category_controller.py - FastCRUD -  insert_category_controller - INFO - Attempting to insert new category: FoodscvfdRedccdccsdcipes

2025-03-24 17:32:32,594 - category_service.py - FastCRUD -  insert_category_service - ERROR - Error inserting category
Traceback (most recent call last):
  File "/home/prince/.local/lib/python3.11/site-packages/sqlalchemy/orm/clsregistry.py", line 516, in _resolve_name
    rval = d[token]
           ~^^^^^^^
  File "/home/prince/.local/lib/python3.11/site-packages/sqlalchemy/util/_collections.py", line 345, in __missing__
    self[key] = val = self.creator(key)
                      ^^^^^^^^^^^^^^^^^
  File "/home/prince/.local/lib/python3.11/site-packages/sqlalchemy/orm/clsregistry.py", line 484, in _access_cls
    return self.fallback[key]
           ~~~~~~~~~~~~~^^^^^
KeyError: 'ProductVO'

The above exception was the direct cause of the following exception:

Traceback (most recent call last):
  File "/home/prince/PycharmProjects/FastCRUD/base/service/category/category_service.py", line 24, in insert_category_service
    category_vo = CategoryVO(**category_dto.model_dump())
                  ^^^^^^^^^^^^^^^^^^^^^^^^^^^^^^^^^^^^^^^
  File "<string>", line 4, in __init__
  File "/home/prince/.local/lib/python3.11/site-packages/sqlalchemy/orm/state.py", line 566, in _initialize_instance
    manager.dispatch.init(self, args, kwargs)
  File "/home/prince/.local/lib/python3.11/site-packages/sqlalchemy/event/attr.py", line 497, in __call__
    fn(*args, **kw)
  File "/home/prince/.local/lib/python3.11/site-packages/sqlalchemy/orm/mapper.py", line 4405, in _event_on_init
    instrumenting_mapper._check_configure()
  File "/home/prince/.local/lib/python3.11/site-packages/sqlalchemy/orm/mapper.py", line 2401, in _check_configure
    _configure_registries({self.registry}, cascade=True)
  File "/home/prince/.local/lib/python3.11/site-packages/sqlalchemy/orm/mapper.py", line 4213, in _configure_registries
    _do_configure_registries(registries, cascade)
  File "/home/prince/.local/lib/python3.11/site-packages/sqlalchemy/orm/mapper.py", line 4254, in _do_configure_registries
    mapper._post_configure_properties()
  File "/home/prince/.local/lib/python3.11/site-packages/sqlalchemy/orm/mapper.py", line 2418, in _post_configure_properties
    prop.init()
  File "/home/prince/.local/lib/python3.11/site-packages/sqlalchemy/orm/interfaces.py", line 589, in init
    self.do_init()
  File "/home/prince/.local/lib/python3.11/site-packages/sqlalchemy/orm/relationships.py", line 1656, in do_init
    self._setup_entity()
  File "/home/prince/.local/lib/python3.11/site-packages/sqlalchemy/orm/relationships.py", line 1868, in _setup_entity
    self._clsregistry_resolve_name(argument)(),
    ^^^^^^^^^^^^^^^^^^^^^^^^^^^^^^^^^^^^^^^^^^
  File "/home/prince/.local/lib/python3.11/site-packages/sqlalchemy/orm/clsregistry.py", line 520, in _resolve_name
    self._raise_for_name(name, err)
  File "/home/prince/.local/lib/python3.11/site-packages/sqlalchemy/orm/clsregistry.py", line 501, in _raise_for_name
    raise exc.InvalidRequestError(
sqlalchemy.exc.InvalidRequestError: When initializing mapper Mapper[CategoryVO(category_table)], expression 'ProductVO' failed to locate a name ('ProductVO'). If this is a class name, consider adding this relationship() to the <class 'base.vo.category_vo.CategoryVO'> class after both dependent classes have been defined.
2025-03-24 17:32:32,597 - category_controller.py - FastCRUD -  insert_category_controller - ERROR - Error inserting category
Traceback (most recent call last):
  File "/home/prince/.local/lib/python3.11/site-packages/sqlalchemy/orm/clsregistry.py", line 516, in _resolve_name
    rval = d[token]
           ~^^^^^^^
  File "/home/prince/.local/lib/python3.11/site-packages/sqlalchemy/util/_collections.py", line 345, in __missing__
    self[key] = val = self.creator(key)
                      ^^^^^^^^^^^^^^^^^
  File "/home/prince/.local/lib/python3.11/site-packages/sqlalchemy/orm/clsregistry.py", line 484, in _access_cls
    return self.fallback[key]
           ~~~~~~~~~~~~~^^^^^
KeyError: 'ProductVO'

The above exception was the direct cause of the following exception:

Traceback (most recent call last):
  File "/home/prince/PycharmProjects/FastCRUD/base/service/category/category_service.py", line 24, in insert_category_service
    category_vo = CategoryVO(**category_dto.model_dump())
                  ^^^^^^^^^^^^^^^^^^^^^^^^^^^^^^^^^^^^^^^
  File "<string>", line 4, in __init__
  File "/home/prince/.local/lib/python3.11/site-packages/sqlalchemy/orm/state.py", line 566, in _initialize_instance
    manager.dispatch.init(self, args, kwargs)
  File "/home/prince/.local/lib/python3.11/site-packages/sqlalchemy/event/attr.py", line 497, in __call__
    fn(*args, **kw)
  File "/home/prince/.local/lib/python3.11/site-packages/sqlalchemy/orm/mapper.py", line 4405, in _event_on_init
    instrumenting_mapper._check_configure()
  File "/home/prince/.local/lib/python3.11/site-packages/sqlalchemy/orm/mapper.py", line 2401, in _check_configure
    _configure_registries({self.registry}, cascade=True)
  File "/home/prince/.local/lib/python3.11/site-packages/sqlalchemy/orm/mapper.py", line 4213, in _configure_registries
    _do_configure_registries(registries, cascade)
  File "/home/prince/.local/lib/python3.11/site-packages/sqlalchemy/orm/mapper.py", line 4254, in _do_configure_registries
    mapper._post_configure_properties()
  File "/home/prince/.local/lib/python3.11/site-packages/sqlalchemy/orm/mapper.py", line 2418, in _post_configure_properties
    prop.init()
  File "/home/prince/.local/lib/python3.11/site-packages/sqlalchemy/orm/interfaces.py", line 589, in init
    self.do_init()
  File "/home/prince/.local/lib/python3.11/site-packages/sqlalchemy/orm/relationships.py", line 1656, in do_init
    self._setup_entity()
  File "/home/prince/.local/lib/python3.11/site-packages/sqlalchemy/orm/relationships.py", line 1868, in _setup_entity
    self._clsregistry_resolve_name(argument)(),
    ^^^^^^^^^^^^^^^^^^^^^^^^^^^^^^^^^^^^^^^^^^
  File "/home/prince/.local/lib/python3.11/site-packages/sqlalchemy/orm/clsregistry.py", line 520, in _resolve_name
    self._raise_for_name(name, err)
  File "/home/prince/.local/lib/python3.11/site-packages/sqlalchemy/orm/clsregistry.py", line 501, in _raise_for_name
    raise exc.InvalidRequestError(
sqlalchemy.exc.InvalidRequestError: When initializing mapper Mapper[CategoryVO(category_table)], expression 'ProductVO' failed to locate a name ('ProductVO'). If this is a class name, consider adding this relationship() to the <class 'base.vo.category_vo.CategoryVO'> class after both dependent classes have been defined.

During handling of the above exception, another exception occurred:

Traceback (most recent call last):
  File "/home/prince/PycharmProjects/FastCRUD/base/api/controller/category/category_controller.py", line 33, in insert_category_controller
    result = CategoryService.insert_category_service(category, db)
             ^^^^^^^^^^^^^^^^^^^^^^^^^^^^^^^^^^^^^^^^^^^^^^^^^^^^^
  File "/home/prince/PycharmProjects/FastCRUD/base/service/category/category_service.py", line 38, in insert_category_service
    return AppServices.handle_exception(exception)
           ^^^^^^^^^^^^^^^^^^^^^^^^^^^^^^^^^^^^^^^
  File "/home/prince/PycharmProjects/FastCRUD/base/utils/custom_exception.py", line 68, in handle_exception
    return render(
           ^^^^^^^
  File "/home/prince/anaconda3/envs/DjangoProject/lib/python3.11/site-packages/django/shortcuts.py", line 25, in render
    content = loader.render_to_string(template_name, context, request, using=using)
              ^^^^^^^^^^^^^^^^^^^^^^^^^^^^^^^^^^^^^^^^^^^^^^^^^^^^^^^^^^^^^^^^^^^^^
  File "/home/prince/anaconda3/envs/DjangoProject/lib/python3.11/site-packages/django/template/loader.py", line 61, in render_to_string
    template = get_template(template_name, using=using)
               ^^^^^^^^^^^^^^^^^^^^^^^^^^^^^^^^^^^^^^^^
  File "/home/prince/anaconda3/envs/DjangoProject/lib/python3.11/site-packages/django/template/loader.py", line 12, in get_template
    engines = _engine_list(using)
              ^^^^^^^^^^^^^^^^^^^
  File "/home/prince/anaconda3/envs/DjangoProject/lib/python3.11/site-packages/django/template/loader.py", line 66, in _engine_list
    return engines.all() if using is None else [engines[using]]
           ^^^^^^^^^^^^^
  File "/home/prince/anaconda3/envs/DjangoProject/lib/python3.11/site-packages/django/template/utils.py", line 94, in all
    return [self[alias] for alias in self]
           ^^^^^^^^^^^^^^^^^^^^^^^^^^^^^^^
  File "/home/prince/anaconda3/envs/DjangoProject/lib/python3.11/site-packages/django/template/utils.py", line 91, in __iter__
    return iter(self.templates)
                ^^^^^^^^^^^^^^
  File "/home/prince/anaconda3/envs/DjangoProject/lib/python3.11/site-packages/django/utils/functional.py", line 47, in __get__
    res = instance.__dict__[self.name] = self.func(instance)
                                         ^^^^^^^^^^^^^^^^^^^
  File "/home/prince/anaconda3/envs/DjangoProject/lib/python3.11/site-packages/django/template/utils.py", line 28, in templates
    self._templates = settings.TEMPLATES
                      ^^^^^^^^^^^^^^^^^^
  File "/home/prince/anaconda3/envs/DjangoProject/lib/python3.11/site-packages/django/conf/__init__.py", line 81, in __getattr__
    self._setup(name)
  File "/home/prince/anaconda3/envs/DjangoProject/lib/python3.11/site-packages/django/conf/__init__.py", line 61, in _setup
    raise ImproperlyConfigured(
django.core.exceptions.ImproperlyConfigured: Requested setting TEMPLATES, but settings are not configured. You must either define the environment variable DJANGO_SETTINGS_MODULE or call settings.configure() before accessing settings.
2025-03-24 17:33:40,506 - category_controller.py - FastCRUD -  insert_category_controller - INFO - Attempting to insert new category: FoodscvfdRedccdccsdcipes

2025-03-24 17:33:40,511 - category_service.py - FastCRUD -  insert_category_service - ERROR - Error inserting category
Traceback (most recent call last):
  File "/home/prince/.local/lib/python3.11/site-packages/sqlalchemy/orm/clsregistry.py", line 516, in _resolve_name
    rval = d[token]
           ~^^^^^^^
  File "/home/prince/.local/lib/python3.11/site-packages/sqlalchemy/util/_collections.py", line 345, in __missing__
    self[key] = val = self.creator(key)
                      ^^^^^^^^^^^^^^^^^
  File "/home/prince/.local/lib/python3.11/site-packages/sqlalchemy/orm/clsregistry.py", line 484, in _access_cls
    return self.fallback[key]
           ~~~~~~~~~~~~~^^^^^
KeyError: 'ProductVO'

The above exception was the direct cause of the following exception:

Traceback (most recent call last):
  File "/home/prince/PycharmProjects/FastCRUD/base/service/category/category_service.py", line 24, in insert_category_service
    category_vo = CategoryVO(**category_dto.model_dump())
                  ^^^^^^^^^^^^^^^^^^^^^^^^^^^^^^^^^^^^^^^
  File "<string>", line 4, in __init__
  File "/home/prince/.local/lib/python3.11/site-packages/sqlalchemy/orm/state.py", line 566, in _initialize_instance
    manager.dispatch.init(self, args, kwargs)
  File "/home/prince/.local/lib/python3.11/site-packages/sqlalchemy/event/attr.py", line 497, in __call__
    fn(*args, **kw)
  File "/home/prince/.local/lib/python3.11/site-packages/sqlalchemy/orm/mapper.py", line 4405, in _event_on_init
    instrumenting_mapper._check_configure()
  File "/home/prince/.local/lib/python3.11/site-packages/sqlalchemy/orm/mapper.py", line 2401, in _check_configure
    _configure_registries({self.registry}, cascade=True)
  File "/home/prince/.local/lib/python3.11/site-packages/sqlalchemy/orm/mapper.py", line 4213, in _configure_registries
    _do_configure_registries(registries, cascade)
  File "/home/prince/.local/lib/python3.11/site-packages/sqlalchemy/orm/mapper.py", line 4254, in _do_configure_registries
    mapper._post_configure_properties()
  File "/home/prince/.local/lib/python3.11/site-packages/sqlalchemy/orm/mapper.py", line 2418, in _post_configure_properties
    prop.init()
  File "/home/prince/.local/lib/python3.11/site-packages/sqlalchemy/orm/interfaces.py", line 589, in init
    self.do_init()
  File "/home/prince/.local/lib/python3.11/site-packages/sqlalchemy/orm/relationships.py", line 1656, in do_init
    self._setup_entity()
  File "/home/prince/.local/lib/python3.11/site-packages/sqlalchemy/orm/relationships.py", line 1868, in _setup_entity
    self._clsregistry_resolve_name(argument)(),
    ^^^^^^^^^^^^^^^^^^^^^^^^^^^^^^^^^^^^^^^^^^
  File "/home/prince/.local/lib/python3.11/site-packages/sqlalchemy/orm/clsregistry.py", line 520, in _resolve_name
    self._raise_for_name(name, err)
  File "/home/prince/.local/lib/python3.11/site-packages/sqlalchemy/orm/clsregistry.py", line 501, in _raise_for_name
    raise exc.InvalidRequestError(
sqlalchemy.exc.InvalidRequestError: When initializing mapper Mapper[CategoryVO(category_table)], expression 'ProductVO' failed to locate a name ('ProductVO'). If this is a class name, consider adding this relationship() to the <class 'base.vo.category_vo.CategoryVO'> class after both dependent classes have been defined.
2025-03-24 17:33:40,518 - category_controller.py - FastCRUD -  insert_category_controller - ERROR - Error inserting category
Traceback (most recent call last):
  File "/home/prince/.local/lib/python3.11/site-packages/sqlalchemy/orm/clsregistry.py", line 516, in _resolve_name
    rval = d[token]
           ~^^^^^^^
  File "/home/prince/.local/lib/python3.11/site-packages/sqlalchemy/util/_collections.py", line 345, in __missing__
    self[key] = val = self.creator(key)
                      ^^^^^^^^^^^^^^^^^
  File "/home/prince/.local/lib/python3.11/site-packages/sqlalchemy/orm/clsregistry.py", line 484, in _access_cls
    return self.fallback[key]
           ~~~~~~~~~~~~~^^^^^
KeyError: 'ProductVO'

The above exception was the direct cause of the following exception:

Traceback (most recent call last):
  File "/home/prince/PycharmProjects/FastCRUD/base/service/category/category_service.py", line 24, in insert_category_service
    category_vo = CategoryVO(**category_dto.model_dump())
                  ^^^^^^^^^^^^^^^^^^^^^^^^^^^^^^^^^^^^^^^
  File "<string>", line 4, in __init__
  File "/home/prince/.local/lib/python3.11/site-packages/sqlalchemy/orm/state.py", line 566, in _initialize_instance
    manager.dispatch.init(self, args, kwargs)
  File "/home/prince/.local/lib/python3.11/site-packages/sqlalchemy/event/attr.py", line 497, in __call__
    fn(*args, **kw)
  File "/home/prince/.local/lib/python3.11/site-packages/sqlalchemy/orm/mapper.py", line 4405, in _event_on_init
    instrumenting_mapper._check_configure()
  File "/home/prince/.local/lib/python3.11/site-packages/sqlalchemy/orm/mapper.py", line 2401, in _check_configure
    _configure_registries({self.registry}, cascade=True)
  File "/home/prince/.local/lib/python3.11/site-packages/sqlalchemy/orm/mapper.py", line 4213, in _configure_registries
    _do_configure_registries(registries, cascade)
  File "/home/prince/.local/lib/python3.11/site-packages/sqlalchemy/orm/mapper.py", line 4254, in _do_configure_registries
    mapper._post_configure_properties()
  File "/home/prince/.local/lib/python3.11/site-packages/sqlalchemy/orm/mapper.py", line 2418, in _post_configure_properties
    prop.init()
  File "/home/prince/.local/lib/python3.11/site-packages/sqlalchemy/orm/interfaces.py", line 589, in init
    self.do_init()
  File "/home/prince/.local/lib/python3.11/site-packages/sqlalchemy/orm/relationships.py", line 1656, in do_init
    self._setup_entity()
  File "/home/prince/.local/lib/python3.11/site-packages/sqlalchemy/orm/relationships.py", line 1868, in _setup_entity
    self._clsregistry_resolve_name(argument)(),
    ^^^^^^^^^^^^^^^^^^^^^^^^^^^^^^^^^^^^^^^^^^
  File "/home/prince/.local/lib/python3.11/site-packages/sqlalchemy/orm/clsregistry.py", line 520, in _resolve_name
    self._raise_for_name(name, err)
  File "/home/prince/.local/lib/python3.11/site-packages/sqlalchemy/orm/clsregistry.py", line 501, in _raise_for_name
    raise exc.InvalidRequestError(
sqlalchemy.exc.InvalidRequestError: When initializing mapper Mapper[CategoryVO(category_table)], expression 'ProductVO' failed to locate a name ('ProductVO'). If this is a class name, consider adding this relationship() to the <class 'base.vo.category_vo.CategoryVO'> class after both dependent classes have been defined.

During handling of the above exception, another exception occurred:

Traceback (most recent call last):
  File "/home/prince/PycharmProjects/FastCRUD/base/api/controller/category/category_controller.py", line 33, in insert_category_controller
    result = CategoryService.insert_category_service(category, db)
             ^^^^^^^^^^^^^^^^^^^^^^^^^^^^^^^^^^^^^^^^^^^^^^^^^^^^^
  File "/home/prince/PycharmProjects/FastCRUD/base/service/category/category_service.py", line 38, in insert_category_service
    return AppServices.handle_exception(exception)
           ^^^^^^^^^^^^^^^^^^^^^^^^^^^^^^^^^^^^^^^
  File "/home/prince/PycharmProjects/FastCRUD/base/utils/custom_exception.py", line 68, in handle_exception
    return render(
           ^^^^^^^
  File "/home/prince/anaconda3/envs/DjangoProject/lib/python3.11/site-packages/django/shortcuts.py", line 25, in render
    content = loader.render_to_string(template_name, context, request, using=using)
              ^^^^^^^^^^^^^^^^^^^^^^^^^^^^^^^^^^^^^^^^^^^^^^^^^^^^^^^^^^^^^^^^^^^^^
  File "/home/prince/anaconda3/envs/DjangoProject/lib/python3.11/site-packages/django/template/loader.py", line 61, in render_to_string
    template = get_template(template_name, using=using)
               ^^^^^^^^^^^^^^^^^^^^^^^^^^^^^^^^^^^^^^^^
  File "/home/prince/anaconda3/envs/DjangoProject/lib/python3.11/site-packages/django/template/loader.py", line 12, in get_template
    engines = _engine_list(using)
              ^^^^^^^^^^^^^^^^^^^
  File "/home/prince/anaconda3/envs/DjangoProject/lib/python3.11/site-packages/django/template/loader.py", line 66, in _engine_list
    return engines.all() if using is None else [engines[using]]
           ^^^^^^^^^^^^^
  File "/home/prince/anaconda3/envs/DjangoProject/lib/python3.11/site-packages/django/template/utils.py", line 94, in all
    return [self[alias] for alias in self]
           ^^^^^^^^^^^^^^^^^^^^^^^^^^^^^^^
  File "/home/prince/anaconda3/envs/DjangoProject/lib/python3.11/site-packages/django/template/utils.py", line 91, in __iter__
    return iter(self.templates)
                ^^^^^^^^^^^^^^
  File "/home/prince/anaconda3/envs/DjangoProject/lib/python3.11/site-packages/django/utils/functional.py", line 47, in __get__
    res = instance.__dict__[self.name] = self.func(instance)
                                         ^^^^^^^^^^^^^^^^^^^
  File "/home/prince/anaconda3/envs/DjangoProject/lib/python3.11/site-packages/django/template/utils.py", line 28, in templates
    self._templates = settings.TEMPLATES
                      ^^^^^^^^^^^^^^^^^^
  File "/home/prince/anaconda3/envs/DjangoProject/lib/python3.11/site-packages/django/conf/__init__.py", line 81, in __getattr__
    self._setup(name)
  File "/home/prince/anaconda3/envs/DjangoProject/lib/python3.11/site-packages/django/conf/__init__.py", line 61, in _setup
    raise ImproperlyConfigured(
django.core.exceptions.ImproperlyConfigured: Requested setting TEMPLATES, but settings are not configured. You must either define the environment variable DJANGO_SETTINGS_MODULE or call settings.configure() before accessing settings.
2025-03-24 17:47:22,559 - category_controller.py - FastCRUD -  insert_category_controller - INFO - Attempting to insert new category: string

2025-03-24 17:47:22,562 - category_service.py - FastCRUD -  insert_category_service - ERROR - Error inserting category
Traceback (most recent call last):
  File "/home/prince/.local/lib/python3.11/site-packages/sqlalchemy/orm/clsregistry.py", line 516, in _resolve_name
    rval = d[token]
           ~^^^^^^^
  File "/home/prince/.local/lib/python3.11/site-packages/sqlalchemy/util/_collections.py", line 345, in __missing__
    self[key] = val = self.creator(key)
                      ^^^^^^^^^^^^^^^^^
  File "/home/prince/.local/lib/python3.11/site-packages/sqlalchemy/orm/clsregistry.py", line 484, in _access_cls
    return self.fallback[key]
           ~~~~~~~~~~~~~^^^^^
KeyError: 'ProductVO'

The above exception was the direct cause of the following exception:

Traceback (most recent call last):
  File "/home/prince/PycharmProjects/FastCRUD/base/service/category/category_service.py", line 24, in insert_category_service
    category_vo = CategoryVO(**category_dto.model_dump())
                  ^^^^^^^^^^^^^^^^^^^^^^^^^^^^^^^^^^^^^^^
  File "<string>", line 4, in __init__
  File "/home/prince/.local/lib/python3.11/site-packages/sqlalchemy/orm/state.py", line 566, in _initialize_instance
    manager.dispatch.init(self, args, kwargs)
  File "/home/prince/.local/lib/python3.11/site-packages/sqlalchemy/event/attr.py", line 497, in __call__
    fn(*args, **kw)
  File "/home/prince/.local/lib/python3.11/site-packages/sqlalchemy/orm/mapper.py", line 4405, in _event_on_init
    instrumenting_mapper._check_configure()
  File "/home/prince/.local/lib/python3.11/site-packages/sqlalchemy/orm/mapper.py", line 2401, in _check_configure
    _configure_registries({self.registry}, cascade=True)
  File "/home/prince/.local/lib/python3.11/site-packages/sqlalchemy/orm/mapper.py", line 4213, in _configure_registries
    _do_configure_registries(registries, cascade)
  File "/home/prince/.local/lib/python3.11/site-packages/sqlalchemy/orm/mapper.py", line 4254, in _do_configure_registries
    mapper._post_configure_properties()
  File "/home/prince/.local/lib/python3.11/site-packages/sqlalchemy/orm/mapper.py", line 2418, in _post_configure_properties
    prop.init()
  File "/home/prince/.local/lib/python3.11/site-packages/sqlalchemy/orm/interfaces.py", line 589, in init
    self.do_init()
  File "/home/prince/.local/lib/python3.11/site-packages/sqlalchemy/orm/relationships.py", line 1656, in do_init
    self._setup_entity()
  File "/home/prince/.local/lib/python3.11/site-packages/sqlalchemy/orm/relationships.py", line 1868, in _setup_entity
    self._clsregistry_resolve_name(argument)(),
    ^^^^^^^^^^^^^^^^^^^^^^^^^^^^^^^^^^^^^^^^^^
  File "/home/prince/.local/lib/python3.11/site-packages/sqlalchemy/orm/clsregistry.py", line 520, in _resolve_name
    self._raise_for_name(name, err)
  File "/home/prince/.local/lib/python3.11/site-packages/sqlalchemy/orm/clsregistry.py", line 501, in _raise_for_name
    raise exc.InvalidRequestError(
sqlalchemy.exc.InvalidRequestError: When initializing mapper Mapper[CategoryVO(category_table)], expression 'ProductVO' failed to locate a name ('ProductVO'). If this is a class name, consider adding this relationship() to the <class 'base.vo.category_vo.CategoryVO'> class after both dependent classes have been defined.
2025-03-24 17:47:22,566 - category_controller.py - FastCRUD -  insert_category_controller - ERROR - Error inserting category
Traceback (most recent call last):
  File "/home/prince/.local/lib/python3.11/site-packages/sqlalchemy/orm/clsregistry.py", line 516, in _resolve_name
    rval = d[token]
           ~^^^^^^^
  File "/home/prince/.local/lib/python3.11/site-packages/sqlalchemy/util/_collections.py", line 345, in __missing__
    self[key] = val = self.creator(key)
                      ^^^^^^^^^^^^^^^^^
  File "/home/prince/.local/lib/python3.11/site-packages/sqlalchemy/orm/clsregistry.py", line 484, in _access_cls
    return self.fallback[key]
           ~~~~~~~~~~~~~^^^^^
KeyError: 'ProductVO'

The above exception was the direct cause of the following exception:

Traceback (most recent call last):
  File "/home/prince/PycharmProjects/FastCRUD/base/service/category/category_service.py", line 24, in insert_category_service
    category_vo = CategoryVO(**category_dto.model_dump())
                  ^^^^^^^^^^^^^^^^^^^^^^^^^^^^^^^^^^^^^^^
  File "<string>", line 4, in __init__
  File "/home/prince/.local/lib/python3.11/site-packages/sqlalchemy/orm/state.py", line 566, in _initialize_instance
    manager.dispatch.init(self, args, kwargs)
  File "/home/prince/.local/lib/python3.11/site-packages/sqlalchemy/event/attr.py", line 497, in __call__
    fn(*args, **kw)
  File "/home/prince/.local/lib/python3.11/site-packages/sqlalchemy/orm/mapper.py", line 4405, in _event_on_init
    instrumenting_mapper._check_configure()
  File "/home/prince/.local/lib/python3.11/site-packages/sqlalchemy/orm/mapper.py", line 2401, in _check_configure
    _configure_registries({self.registry}, cascade=True)
  File "/home/prince/.local/lib/python3.11/site-packages/sqlalchemy/orm/mapper.py", line 4213, in _configure_registries
    _do_configure_registries(registries, cascade)
  File "/home/prince/.local/lib/python3.11/site-packages/sqlalchemy/orm/mapper.py", line 4254, in _do_configure_registries
    mapper._post_configure_properties()
  File "/home/prince/.local/lib/python3.11/site-packages/sqlalchemy/orm/mapper.py", line 2418, in _post_configure_properties
    prop.init()
  File "/home/prince/.local/lib/python3.11/site-packages/sqlalchemy/orm/interfaces.py", line 589, in init
    self.do_init()
  File "/home/prince/.local/lib/python3.11/site-packages/sqlalchemy/orm/relationships.py", line 1656, in do_init
    self._setup_entity()
  File "/home/prince/.local/lib/python3.11/site-packages/sqlalchemy/orm/relationships.py", line 1868, in _setup_entity
    self._clsregistry_resolve_name(argument)(),
    ^^^^^^^^^^^^^^^^^^^^^^^^^^^^^^^^^^^^^^^^^^
  File "/home/prince/.local/lib/python3.11/site-packages/sqlalchemy/orm/clsregistry.py", line 520, in _resolve_name
    self._raise_for_name(name, err)
  File "/home/prince/.local/lib/python3.11/site-packages/sqlalchemy/orm/clsregistry.py", line 501, in _raise_for_name
    raise exc.InvalidRequestError(
sqlalchemy.exc.InvalidRequestError: When initializing mapper Mapper[CategoryVO(category_table)], expression 'ProductVO' failed to locate a name ('ProductVO'). If this is a class name, consider adding this relationship() to the <class 'base.vo.category_vo.CategoryVO'> class after both dependent classes have been defined.

During handling of the above exception, another exception occurred:

Traceback (most recent call last):
  File "/home/prince/PycharmProjects/FastCRUD/base/api/controller/category/category_controller.py", line 33, in insert_category_controller
    result = CategoryService.insert_category_service(category, db)
             ^^^^^^^^^^^^^^^^^^^^^^^^^^^^^^^^^^^^^^^^^^^^^^^^^^^^^
  File "/home/prince/PycharmProjects/FastCRUD/base/service/category/category_service.py", line 38, in insert_category_service
    return AppServices.handle_exception(exception)
           ^^^^^^^^^^^^^^^^^^^^^^^^^^^^^^^^^^^^^^^
  File "/home/prince/PycharmProjects/FastCRUD/base/utils/custom_exception.py", line 68, in handle_exception
    return render(
           ^^^^^^^
  File "/home/prince/anaconda3/envs/DjangoProject/lib/python3.11/site-packages/django/shortcuts.py", line 25, in render
    content = loader.render_to_string(template_name, context, request, using=using)
              ^^^^^^^^^^^^^^^^^^^^^^^^^^^^^^^^^^^^^^^^^^^^^^^^^^^^^^^^^^^^^^^^^^^^^
  File "/home/prince/anaconda3/envs/DjangoProject/lib/python3.11/site-packages/django/template/loader.py", line 61, in render_to_string
    template = get_template(template_name, using=using)
               ^^^^^^^^^^^^^^^^^^^^^^^^^^^^^^^^^^^^^^^^
  File "/home/prince/anaconda3/envs/DjangoProject/lib/python3.11/site-packages/django/template/loader.py", line 12, in get_template
    engines = _engine_list(using)
              ^^^^^^^^^^^^^^^^^^^
  File "/home/prince/anaconda3/envs/DjangoProject/lib/python3.11/site-packages/django/template/loader.py", line 66, in _engine_list
    return engines.all() if using is None else [engines[using]]
           ^^^^^^^^^^^^^
  File "/home/prince/anaconda3/envs/DjangoProject/lib/python3.11/site-packages/django/template/utils.py", line 94, in all
    return [self[alias] for alias in self]
           ^^^^^^^^^^^^^^^^^^^^^^^^^^^^^^^
  File "/home/prince/anaconda3/envs/DjangoProject/lib/python3.11/site-packages/django/template/utils.py", line 91, in __iter__
    return iter(self.templates)
                ^^^^^^^^^^^^^^
  File "/home/prince/anaconda3/envs/DjangoProject/lib/python3.11/site-packages/django/utils/functional.py", line 47, in __get__
    res = instance.__dict__[self.name] = self.func(instance)
                                         ^^^^^^^^^^^^^^^^^^^
  File "/home/prince/anaconda3/envs/DjangoProject/lib/python3.11/site-packages/django/template/utils.py", line 28, in templates
    self._templates = settings.TEMPLATES
                      ^^^^^^^^^^^^^^^^^^
  File "/home/prince/anaconda3/envs/DjangoProject/lib/python3.11/site-packages/django/conf/__init__.py", line 81, in __getattr__
    self._setup(name)
  File "/home/prince/anaconda3/envs/DjangoProject/lib/python3.11/site-packages/django/conf/__init__.py", line 61, in _setup
    raise ImproperlyConfigured(
django.core.exceptions.ImproperlyConfigured: Requested setting TEMPLATES, but settings are not configured. You must either define the environment variable DJANGO_SETTINGS_MODULE or call settings.configure() before accessing settings.
2025-03-24 17:49:26,714 - category_controller.py - FastCRUD -  insert_category_controller - INFO - Attempting to insert new category: string

2025-03-24 17:49:26,742 - category_service.py - FastCRUD -  insert_category_service - INFO - Category inserted successfully: string

2025-03-24 17:49:46,460 - category_service.py - FastCRUD -  get_all_categories_service - INFO - Fetched 1 categories

2025-03-24 17:49:46,461 - category_controller.py - FastCRUD -  view_category_controller - INFO - {'status_code': 200, 'success': True, 'message': 'Data fetched successfully', 'data': [<base.vo.category_vo.CategoryVO object at 0x79a407f9c9d0>]}

2025-03-24 17:49:54,783 - category_controller.py - FastCRUD -  edit_category_controller - INFO - Fetching category details for ID: 1

2025-03-24 17:49:54,787 - category_service.py - FastCRUD -  get_category_by_id_service - INFO - Category retrieved: string

2025-03-24 17:51:25,641 - category_controller.py - FastCRUD -  insert_category_controller - INFO - Attempting to insert new category: FoodscvfdRedccdccsdcipes

2025-03-24 17:51:25,652 - category_service.py - FastCRUD -  insert_category_service - INFO - Category inserted successfully: FoodscvfdRedccdccsdcipes

2025-03-24 17:52:20,528 - category_controller.py - FastCRUD -  insert_category_controller - INFO - Attempting to insert new category: Technology

2025-03-24 17:52:20,539 - category_service.py - FastCRUD -  insert_category_service - INFO - Category inserted successfully: Technology

2025-03-24 17:52:25,806 - category_controller.py - FastCRUD -  insert_category_controller - INFO - Attempting to insert new category: Technology

2025-03-24 17:52:25,813 - category_service.py - FastCRUD -  insert_category_service - ERROR - Error inserting category
Traceback (most recent call last):
  File "/home/prince/.local/lib/python3.11/site-packages/sqlalchemy/engine/base.py", line 1964, in _exec_single_context
    self.dialect.do_execute(
  File "/home/prince/.local/lib/python3.11/site-packages/sqlalchemy/engine/default.py", line 942, in do_execute
    cursor.execute(statement, parameters)
  File "/home/prince/.local/lib/python3.11/site-packages/pymysql/cursors.py", line 153, in execute
    result = self._query(query)
             ^^^^^^^^^^^^^^^^^^
  File "/home/prince/.local/lib/python3.11/site-packages/pymysql/cursors.py", line 322, in _query
    conn.query(q)
  File "/home/prince/.local/lib/python3.11/site-packages/pymysql/connections.py", line 563, in query
    self._affected_rows = self._read_query_result(unbuffered=unbuffered)
                          ^^^^^^^^^^^^^^^^^^^^^^^^^^^^^^^^^^^^^^^^^^^^^^
  File "/home/prince/.local/lib/python3.11/site-packages/pymysql/connections.py", line 825, in _read_query_result
    result.read()
  File "/home/prince/.local/lib/python3.11/site-packages/pymysql/connections.py", line 1199, in read
    first_packet = self.connection._read_packet()
                   ^^^^^^^^^^^^^^^^^^^^^^^^^^^^^^
  File "/home/prince/.local/lib/python3.11/site-packages/pymysql/connections.py", line 775, in _read_packet
    packet.raise_for_error()
  File "/home/prince/.local/lib/python3.11/site-packages/pymysql/protocol.py", line 219, in raise_for_error
    err.raise_mysql_exception(self._data)
  File "/home/prince/.local/lib/python3.11/site-packages/pymysql/err.py", line 150, in raise_mysql_exception
    raise errorclass(errno, errval)
pymysql.err.IntegrityError: (1062, "Duplicate entry 'Technology' for key 'category_table.ix_category_table_category_name'")

The above exception was the direct cause of the following exception:

Traceback (most recent call last):
  File "/home/prince/PycharmProjects/FastCRUD/base/service/category/category_service.py", line 27, in insert_category_service
    result = CategoryDAO.insert_category_dao(category_vo, session)
             ^^^^^^^^^^^^^^^^^^^^^^^^^^^^^^^^^^^^^^^^^^^^^^^^^^^^^
  File "/home/prince/PycharmProjects/FastCRUD/base/dao/category/category_dao.py", line 8, in insert_category_dao
    return MysqlCommonQuery.insert_query(category_vo, session)
           ^^^^^^^^^^^^^^^^^^^^^^^^^^^^^^^^^^^^^^^^^^^^^^^^^^^
  File "/home/prince/PycharmProjects/FastCRUD/base/client/mysql_common/mysql_common_query.py", line 11, in insert_query
    session.commit()
  File "/home/prince/.local/lib/python3.11/site-packages/sqlalchemy/orm/session.py", line 2032, in commit
    trans.commit(_to_root=True)
  File "<string>", line 2, in commit
  File "/home/prince/.local/lib/python3.11/site-packages/sqlalchemy/orm/state_changes.py", line 139, in _go
    ret_value = fn(self, *arg, **kw)
                ^^^^^^^^^^^^^^^^^^^^
  File "/home/prince/.local/lib/python3.11/site-packages/sqlalchemy/orm/session.py", line 1313, in commit
    self._prepare_impl()
  File "<string>", line 2, in _prepare_impl
  File "/home/prince/.local/lib/python3.11/site-packages/sqlalchemy/orm/state_changes.py", line 139, in _go
    ret_value = fn(self, *arg, **kw)
                ^^^^^^^^^^^^^^^^^^^^
  File "/home/prince/.local/lib/python3.11/site-packages/sqlalchemy/orm/session.py", line 1288, in _prepare_impl
    self.session.flush()
  File "/home/prince/.local/lib/python3.11/site-packages/sqlalchemy/orm/session.py", line 4353, in flush
    self._flush(objects)
  File "/home/prince/.local/lib/python3.11/site-packages/sqlalchemy/orm/session.py", line 4488, in _flush
    with util.safe_reraise():
  File "/home/prince/.local/lib/python3.11/site-packages/sqlalchemy/util/langhelpers.py", line 146, in __exit__
    raise exc_value.with_traceback(exc_tb)
  File "/home/prince/.local/lib/python3.11/site-packages/sqlalchemy/orm/session.py", line 4449, in _flush
    flush_context.execute()
  File "/home/prince/.local/lib/python3.11/site-packages/sqlalchemy/orm/unitofwork.py", line 466, in execute
    rec.execute(self)
  File "/home/prince/.local/lib/python3.11/site-packages/sqlalchemy/orm/unitofwork.py", line 642, in execute
    util.preloaded.orm_persistence.save_obj(
  File "/home/prince/.local/lib/python3.11/site-packages/sqlalchemy/orm/persistence.py", line 93, in save_obj
    _emit_insert_statements(
  File "/home/prince/.local/lib/python3.11/site-packages/sqlalchemy/orm/persistence.py", line 1233, in _emit_insert_statements
    result = connection.execute(
             ^^^^^^^^^^^^^^^^^^^
  File "/home/prince/.local/lib/python3.11/site-packages/sqlalchemy/engine/base.py", line 1416, in execute
    return meth(
           ^^^^^
  File "/home/prince/.local/lib/python3.11/site-packages/sqlalchemy/sql/elements.py", line 516, in _execute_on_connection
    return connection._execute_clauseelement(
           ^^^^^^^^^^^^^^^^^^^^^^^^^^^^^^^^^^
  File "/home/prince/.local/lib/python3.11/site-packages/sqlalchemy/engine/base.py", line 1638, in _execute_clauseelement
    ret = self._execute_context(
          ^^^^^^^^^^^^^^^^^^^^^^
  File "/home/prince/.local/lib/python3.11/site-packages/sqlalchemy/engine/base.py", line 1843, in _execute_context
    return self._exec_single_context(
           ^^^^^^^^^^^^^^^^^^^^^^^^^^
  File "/home/prince/.local/lib/python3.11/site-packages/sqlalchemy/engine/base.py", line 1983, in _exec_single_context
    self._handle_dbapi_exception(
  File "/home/prince/.local/lib/python3.11/site-packages/sqlalchemy/engine/base.py", line 2352, in _handle_dbapi_exception
    raise sqlalchemy_exception.with_traceback(exc_info[2]) from e
  File "/home/prince/.local/lib/python3.11/site-packages/sqlalchemy/engine/base.py", line 1964, in _exec_single_context
    self.dialect.do_execute(
  File "/home/prince/.local/lib/python3.11/site-packages/sqlalchemy/engine/default.py", line 942, in do_execute
    cursor.execute(statement, parameters)
  File "/home/prince/.local/lib/python3.11/site-packages/pymysql/cursors.py", line 153, in execute
    result = self._query(query)
             ^^^^^^^^^^^^^^^^^^
  File "/home/prince/.local/lib/python3.11/site-packages/pymysql/cursors.py", line 322, in _query
    conn.query(q)
  File "/home/prince/.local/lib/python3.11/site-packages/pymysql/connections.py", line 563, in query
    self._affected_rows = self._read_query_result(unbuffered=unbuffered)
                          ^^^^^^^^^^^^^^^^^^^^^^^^^^^^^^^^^^^^^^^^^^^^^^
  File "/home/prince/.local/lib/python3.11/site-packages/pymysql/connections.py", line 825, in _read_query_result
    result.read()
  File "/home/prince/.local/lib/python3.11/site-packages/pymysql/connections.py", line 1199, in read
    first_packet = self.connection._read_packet()
                   ^^^^^^^^^^^^^^^^^^^^^^^^^^^^^^
  File "/home/prince/.local/lib/python3.11/site-packages/pymysql/connections.py", line 775, in _read_packet
    packet.raise_for_error()
  File "/home/prince/.local/lib/python3.11/site-packages/pymysql/protocol.py", line 219, in raise_for_error
    err.raise_mysql_exception(self._data)
  File "/home/prince/.local/lib/python3.11/site-packages/pymysql/err.py", line 150, in raise_mysql_exception
    raise errorclass(errno, errval)
sqlalchemy.exc.IntegrityError: (pymysql.err.IntegrityError) (1062, "Duplicate entry 'Technology' for key 'category_table.ix_category_table_category_name'")
[SQL: INSERT INTO category_table (category_name, category_description, is_deleted, created_at, modified_at) VALUES (%(category_name)s, %(category_description)s, %(is_deleted)s, %(created_at)s, %(modified_at)s)]
[parameters: {'category_name': 'Technology', 'category_description': 'Latest trends, programming languages, and innovations in the tech world.', 'is_deleted': 0, 'created_at': 1742818945, 'modified_at': 1742818945}]
(Background on this error at: https://sqlalche.me/e/20/gkpj)
2025-03-24 17:52:25,824 - category_controller.py - FastCRUD -  insert_category_controller - ERROR - Error inserting category
Traceback (most recent call last):
  File "/home/prince/.local/lib/python3.11/site-packages/sqlalchemy/engine/base.py", line 1964, in _exec_single_context
    self.dialect.do_execute(
  File "/home/prince/.local/lib/python3.11/site-packages/sqlalchemy/engine/default.py", line 942, in do_execute
    cursor.execute(statement, parameters)
  File "/home/prince/.local/lib/python3.11/site-packages/pymysql/cursors.py", line 153, in execute
    result = self._query(query)
             ^^^^^^^^^^^^^^^^^^
  File "/home/prince/.local/lib/python3.11/site-packages/pymysql/cursors.py", line 322, in _query
    conn.query(q)
  File "/home/prince/.local/lib/python3.11/site-packages/pymysql/connections.py", line 563, in query
    self._affected_rows = self._read_query_result(unbuffered=unbuffered)
                          ^^^^^^^^^^^^^^^^^^^^^^^^^^^^^^^^^^^^^^^^^^^^^^
  File "/home/prince/.local/lib/python3.11/site-packages/pymysql/connections.py", line 825, in _read_query_result
    result.read()
  File "/home/prince/.local/lib/python3.11/site-packages/pymysql/connections.py", line 1199, in read
    first_packet = self.connection._read_packet()
                   ^^^^^^^^^^^^^^^^^^^^^^^^^^^^^^
  File "/home/prince/.local/lib/python3.11/site-packages/pymysql/connections.py", line 775, in _read_packet
    packet.raise_for_error()
  File "/home/prince/.local/lib/python3.11/site-packages/pymysql/protocol.py", line 219, in raise_for_error
    err.raise_mysql_exception(self._data)
  File "/home/prince/.local/lib/python3.11/site-packages/pymysql/err.py", line 150, in raise_mysql_exception
    raise errorclass(errno, errval)
pymysql.err.IntegrityError: (1062, "Duplicate entry 'Technology' for key 'category_table.ix_category_table_category_name'")

The above exception was the direct cause of the following exception:

Traceback (most recent call last):
  File "/home/prince/PycharmProjects/FastCRUD/base/service/category/category_service.py", line 27, in insert_category_service
    result = CategoryDAO.insert_category_dao(category_vo, session)
             ^^^^^^^^^^^^^^^^^^^^^^^^^^^^^^^^^^^^^^^^^^^^^^^^^^^^^
  File "/home/prince/PycharmProjects/FastCRUD/base/dao/category/category_dao.py", line 8, in insert_category_dao
    return MysqlCommonQuery.insert_query(category_vo, session)
           ^^^^^^^^^^^^^^^^^^^^^^^^^^^^^^^^^^^^^^^^^^^^^^^^^^^
  File "/home/prince/PycharmProjects/FastCRUD/base/client/mysql_common/mysql_common_query.py", line 11, in insert_query
    session.commit()
  File "/home/prince/.local/lib/python3.11/site-packages/sqlalchemy/orm/session.py", line 2032, in commit
    trans.commit(_to_root=True)
  File "<string>", line 2, in commit
  File "/home/prince/.local/lib/python3.11/site-packages/sqlalchemy/orm/state_changes.py", line 139, in _go
    ret_value = fn(self, *arg, **kw)
                ^^^^^^^^^^^^^^^^^^^^
  File "/home/prince/.local/lib/python3.11/site-packages/sqlalchemy/orm/session.py", line 1313, in commit
    self._prepare_impl()
  File "<string>", line 2, in _prepare_impl
  File "/home/prince/.local/lib/python3.11/site-packages/sqlalchemy/orm/state_changes.py", line 139, in _go
    ret_value = fn(self, *arg, **kw)
                ^^^^^^^^^^^^^^^^^^^^
  File "/home/prince/.local/lib/python3.11/site-packages/sqlalchemy/orm/session.py", line 1288, in _prepare_impl
    self.session.flush()
  File "/home/prince/.local/lib/python3.11/site-packages/sqlalchemy/orm/session.py", line 4353, in flush
    self._flush(objects)
  File "/home/prince/.local/lib/python3.11/site-packages/sqlalchemy/orm/session.py", line 4488, in _flush
    with util.safe_reraise():
  File "/home/prince/.local/lib/python3.11/site-packages/sqlalchemy/util/langhelpers.py", line 146, in __exit__
    raise exc_value.with_traceback(exc_tb)
  File "/home/prince/.local/lib/python3.11/site-packages/sqlalchemy/orm/session.py", line 4449, in _flush
    flush_context.execute()
  File "/home/prince/.local/lib/python3.11/site-packages/sqlalchemy/orm/unitofwork.py", line 466, in execute
    rec.execute(self)
  File "/home/prince/.local/lib/python3.11/site-packages/sqlalchemy/orm/unitofwork.py", line 642, in execute
    util.preloaded.orm_persistence.save_obj(
  File "/home/prince/.local/lib/python3.11/site-packages/sqlalchemy/orm/persistence.py", line 93, in save_obj
    _emit_insert_statements(
  File "/home/prince/.local/lib/python3.11/site-packages/sqlalchemy/orm/persistence.py", line 1233, in _emit_insert_statements
    result = connection.execute(
             ^^^^^^^^^^^^^^^^^^^
  File "/home/prince/.local/lib/python3.11/site-packages/sqlalchemy/engine/base.py", line 1416, in execute
    return meth(
           ^^^^^
  File "/home/prince/.local/lib/python3.11/site-packages/sqlalchemy/sql/elements.py", line 516, in _execute_on_connection
    return connection._execute_clauseelement(
           ^^^^^^^^^^^^^^^^^^^^^^^^^^^^^^^^^^
  File "/home/prince/.local/lib/python3.11/site-packages/sqlalchemy/engine/base.py", line 1638, in _execute_clauseelement
    ret = self._execute_context(
          ^^^^^^^^^^^^^^^^^^^^^^
  File "/home/prince/.local/lib/python3.11/site-packages/sqlalchemy/engine/base.py", line 1843, in _execute_context
    return self._exec_single_context(
           ^^^^^^^^^^^^^^^^^^^^^^^^^^
  File "/home/prince/.local/lib/python3.11/site-packages/sqlalchemy/engine/base.py", line 1983, in _exec_single_context
    self._handle_dbapi_exception(
  File "/home/prince/.local/lib/python3.11/site-packages/sqlalchemy/engine/base.py", line 2352, in _handle_dbapi_exception
    raise sqlalchemy_exception.with_traceback(exc_info[2]) from e
  File "/home/prince/.local/lib/python3.11/site-packages/sqlalchemy/engine/base.py", line 1964, in _exec_single_context
    self.dialect.do_execute(
  File "/home/prince/.local/lib/python3.11/site-packages/sqlalchemy/engine/default.py", line 942, in do_execute
    cursor.execute(statement, parameters)
  File "/home/prince/.local/lib/python3.11/site-packages/pymysql/cursors.py", line 153, in execute
    result = self._query(query)
             ^^^^^^^^^^^^^^^^^^
  File "/home/prince/.local/lib/python3.11/site-packages/pymysql/cursors.py", line 322, in _query
    conn.query(q)
  File "/home/prince/.local/lib/python3.11/site-packages/pymysql/connections.py", line 563, in query
    self._affected_rows = self._read_query_result(unbuffered=unbuffered)
                          ^^^^^^^^^^^^^^^^^^^^^^^^^^^^^^^^^^^^^^^^^^^^^^
  File "/home/prince/.local/lib/python3.11/site-packages/pymysql/connections.py", line 825, in _read_query_result
    result.read()
  File "/home/prince/.local/lib/python3.11/site-packages/pymysql/connections.py", line 1199, in read
    first_packet = self.connection._read_packet()
                   ^^^^^^^^^^^^^^^^^^^^^^^^^^^^^^
  File "/home/prince/.local/lib/python3.11/site-packages/pymysql/connections.py", line 775, in _read_packet
    packet.raise_for_error()
  File "/home/prince/.local/lib/python3.11/site-packages/pymysql/protocol.py", line 219, in raise_for_error
    err.raise_mysql_exception(self._data)
  File "/home/prince/.local/lib/python3.11/site-packages/pymysql/err.py", line 150, in raise_mysql_exception
    raise errorclass(errno, errval)
sqlalchemy.exc.IntegrityError: (pymysql.err.IntegrityError) (1062, "Duplicate entry 'Technology' for key 'category_table.ix_category_table_category_name'")
[SQL: INSERT INTO category_table (category_name, category_description, is_deleted, created_at, modified_at) VALUES (%(category_name)s, %(category_description)s, %(is_deleted)s, %(created_at)s, %(modified_at)s)]
[parameters: {'category_name': 'Technology', 'category_description': 'Latest trends, programming languages, and innovations in the tech world.', 'is_deleted': 0, 'created_at': 1742818945, 'modified_at': 1742818945}]
(Background on this error at: https://sqlalche.me/e/20/gkpj)

During handling of the above exception, another exception occurred:

Traceback (most recent call last):
  File "/home/prince/PycharmProjects/FastCRUD/base/api/controller/category/category_controller.py", line 33, in insert_category_controller
    result = CategoryService.insert_category_service(category, db)
             ^^^^^^^^^^^^^^^^^^^^^^^^^^^^^^^^^^^^^^^^^^^^^^^^^^^^^
  File "/home/prince/PycharmProjects/FastCRUD/base/service/category/category_service.py", line 38, in insert_category_service
    return AppServices.handle_exception(exception)
           ^^^^^^^^^^^^^^^^^^^^^^^^^^^^^^^^^^^^^^^
  File "/home/prince/PycharmProjects/FastCRUD/base/utils/custom_exception.py", line 68, in handle_exception
    return render(
           ^^^^^^^
  File "/home/prince/anaconda3/envs/DjangoProject/lib/python3.11/site-packages/django/shortcuts.py", line 25, in render
    content = loader.render_to_string(template_name, context, request, using=using)
              ^^^^^^^^^^^^^^^^^^^^^^^^^^^^^^^^^^^^^^^^^^^^^^^^^^^^^^^^^^^^^^^^^^^^^
  File "/home/prince/anaconda3/envs/DjangoProject/lib/python3.11/site-packages/django/template/loader.py", line 61, in render_to_string
    template = get_template(template_name, using=using)
               ^^^^^^^^^^^^^^^^^^^^^^^^^^^^^^^^^^^^^^^^
  File "/home/prince/anaconda3/envs/DjangoProject/lib/python3.11/site-packages/django/template/loader.py", line 12, in get_template
    engines = _engine_list(using)
              ^^^^^^^^^^^^^^^^^^^
  File "/home/prince/anaconda3/envs/DjangoProject/lib/python3.11/site-packages/django/template/loader.py", line 66, in _engine_list
    return engines.all() if using is None else [engines[using]]
           ^^^^^^^^^^^^^
  File "/home/prince/anaconda3/envs/DjangoProject/lib/python3.11/site-packages/django/template/utils.py", line 94, in all
    return [self[alias] for alias in self]
           ^^^^^^^^^^^^^^^^^^^^^^^^^^^^^^^
  File "/home/prince/anaconda3/envs/DjangoProject/lib/python3.11/site-packages/django/template/utils.py", line 91, in __iter__
    return iter(self.templates)
                ^^^^^^^^^^^^^^
  File "/home/prince/anaconda3/envs/DjangoProject/lib/python3.11/site-packages/django/utils/functional.py", line 47, in __get__
    res = instance.__dict__[self.name] = self.func(instance)
                                         ^^^^^^^^^^^^^^^^^^^
  File "/home/prince/anaconda3/envs/DjangoProject/lib/python3.11/site-packages/django/template/utils.py", line 28, in templates
    self._templates = settings.TEMPLATES
                      ^^^^^^^^^^^^^^^^^^
  File "/home/prince/anaconda3/envs/DjangoProject/lib/python3.11/site-packages/django/conf/__init__.py", line 81, in __getattr__
    self._setup(name)
  File "/home/prince/anaconda3/envs/DjangoProject/lib/python3.11/site-packages/django/conf/__init__.py", line 61, in _setup
    raise ImproperlyConfigured(
django.core.exceptions.ImproperlyConfigured: Requested setting TEMPLATES, but settings are not configured. You must either define the environment variable DJANGO_SETTINGS_MODULE or call settings.configure() before accessing settings.
2025-03-24 17:52:37,123 - category_controller.py - FastCRUD -  insert_category_controller - INFO - Attempting to insert new category: Health & Fitness

2025-03-24 17:52:37,132 - category_service.py - FastCRUD -  insert_category_service - INFO - Category inserted successfully: Health & Fitness

2025-03-24 17:52:42,704 - category_controller.py - FastCRUD -  insert_category_controller - INFO - Attempting to insert new category: Education

2025-03-24 17:52:42,715 - category_service.py - FastCRUD -  insert_category_service - INFO - Category inserted successfully: Education

2025-03-24 17:54:02,122 - category_controller.py - FastCRUD -  insert_category_controller - INFO - Attempting to insert new category: Entertainment

2025-03-24 17:54:02,129 - category_service.py - FastCRUD -  insert_category_service - INFO - Category inserted successfully: Entertainment

2025-03-24 17:54:11,570 - category_controller.py - FastCRUD -  insert_category_controller - INFO - Attempting to insert new category: Travel

2025-03-24 17:54:11,580 - category_service.py - FastCRUD -  insert_category_service - INFO - Category inserted successfully: Travel

2025-03-24 17:54:19,322 - category_controller.py - FastCRUD -  insert_category_controller - INFO - Attempting to insert new category: Food & Recipes

2025-03-24 17:54:19,335 - category_service.py - FastCRUD -  insert_category_service - INFO - Category inserted successfully: Food & Recipes

2025-03-24 17:55:12,922 - category_controller.py - FastCRUD -  insert_category_controller - INFO - Attempting to insert new category: Finance

2025-03-24 17:55:12,932 - category_service.py - FastCRUD -  insert_category_service - INFO - Category inserted successfully: Finance

2025-03-24 17:56:10,060 - category_service.py - FastCRUD -  get_all_categories_service - INFO - Fetched 9 categories

2025-03-24 17:56:10,060 - category_controller.py - FastCRUD -  view_category_controller - INFO - {'status_code': 200, 'success': True, 'message': 'Data fetched successfully', 'data': [<base.vo.category_vo.CategoryVO object at 0x79a4074845d0>, <base.vo.category_vo.CategoryVO object at 0x79a407484350>, <base.vo.category_vo.CategoryVO object at 0x79a4074843d0>, <base.vo.category_vo.CategoryVO object at 0x79a407484150>, <base.vo.category_vo.CategoryVO object at 0x79a407484210>, <base.vo.category_vo.CategoryVO object at 0x79a40752a990>, <base.vo.category_vo.CategoryVO object at 0x79a40752aa50>, <base.vo.category_vo.CategoryVO object at 0x79a40832c090>, <base.vo.category_vo.CategoryVO object at 0x79a40832d950>]}

2025-03-24 17:56:20,038 - category_controller.py - FastCRUD -  edit_category_controller - INFO - Fetching category details for ID: 1

2025-03-24 17:56:20,040 - category_service.py - FastCRUD -  get_category_by_id_service - INFO - Category retrieved: string

2025-03-24 17:56:24,714 - category_controller.py - FastCRUD -  edit_category_controller - INFO - Fetching category details for ID: 2

2025-03-24 17:56:24,716 - category_service.py - FastCRUD -  get_category_by_id_service - INFO - Category retrieved: FoodscvfdRedccdccsdcipes

2025-03-24 17:56:31,919 - category_controller.py - FastCRUD -  update_category_controller - INFO - Attempting to update category: ID 1, Name: Cybersecurisdty

2025-03-24 17:56:31,933 - category_service.py - FastCRUD -  update_category_service - INFO - Category updated successfully: ID 1

2025-03-24 17:58:35,797 - subcategory_service.py - FastCRUD -  insert_subcategory_service - ERROR - Error inserting subcategory
Traceback (most recent call last):
  File "/home/prince/PycharmProjects/FastCRUD/base/service/subcategory/subcategory_service.py", line 24, in insert_subcategory_service
    subcategory_vo = SubcategoryVO(**subcategory_dto.model_dump())
                     ^^^^^^^^^^^^^^^^^^^^^^^^^^^^^^^^^^^^^^^^^^^^^
  File "<string>", line 4, in __init__
  File "/home/prince/.local/lib/python3.11/site-packages/sqlalchemy/orm/state.py", line 571, in _initialize_instance
    with util.safe_reraise():
  File "/home/prince/.local/lib/python3.11/site-packages/sqlalchemy/util/langhelpers.py", line 146, in __exit__
    raise exc_value.with_traceback(exc_tb)
  File "/home/prince/.local/lib/python3.11/site-packages/sqlalchemy/orm/state.py", line 569, in _initialize_instance
    manager.original_init(*mixed[1:], **kwargs)
  File "/home/prince/.local/lib/python3.11/site-packages/sqlalchemy/orm/decl_base.py", line 2175, in _declarative_constructor
    raise TypeError(
TypeError: 'category_id' is an invalid keyword argument for SubcategoryVO
2025-03-24 17:58:54,423 - subcategory_service.py - FastCRUD -  insert_subcategory_service - ERROR - Error inserting subcategory
Traceback (most recent call last):
  File "/home/prince/PycharmProjects/FastCRUD/base/service/subcategory/subcategory_service.py", line 24, in insert_subcategory_service
    subcategory_vo = SubcategoryVO(**subcategory_dto.model_dump())
                     ^^^^^^^^^^^^^^^^^^^^^^^^^^^^^^^^^^^^^^^^^^^^^
  File "<string>", line 4, in __init__
  File "/home/prince/.local/lib/python3.11/site-packages/sqlalchemy/orm/state.py", line 571, in _initialize_instance
    with util.safe_reraise():
  File "/home/prince/.local/lib/python3.11/site-packages/sqlalchemy/util/langhelpers.py", line 146, in __exit__
    raise exc_value.with_traceback(exc_tb)
  File "/home/prince/.local/lib/python3.11/site-packages/sqlalchemy/orm/state.py", line 569, in _initialize_instance
    manager.original_init(*mixed[1:], **kwargs)
  File "/home/prince/.local/lib/python3.11/site-packages/sqlalchemy/orm/decl_base.py", line 2175, in _declarative_constructor
    raise TypeError(
TypeError: 'category_id' is an invalid keyword argument for SubcategoryVO
2025-03-24 17:59:44,637 - subcategory_service.py - FastCRUD -  insert_subcategory_service - ERROR - Error inserting subcategory
Traceback (most recent call last):
  File "/home/prince/PycharmProjects/FastCRUD/base/service/subcategory/subcategory_service.py", line 24, in insert_subcategory_service
    subcategory_vo = SubcategoryVO(**subcategory_dto.model_dump())
                     ^^^^^^^^^^^^^^^^^^^^^^^^^^^^^^^^^^^^^^^^^^^^^
  File "<string>", line 4, in __init__
  File "/home/prince/.local/lib/python3.11/site-packages/sqlalchemy/orm/state.py", line 571, in _initialize_instance
    with util.safe_reraise():
  File "/home/prince/.local/lib/python3.11/site-packages/sqlalchemy/util/langhelpers.py", line 146, in __exit__
    raise exc_value.with_traceback(exc_tb)
  File "/home/prince/.local/lib/python3.11/site-packages/sqlalchemy/orm/state.py", line 569, in _initialize_instance
    manager.original_init(*mixed[1:], **kwargs)
  File "/home/prince/.local/lib/python3.11/site-packages/sqlalchemy/orm/decl_base.py", line 2175, in _declarative_constructor
    raise TypeError(
TypeError: 'category_id' is an invalid keyword argument for SubcategoryVO
2025-03-24 17:59:49,625 - subcategory_service.py - FastCRUD -  insert_subcategory_service - ERROR - Error inserting subcategory
Traceback (most recent call last):
  File "/home/prince/PycharmProjects/FastCRUD/base/service/subcategory/subcategory_service.py", line 24, in insert_subcategory_service
    subcategory_vo = SubcategoryVO(**subcategory_dto.model_dump())
                     ^^^^^^^^^^^^^^^^^^^^^^^^^^^^^^^^^^^^^^^^^^^^^
  File "<string>", line 4, in __init__
  File "/home/prince/.local/lib/python3.11/site-packages/sqlalchemy/orm/state.py", line 571, in _initialize_instance
    with util.safe_reraise():
  File "/home/prince/.local/lib/python3.11/site-packages/sqlalchemy/util/langhelpers.py", line 146, in __exit__
    raise exc_value.with_traceback(exc_tb)
  File "/home/prince/.local/lib/python3.11/site-packages/sqlalchemy/orm/state.py", line 569, in _initialize_instance
    manager.original_init(*mixed[1:], **kwargs)
  File "/home/prince/.local/lib/python3.11/site-packages/sqlalchemy/orm/decl_base.py", line 2175, in _declarative_constructor
    raise TypeError(
TypeError: 'category_id' is an invalid keyword argument for SubcategoryVO
2025-03-24 17:59:57,278 - subcategory_service.py - FastCRUD -  insert_subcategory_service - ERROR - Error inserting subcategory
Traceback (most recent call last):
  File "/home/prince/PycharmProjects/FastCRUD/base/service/subcategory/subcategory_service.py", line 24, in insert_subcategory_service
    subcategory_vo = SubcategoryVO(**subcategory_dto.model_dump())
                     ^^^^^^^^^^^^^^^^^^^^^^^^^^^^^^^^^^^^^^^^^^^^^
  File "<string>", line 4, in __init__
  File "/home/prince/.local/lib/python3.11/site-packages/sqlalchemy/orm/state.py", line 571, in _initialize_instance
    with util.safe_reraise():
  File "/home/prince/.local/lib/python3.11/site-packages/sqlalchemy/util/langhelpers.py", line 146, in __exit__
    raise exc_value.with_traceback(exc_tb)
  File "/home/prince/.local/lib/python3.11/site-packages/sqlalchemy/orm/state.py", line 569, in _initialize_instance
    manager.original_init(*mixed[1:], **kwargs)
  File "/home/prince/.local/lib/python3.11/site-packages/sqlalchemy/orm/decl_base.py", line 2175, in _declarative_constructor
    raise TypeError(
TypeError: 'category_id' is an invalid keyword argument for SubcategoryVO
2025-03-24 18:00:04,884 - subcategory_service.py - FastCRUD -  insert_subcategory_service - ERROR - Error inserting subcategory
Traceback (most recent call last):
  File "/home/prince/PycharmProjects/FastCRUD/base/service/subcategory/subcategory_service.py", line 24, in insert_subcategory_service
    subcategory_vo = SubcategoryVO(**subcategory_dto.model_dump())
                     ^^^^^^^^^^^^^^^^^^^^^^^^^^^^^^^^^^^^^^^^^^^^^
  File "<string>", line 4, in __init__
  File "/home/prince/.local/lib/python3.11/site-packages/sqlalchemy/orm/state.py", line 571, in _initialize_instance
    with util.safe_reraise():
  File "/home/prince/.local/lib/python3.11/site-packages/sqlalchemy/util/langhelpers.py", line 146, in __exit__
    raise exc_value.with_traceback(exc_tb)
  File "/home/prince/.local/lib/python3.11/site-packages/sqlalchemy/orm/state.py", line 569, in _initialize_instance
    manager.original_init(*mixed[1:], **kwargs)
  File "/home/prince/.local/lib/python3.11/site-packages/sqlalchemy/orm/decl_base.py", line 2175, in _declarative_constructor
    raise TypeError(
TypeError: 'category_id' is an invalid keyword argument for SubcategoryVO
2025-03-24 18:00:27,927 - subcategory_service.py - FastCRUD -  insert_subcategory_service - ERROR - Error inserting subcategory
Traceback (most recent call last):
  File "/home/prince/PycharmProjects/FastCRUD/base/service/subcategory/subcategory_service.py", line 24, in insert_subcategory_service
    subcategory_vo = SubcategoryVO(**subcategory_dto.model_dump())
                     ^^^^^^^^^^^^^^^^^^^^^^^^^^^^^^^^^^^^^^^^^^^^^
  File "<string>", line 4, in __init__
  File "/home/prince/.local/lib/python3.11/site-packages/sqlalchemy/orm/state.py", line 571, in _initialize_instance
    with util.safe_reraise():
  File "/home/prince/.local/lib/python3.11/site-packages/sqlalchemy/util/langhelpers.py", line 146, in __exit__
    raise exc_value.with_traceback(exc_tb)
  File "/home/prince/.local/lib/python3.11/site-packages/sqlalchemy/orm/state.py", line 569, in _initialize_instance
    manager.original_init(*mixed[1:], **kwargs)
  File "/home/prince/.local/lib/python3.11/site-packages/sqlalchemy/orm/decl_base.py", line 2175, in _declarative_constructor
    raise TypeError(
TypeError: 'category_id' is an invalid keyword argument for SubcategoryVO
2025-03-24 18:14:58,210 - category_service.py - FastCRUD -  get_all_categories_service - ERROR - Error fetching categories
Traceback (most recent call last):
  File "/home/prince/PycharmProjects/FastCRUD/base/service/category/category_service.py", line 44, in get_all_categories_service
    categories = CategoryDAO.get_all_categories_dao(session)
                 ^^^^^^^^^^^^^^^^^^^^^^^^^^^^^^^^^^^^^^^^^^^
  File "/home/prince/PycharmProjects/FastCRUD/base/dao/category/category_dao.py", line 13, in get_all_categories_dao
    return MysqlCommonQuery.get_all_query(CategoryVO, session)
           ^^^^^^^^^^^^^^^^^^^^^^^^^^^^^^^^^^^^^^^^^^^^^^^^^^^
TypeError: MysqlCommonQuery.get_all_query() takes 1 positional argument but 2 were given
2025-03-24 18:14:58,211 - category_controller.py - FastCRUD -  view_category_controller - ERROR - Error fetching categories
Traceback (most recent call last):
  File "/home/prince/PycharmProjects/FastCRUD/base/service/category/category_service.py", line 44, in get_all_categories_service
    categories = CategoryDAO.get_all_categories_dao(session)
                 ^^^^^^^^^^^^^^^^^^^^^^^^^^^^^^^^^^^^^^^^^^^
  File "/home/prince/PycharmProjects/FastCRUD/base/dao/category/category_dao.py", line 13, in get_all_categories_dao
    return MysqlCommonQuery.get_all_query(CategoryVO, session)
           ^^^^^^^^^^^^^^^^^^^^^^^^^^^^^^^^^^^^^^^^^^^^^^^^^^^
TypeError: MysqlCommonQuery.get_all_query() takes 1 positional argument but 2 were given

During handling of the above exception, another exception occurred:

Traceback (most recent call last):
  File "/home/prince/PycharmProjects/FastCRUD/base/api/controller/category/category_controller.py", line 43, in view_category_controller
    result = CategoryService.get_all_categories_service(db)
             ^^^^^^^^^^^^^^^^^^^^^^^^^^^^^^^^^^^^^^^^^^^^^^
  File "/home/prince/PycharmProjects/FastCRUD/base/service/category/category_service.py", line 54, in get_all_categories_service
    return AppServices.handle_exception(exception)
           ^^^^^^^^^^^^^^^^^^^^^^^^^^^^^^^^^^^^^^^
  File "/home/prince/PycharmProjects/FastCRUD/base/utils/custom_exception.py", line 68, in handle_exception
    return render(
           ^^^^^^^
  File "/home/prince/anaconda3/envs/DjangoProject/lib/python3.11/site-packages/django/shortcuts.py", line 25, in render
    content = loader.render_to_string(template_name, context, request, using=using)
              ^^^^^^^^^^^^^^^^^^^^^^^^^^^^^^^^^^^^^^^^^^^^^^^^^^^^^^^^^^^^^^^^^^^^^
  File "/home/prince/anaconda3/envs/DjangoProject/lib/python3.11/site-packages/django/template/loader.py", line 61, in render_to_string
    template = get_template(template_name, using=using)
               ^^^^^^^^^^^^^^^^^^^^^^^^^^^^^^^^^^^^^^^^
  File "/home/prince/anaconda3/envs/DjangoProject/lib/python3.11/site-packages/django/template/loader.py", line 12, in get_template
    engines = _engine_list(using)
              ^^^^^^^^^^^^^^^^^^^
  File "/home/prince/anaconda3/envs/DjangoProject/lib/python3.11/site-packages/django/template/loader.py", line 66, in _engine_list
    return engines.all() if using is None else [engines[using]]
           ^^^^^^^^^^^^^
  File "/home/prince/anaconda3/envs/DjangoProject/lib/python3.11/site-packages/django/template/utils.py", line 94, in all
    return [self[alias] for alias in self]
           ^^^^^^^^^^^^^^^^^^^^^^^^^^^^^^^
  File "/home/prince/anaconda3/envs/DjangoProject/lib/python3.11/site-packages/django/template/utils.py", line 91, in __iter__
    return iter(self.templates)
                ^^^^^^^^^^^^^^
  File "/home/prince/anaconda3/envs/DjangoProject/lib/python3.11/site-packages/django/utils/functional.py", line 47, in __get__
    res = instance.__dict__[self.name] = self.func(instance)
                                         ^^^^^^^^^^^^^^^^^^^
  File "/home/prince/anaconda3/envs/DjangoProject/lib/python3.11/site-packages/django/template/utils.py", line 28, in templates
    self._templates = settings.TEMPLATES
                      ^^^^^^^^^^^^^^^^^^
  File "/home/prince/anaconda3/envs/DjangoProject/lib/python3.11/site-packages/django/conf/__init__.py", line 81, in __getattr__
    self._setup(name)
  File "/home/prince/anaconda3/envs/DjangoProject/lib/python3.11/site-packages/django/conf/__init__.py", line 61, in _setup
    raise ImproperlyConfigured(
django.core.exceptions.ImproperlyConfigured: Requested setting TEMPLATES, but settings are not configured. You must either define the environment variable DJANGO_SETTINGS_MODULE or call settings.configure() before accessing settings.
2025-03-24 22:41:04,255 - category_controller.py - FastCRUD -  insert_category_controller - INFO - Attempting to insert new category: strdvvding

2025-03-24 22:41:04,257 - category_service.py - FastCRUD -  insert_category_service - ERROR - Error inserting category
Traceback (most recent call last):
  File "/home/prince/PycharmProjects/FastCRUD/base/service/category/category_service.py", line 27, in insert_category_service
    result = CategoryDAO.insert_category_dao(category_vo)
             ^^^^^^^^^^^^^^^^^^^^^^^^^^^^^^^^^^^^^^^^^^^^
  File "/home/prince/PycharmProjects/FastCRUD/base/dao/category/category_dao.py", line 8, in insert_category_dao
    category_data = MysqlCommonQuery.insert_query(category_vo)
                    ^^^^^^^^^^^^^^^^^^^^^^^^^^^^^^^^^^^^^^^^^^
  File "/home/prince/PycharmProjects/FastCRUD/base/client/mysql_common/mysql_common_query.py", line 15, in insert_query
    session = database.get_session(engine)
              ^^^^^^^^^^^^^^^^^^^^
AttributeError: 'Database' object has no attribute 'get_session'
2025-03-24 22:41:04,258 - category_controller.py - FastCRUD -  insert_category_controller - ERROR - Error inserting category
Traceback (most recent call last):
  File "/home/prince/PycharmProjects/FastCRUD/base/service/category/category_service.py", line 27, in insert_category_service
    result = CategoryDAO.insert_category_dao(category_vo)
             ^^^^^^^^^^^^^^^^^^^^^^^^^^^^^^^^^^^^^^^^^^^^
  File "/home/prince/PycharmProjects/FastCRUD/base/dao/category/category_dao.py", line 8, in insert_category_dao
    category_data = MysqlCommonQuery.insert_query(category_vo)
                    ^^^^^^^^^^^^^^^^^^^^^^^^^^^^^^^^^^^^^^^^^^
  File "/home/prince/PycharmProjects/FastCRUD/base/client/mysql_common/mysql_common_query.py", line 15, in insert_query
    session = database.get_session(engine)
              ^^^^^^^^^^^^^^^^^^^^
AttributeError: 'Database' object has no attribute 'get_session'

During handling of the above exception, another exception occurred:

Traceback (most recent call last):
  File "/home/prince/PycharmProjects/FastCRUD/base/api/controller/category/category_controller.py", line 31, in insert_category_controller
    result = CategoryService.insert_category_service(category_dto)
             ^^^^^^^^^^^^^^^^^^^^^^^^^^^^^^^^^^^^^^^^^^^^^^^^^^^^^
  File "/home/prince/PycharmProjects/FastCRUD/base/service/category/category_service.py", line 38, in insert_category_service
    return AppServices.handle_exception(exception)
           ^^^^^^^^^^^^^^^^^^^^^^^^^^^^^^^^^^^^^^^
  File "/home/prince/PycharmProjects/FastCRUD/base/utils/custom_exception.py", line 68, in handle_exception
    return render(
           ^^^^^^^
  File "/home/prince/anaconda3/envs/DjangoProject/lib/python3.11/site-packages/django/shortcuts.py", line 25, in render
    content = loader.render_to_string(template_name, context, request, using=using)
              ^^^^^^^^^^^^^^^^^^^^^^^^^^^^^^^^^^^^^^^^^^^^^^^^^^^^^^^^^^^^^^^^^^^^^
  File "/home/prince/anaconda3/envs/DjangoProject/lib/python3.11/site-packages/django/template/loader.py", line 61, in render_to_string
    template = get_template(template_name, using=using)
               ^^^^^^^^^^^^^^^^^^^^^^^^^^^^^^^^^^^^^^^^
  File "/home/prince/anaconda3/envs/DjangoProject/lib/python3.11/site-packages/django/template/loader.py", line 12, in get_template
    engines = _engine_list(using)
              ^^^^^^^^^^^^^^^^^^^
  File "/home/prince/anaconda3/envs/DjangoProject/lib/python3.11/site-packages/django/template/loader.py", line 66, in _engine_list
    return engines.all() if using is None else [engines[using]]
           ^^^^^^^^^^^^^
  File "/home/prince/anaconda3/envs/DjangoProject/lib/python3.11/site-packages/django/template/utils.py", line 94, in all
    return [self[alias] for alias in self]
           ^^^^^^^^^^^^^^^^^^^^^^^^^^^^^^^
  File "/home/prince/anaconda3/envs/DjangoProject/lib/python3.11/site-packages/django/template/utils.py", line 91, in __iter__
    return iter(self.templates)
                ^^^^^^^^^^^^^^
  File "/home/prince/anaconda3/envs/DjangoProject/lib/python3.11/site-packages/django/utils/functional.py", line 47, in __get__
    res = instance.__dict__[self.name] = self.func(instance)
                                         ^^^^^^^^^^^^^^^^^^^
  File "/home/prince/anaconda3/envs/DjangoProject/lib/python3.11/site-packages/django/template/utils.py", line 28, in templates
    self._templates = settings.TEMPLATES
                      ^^^^^^^^^^^^^^^^^^
  File "/home/prince/anaconda3/envs/DjangoProject/lib/python3.11/site-packages/django/conf/__init__.py", line 81, in __getattr__
    self._setup(name)
  File "/home/prince/anaconda3/envs/DjangoProject/lib/python3.11/site-packages/django/conf/__init__.py", line 61, in _setup
    raise ImproperlyConfigured(
django.core.exceptions.ImproperlyConfigured: Requested setting TEMPLATES, but settings are not configured. You must either define the environment variable DJANGO_SETTINGS_MODULE or call settings.configure() before accessing settings.
2025-03-24 22:43:32,770 - category_controller.py - FastCRUD -  insert_category_controller - INFO - Attempting to insert new category: strdvvding

2025-03-24 22:43:32,773 - category_service.py - FastCRUD -  insert_category_service - ERROR - Error inserting category
Traceback (most recent call last):
  File "/home/prince/PycharmProjects/FastCRUD/base/service/category/category_service.py", line 27, in insert_category_service
    result = CategoryDAO.insert_category_dao(category_vo)
             ^^^^^^^^^^^^^^^^^^^^^^^^^^^^^^^^^^^^^^^^^^^^
  File "/home/prince/PycharmProjects/FastCRUD/base/dao/category/category_dao.py", line 8, in insert_category_dao
    category_data = MysqlCommonQuery.insert_query(category_vo)
                    ^^^^^^^^^^^^^^^^^^^^^^^^^^^^^^^^^^^^^^^^^^
  File "/home/prince/PycharmProjects/FastCRUD/base/client/mysql_common/mysql_common_query.py", line 15, in insert_query
    session = database.get_session(engine)
              ^^^^^^^^^^^^^^^^^^^^
AttributeError: 'Database' object has no attribute 'get_session'
2025-03-24 22:56:35,737 - category_controller.py - FastCRUD -  insert_category_controller - INFO - Attempting to insert new category: string

2025-03-24 22:56:35,737 - category_service.py - FastCRUD -  insert_category_service - ERROR - Error inserting category
Traceback (most recent call last):
  File "/home/prince/PycharmProjects/FastCRUD/base/service/category/category_service.py", line 24, in insert_category_service
    category_vo = CategoryVO(**category_dto.model_dump())
                  ^^^^^^^^^^^^^^^^^^^^^^^^^^^^^^^^^^^^^^^
TypeError: Database.__new__() got an unexpected keyword argument 'category_name'
2025-03-24 23:06:46,754 - category_controller.py - FastCRUD -  insert_category_controller - INFO - Attempting to insert new category: string

2025-03-24 23:06:46,755 - category_service.py - FastCRUD -  insert_category_service - ERROR - Error inserting category
Traceback (most recent call last):
  File "/home/prince/PycharmProjects/FastCRUD/base/service/category/category_service.py", line 18, in insert_category_service
    category_vo.category_description = category_dao_data.description
                                       ^^^^^^^^^^^^^^^^^^^^^^^^^^^^^
  File "/home/prince/.local/lib/python3.11/site-packages/pydantic/main.py", line 891, in __getattr__
    raise AttributeError(f'{type(self).__name__!r} object has no attribute {item!r}')
AttributeError: 'CategoryDTO' object has no attribute 'description'
2025-03-24 23:19:54,476 - category_controller.py - FastCRUD -  insert_category_controller - INFO - Attempting to insert new category: string

2025-03-24 23:19:54,476 - category_service.py - FastCRUD -  insert_category_service - ERROR - Error inserting category
Traceback (most recent call last):
  File "/home/prince/PycharmProjects/FastCRUD/base/service/category/category_service.py", line 18, in insert_category_service
    category_vo.category_description = category_dao_data.description
                                       ^^^^^^^^^^^^^^^^^^^^^^^^^^^^^
  File "/home/prince/.local/lib/python3.11/site-packages/pydantic/main.py", line 891, in __getattr__
    raise AttributeError(f'{type(self).__name__!r} object has no attribute {item!r}')
AttributeError: 'CategoryDTO' object has no attribute 'description'
2025-03-24 23:23:12,310 - category_controller.py - FastCRUD -  insert_category_controller - INFO - Attempting to insert new category: string

2025-03-24 23:23:12,311 - category_service.py - FastCRUD -  insert_category_service - ERROR - Error inserting category
Traceback (most recent call last):
  File "/home/prince/.local/lib/python3.11/site-packages/sqlalchemy/orm/session.py", line 3477, in add
    state = attributes.instance_state(instance)
            ^^^^^^^^^^^^^^^^^^^^^^^^^^^^^^^^^^^
AttributeError: 'Database' object has no attribute '_sa_instance_state'

The above exception was the direct cause of the following exception:

Traceback (most recent call last):
  File "/home/prince/PycharmProjects/FastCRUD/base/service/category/category_service.py", line 21, in insert_category_service
    result = CategoryDAO.insert_category_dao(category_vo)
             ^^^^^^^^^^^^^^^^^^^^^^^^^^^^^^^^^^^^^^^^^^^^
  File "/home/prince/PycharmProjects/FastCRUD/base/dao/category/category_dao.py", line 8, in insert_category_dao
    category_data = MysqlCommonQuery.insert_query(category_vo)
                    ^^^^^^^^^^^^^^^^^^^^^^^^^^^^^^^^^^^^^^^^^^
  File "/home/prince/PycharmProjects/FastCRUD/base/client/mysql_common/mysql_common_query.py", line 16, in insert_query
    session.add(create_object)
  File "/home/prince/.local/lib/python3.11/site-packages/sqlalchemy/orm/session.py", line 3479, in add
    raise exc.UnmappedInstanceError(instance) from err
sqlalchemy.orm.exc.UnmappedInstanceError: Class 'base.db.database.Database' is not mapped
2025-03-24 23:23:23,172 - category_controller.py - FastCRUD -  insert_category_controller - INFO - Attempting to insert new category: string

2025-03-24 23:23:23,173 - category_service.py - FastCRUD -  insert_category_service - ERROR - Error inserting category
Traceback (most recent call last):
  File "/home/prince/.local/lib/python3.11/site-packages/sqlalchemy/orm/session.py", line 3477, in add
    state = attributes.instance_state(instance)
            ^^^^^^^^^^^^^^^^^^^^^^^^^^^^^^^^^^^
AttributeError: 'Database' object has no attribute '_sa_instance_state'

The above exception was the direct cause of the following exception:

Traceback (most recent call last):
  File "/home/prince/PycharmProjects/FastCRUD/base/service/category/category_service.py", line 21, in insert_category_service
    result = CategoryDAO.insert_category_dao(category_vo)
             ^^^^^^^^^^^^^^^^^^^^^^^^^^^^^^^^^^^^^^^^^^^^
  File "/home/prince/PycharmProjects/FastCRUD/base/dao/category/category_dao.py", line 8, in insert_category_dao
    category_data = MysqlCommonQuery.insert_query(category_vo)
                    ^^^^^^^^^^^^^^^^^^^^^^^^^^^^^^^^^^^^^^^^^^
  File "/home/prince/PycharmProjects/FastCRUD/base/client/mysql_common/mysql_common_query.py", line 16, in insert_query
    session.add(create_object)
  File "/home/prince/.local/lib/python3.11/site-packages/sqlalchemy/orm/session.py", line 3479, in add
    raise exc.UnmappedInstanceError(instance) from err
sqlalchemy.orm.exc.UnmappedInstanceError: Class 'base.db.database.Database' is not mapped
2025-03-24 23:26:35,776 - category_controller.py - FastCRUD -  insert_category_controller - INFO - Attempting to insert new category: string

2025-03-24 23:26:35,777 - category_service.py - FastCRUD -  insert_category_service - ERROR - Error inserting category
Traceback (most recent call last):
  File "/home/prince/.local/lib/python3.11/site-packages/sqlalchemy/orm/session.py", line 3477, in add
    state = attributes.instance_state(instance)
            ^^^^^^^^^^^^^^^^^^^^^^^^^^^^^^^^^^^
AttributeError: 'Base' object has no attribute '_sa_instance_state'

The above exception was the direct cause of the following exception:

Traceback (most recent call last):
  File "/home/prince/PycharmProjects/FastCRUD/base/service/category/category_service.py", line 21, in insert_category_service
    result = CategoryDAO.insert_category_dao(category_vo)
             ^^^^^^^^^^^^^^^^^^^^^^^^^^^^^^^^^^^^^^^^^^^^
  File "/home/prince/PycharmProjects/FastCRUD/base/dao/category/category_dao.py", line 8, in insert_category_dao
    category_data = MysqlCommonQuery.insert_query(category_vo)
                    ^^^^^^^^^^^^^^^^^^^^^^^^^^^^^^^^^^^^^^^^^^
  File "/home/prince/PycharmProjects/FastCRUD/base/client/mysql_common/mysql_common_query.py", line 16, in insert_query
    session.add(create_object)
  File "/home/prince/.local/lib/python3.11/site-packages/sqlalchemy/orm/session.py", line 3479, in add
    raise exc.UnmappedInstanceError(instance) from err
sqlalchemy.orm.exc.UnmappedInstanceError: Class 'base.db.database.Base' is not mapped
2025-03-24 23:28:33,700 - category_controller.py - FastCRUD -  insert_category_controller - INFO - Attempting to insert new category: string

2025-03-24 23:28:33,701 - category_service.py - FastCRUD -  insert_category_service - ERROR - Error inserting category
Traceback (most recent call last):
  File "/home/prince/.local/lib/python3.11/site-packages/sqlalchemy/orm/session.py", line 3477, in add
    state = attributes.instance_state(instance)
            ^^^^^^^^^^^^^^^^^^^^^^^^^^^^^^^^^^^
AttributeError: 'Database' object has no attribute '_sa_instance_state'

The above exception was the direct cause of the following exception:

Traceback (most recent call last):
  File "/home/prince/PycharmProjects/FastCRUD/base/service/category/category_service.py", line 21, in insert_category_service
    result = CategoryDAO.insert_category_dao(category_vo)
             ^^^^^^^^^^^^^^^^^^^^^^^^^^^^^^^^^^^^^^^^^^^^
  File "/home/prince/PycharmProjects/FastCRUD/base/dao/category/category_dao.py", line 8, in insert_category_dao
    category_data = MysqlCommonQuery.insert_query(category_vo)
                    ^^^^^^^^^^^^^^^^^^^^^^^^^^^^^^^^^^^^^^^^^^
  File "/home/prince/PycharmProjects/FastCRUD/base/client/mysql_common/mysql_common_query.py", line 16, in insert_query
    session.add(create_object)
  File "/home/prince/.local/lib/python3.11/site-packages/sqlalchemy/orm/session.py", line 3479, in add
    raise exc.UnmappedInstanceError(instance) from err
sqlalchemy.orm.exc.UnmappedInstanceError: Class 'base.db.database.Database' is not mapped
2025-03-25 09:45:27,067 - category_controller.py - FastCRUD -  insert_category_controller - INFO - Attempting to insert new category: FoodscvfdRedccdccsdcipes

2025-03-25 09:45:27,069 - category_service.py - FastCRUD -  insert_category_service - ERROR - Error inserting category
Traceback (most recent call last):
  File "/home/prince/.local/lib/python3.11/site-packages/sqlalchemy/orm/session.py", line 3477, in add
    state = attributes.instance_state(instance)
            ^^^^^^^^^^^^^^^^^^^^^^^^^^^^^^^^^^^
AttributeError: 'Database' object has no attribute '_sa_instance_state'

The above exception was the direct cause of the following exception:

Traceback (most recent call last):
  File "/home/prince/PycharmProjects/FastCRUD/base/service/category/category_service.py", line 21, in insert_category_service
    result = CategoryDAO.insert_category_dao(category_vo)
             ^^^^^^^^^^^^^^^^^^^^^^^^^^^^^^^^^^^^^^^^^^^^
  File "/home/prince/PycharmProjects/FastCRUD/base/dao/category/category_dao.py", line 8, in insert_category_dao
    category_data = MysqlCommonQuery.insert_query(category_vo)
                    ^^^^^^^^^^^^^^^^^^^^^^^^^^^^^^^^^^^^^^^^^^
  File "/home/prince/PycharmProjects/FastCRUD/base/client/mysql_common/mysql_common_query.py", line 16, in insert_query
    session.add(create_object)
  File "/home/prince/.local/lib/python3.11/site-packages/sqlalchemy/orm/session.py", line 3479, in add
    raise exc.UnmappedInstanceError(instance) from err
sqlalchemy.orm.exc.UnmappedInstanceError: Class 'base.db.database.Database' is not mapped
2025-03-25 10:12:07,822 - category_controller.py - FastCRUD -  insert_category_controller - INFO - Attempting to insert new category: FoodscvfdRedccdccsdcipes

2025-03-25 10:12:07,833 - category_service.py - FastCRUD -  insert_category_service - INFO - Category inserted successfully: FoodscvfdRedccdccsdcipes

2025-03-25 10:12:36,691 - category_controller.py - FastCRUD -  insert_category_controller - INFO - Attempting to insert new category: Finance

2025-03-25 10:12:36,698 - category_service.py - FastCRUD -  insert_category_service - INFO - Category inserted successfully: Finance

2025-03-25 10:12:43,652 - category_controller.py - FastCRUD -  insert_category_controller - INFO - Attempting to insert new category: Food & Recipes

2025-03-25 10:12:43,659 - category_service.py - FastCRUD -  insert_category_service - INFO - Category inserted successfully: Food & Recipes

2025-03-25 10:12:56,616 - category_controller.py - FastCRUD -  insert_category_controller - INFO - Attempting to insert new category: Entertainment

2025-03-25 10:12:56,625 - category_service.py - FastCRUD -  insert_category_service - INFO - Category inserted successfully: Entertainment

2025-03-25 10:12:58,932 - category_controller.py - FastCRUD -  insert_category_controller - INFO - Attempting to insert new category: Education

2025-03-25 10:12:58,937 - category_service.py - FastCRUD -  insert_category_service - INFO - Category inserted successfully: Education

2025-03-25 10:13:01,068 - category_controller.py - FastCRUD -  insert_category_controller - INFO - Attempting to insert new category: Health & Fitness

2025-03-25 10:13:01,075 - category_service.py - FastCRUD -  insert_category_service - INFO - Category inserted successfully: Health & Fitness

2025-03-25 10:13:06,835 - category_controller.py - FastCRUD -  insert_category_controller - INFO - Attempting to insert new category: Technology

2025-03-25 10:13:06,840 - category_service.py - FastCRUD -  insert_category_service - INFO - Category inserted successfully: Technology

2025-03-25 10:13:08,958 - category_controller.py - FastCRUD -  insert_category_controller - INFO - Attempting to insert new category: FoodscvfdRedccdccsdcipes

2025-03-25 10:13:08,963 - category_service.py - FastCRUD -  insert_category_service - ERROR - Error inserting category
Traceback (most recent call last):
  File "/home/prince/.local/lib/python3.11/site-packages/sqlalchemy/engine/base.py", line 1964, in _exec_single_context
    self.dialect.do_execute(
  File "/home/prince/.local/lib/python3.11/site-packages/sqlalchemy/engine/default.py", line 942, in do_execute
    cursor.execute(statement, parameters)
  File "/home/prince/.local/lib/python3.11/site-packages/pymysql/cursors.py", line 153, in execute
    result = self._query(query)
             ^^^^^^^^^^^^^^^^^^
  File "/home/prince/.local/lib/python3.11/site-packages/pymysql/cursors.py", line 322, in _query
    conn.query(q)
  File "/home/prince/.local/lib/python3.11/site-packages/pymysql/connections.py", line 563, in query
    self._affected_rows = self._read_query_result(unbuffered=unbuffered)
                          ^^^^^^^^^^^^^^^^^^^^^^^^^^^^^^^^^^^^^^^^^^^^^^
  File "/home/prince/.local/lib/python3.11/site-packages/pymysql/connections.py", line 825, in _read_query_result
    result.read()
  File "/home/prince/.local/lib/python3.11/site-packages/pymysql/connections.py", line 1199, in read
    first_packet = self.connection._read_packet()
                   ^^^^^^^^^^^^^^^^^^^^^^^^^^^^^^
  File "/home/prince/.local/lib/python3.11/site-packages/pymysql/connections.py", line 775, in _read_packet
    packet.raise_for_error()
  File "/home/prince/.local/lib/python3.11/site-packages/pymysql/protocol.py", line 219, in raise_for_error
    err.raise_mysql_exception(self._data)
  File "/home/prince/.local/lib/python3.11/site-packages/pymysql/err.py", line 150, in raise_mysql_exception
    raise errorclass(errno, errval)
pymysql.err.IntegrityError: (1062, "Duplicate entry 'FoodscvfdRedccdccsdcipes' for key 'category_table.ix_category_table_category_name'")

The above exception was the direct cause of the following exception:

Traceback (most recent call last):
  File "/home/prince/PycharmProjects/FastCRUD/base/service/category/category_service.py", line 21, in insert_category_service
    result = CategoryDAO.insert_category_dao(category_vo)
             ^^^^^^^^^^^^^^^^^^^^^^^^^^^^^^^^^^^^^^^^^^^^
  File "/home/prince/PycharmProjects/FastCRUD/base/dao/category/category_dao.py", line 8, in insert_category_dao
    category_data = MysqlCommonQuery.insert_query(category_vo)
                    ^^^^^^^^^^^^^^^^^^^^^^^^^^^^^^^^^^^^^^^^^^
  File "/home/prince/PycharmProjects/FastCRUD/base/client/mysql_common/mysql_common_query.py", line 17, in insert_query
    session.commit()
  File "/home/prince/.local/lib/python3.11/site-packages/sqlalchemy/orm/session.py", line 2032, in commit
    trans.commit(_to_root=True)
  File "<string>", line 2, in commit
  File "/home/prince/.local/lib/python3.11/site-packages/sqlalchemy/orm/state_changes.py", line 139, in _go
    ret_value = fn(self, *arg, **kw)
                ^^^^^^^^^^^^^^^^^^^^
  File "/home/prince/.local/lib/python3.11/site-packages/sqlalchemy/orm/session.py", line 1313, in commit
    self._prepare_impl()
  File "<string>", line 2, in _prepare_impl
  File "/home/prince/.local/lib/python3.11/site-packages/sqlalchemy/orm/state_changes.py", line 139, in _go
    ret_value = fn(self, *arg, **kw)
                ^^^^^^^^^^^^^^^^^^^^
  File "/home/prince/.local/lib/python3.11/site-packages/sqlalchemy/orm/session.py", line 1288, in _prepare_impl
    self.session.flush()
  File "/home/prince/.local/lib/python3.11/site-packages/sqlalchemy/orm/session.py", line 4353, in flush
    self._flush(objects)
  File "/home/prince/.local/lib/python3.11/site-packages/sqlalchemy/orm/session.py", line 4488, in _flush
    with util.safe_reraise():
  File "/home/prince/.local/lib/python3.11/site-packages/sqlalchemy/util/langhelpers.py", line 146, in __exit__
    raise exc_value.with_traceback(exc_tb)
  File "/home/prince/.local/lib/python3.11/site-packages/sqlalchemy/orm/session.py", line 4449, in _flush
    flush_context.execute()
  File "/home/prince/.local/lib/python3.11/site-packages/sqlalchemy/orm/unitofwork.py", line 466, in execute
    rec.execute(self)
  File "/home/prince/.local/lib/python3.11/site-packages/sqlalchemy/orm/unitofwork.py", line 642, in execute
    util.preloaded.orm_persistence.save_obj(
  File "/home/prince/.local/lib/python3.11/site-packages/sqlalchemy/orm/persistence.py", line 93, in save_obj
    _emit_insert_statements(
  File "/home/prince/.local/lib/python3.11/site-packages/sqlalchemy/orm/persistence.py", line 1233, in _emit_insert_statements
    result = connection.execute(
             ^^^^^^^^^^^^^^^^^^^
  File "/home/prince/.local/lib/python3.11/site-packages/sqlalchemy/engine/base.py", line 1416, in execute
    return meth(
           ^^^^^
  File "/home/prince/.local/lib/python3.11/site-packages/sqlalchemy/sql/elements.py", line 516, in _execute_on_connection
    return connection._execute_clauseelement(
           ^^^^^^^^^^^^^^^^^^^^^^^^^^^^^^^^^^
  File "/home/prince/.local/lib/python3.11/site-packages/sqlalchemy/engine/base.py", line 1638, in _execute_clauseelement
    ret = self._execute_context(
          ^^^^^^^^^^^^^^^^^^^^^^
  File "/home/prince/.local/lib/python3.11/site-packages/sqlalchemy/engine/base.py", line 1843, in _execute_context
    return self._exec_single_context(
           ^^^^^^^^^^^^^^^^^^^^^^^^^^
  File "/home/prince/.local/lib/python3.11/site-packages/sqlalchemy/engine/base.py", line 1983, in _exec_single_context
    self._handle_dbapi_exception(
  File "/home/prince/.local/lib/python3.11/site-packages/sqlalchemy/engine/base.py", line 2352, in _handle_dbapi_exception
    raise sqlalchemy_exception.with_traceback(exc_info[2]) from e
  File "/home/prince/.local/lib/python3.11/site-packages/sqlalchemy/engine/base.py", line 1964, in _exec_single_context
    self.dialect.do_execute(
  File "/home/prince/.local/lib/python3.11/site-packages/sqlalchemy/engine/default.py", line 942, in do_execute
    cursor.execute(statement, parameters)
  File "/home/prince/.local/lib/python3.11/site-packages/pymysql/cursors.py", line 153, in execute
    result = self._query(query)
             ^^^^^^^^^^^^^^^^^^
  File "/home/prince/.local/lib/python3.11/site-packages/pymysql/cursors.py", line 322, in _query
    conn.query(q)
  File "/home/prince/.local/lib/python3.11/site-packages/pymysql/connections.py", line 563, in query
    self._affected_rows = self._read_query_result(unbuffered=unbuffered)
                          ^^^^^^^^^^^^^^^^^^^^^^^^^^^^^^^^^^^^^^^^^^^^^^
  File "/home/prince/.local/lib/python3.11/site-packages/pymysql/connections.py", line 825, in _read_query_result
    result.read()
  File "/home/prince/.local/lib/python3.11/site-packages/pymysql/connections.py", line 1199, in read
    first_packet = self.connection._read_packet()
                   ^^^^^^^^^^^^^^^^^^^^^^^^^^^^^^
  File "/home/prince/.local/lib/python3.11/site-packages/pymysql/connections.py", line 775, in _read_packet
    packet.raise_for_error()
  File "/home/prince/.local/lib/python3.11/site-packages/pymysql/protocol.py", line 219, in raise_for_error
    err.raise_mysql_exception(self._data)
  File "/home/prince/.local/lib/python3.11/site-packages/pymysql/err.py", line 150, in raise_mysql_exception
    raise errorclass(errno, errval)
sqlalchemy.exc.IntegrityError: (pymysql.err.IntegrityError) (1062, "Duplicate entry 'FoodscvfdRedccdccsdcipes' for key 'category_table.ix_category_table_category_name'")
[SQL: INSERT INTO category_table (category_name, category_description, is_deleted, created_at, modified_at) VALUES (%(category_name)s, %(category_description)s, %(is_deleted)s, %(created_at)s, %(modified_at)s)]
[parameters: {'category_name': 'FoodscvfdRedccdccsdcipes', 'category_description': 'Delicious recipes, cooking techniques, and restaurant reviews..', 'is_deleted': 0, 'created_at': 1742877788, 'modified_at': 1742877788}]
(Background on this error at: https://sqlalche.me/e/20/gkpj)
2025-03-25 10:13:11,290 - category_controller.py - FastCRUD -  insert_category_controller - INFO - Attempting to insert new category: FoodscvfdRedccdccsdcipes

2025-03-25 10:13:11,296 - category_service.py - FastCRUD -  insert_category_service - ERROR - Error inserting category
Traceback (most recent call last):
  File "/home/prince/.local/lib/python3.11/site-packages/sqlalchemy/engine/base.py", line 1964, in _exec_single_context
    self.dialect.do_execute(
  File "/home/prince/.local/lib/python3.11/site-packages/sqlalchemy/engine/default.py", line 942, in do_execute
    cursor.execute(statement, parameters)
  File "/home/prince/.local/lib/python3.11/site-packages/pymysql/cursors.py", line 153, in execute
    result = self._query(query)
             ^^^^^^^^^^^^^^^^^^
  File "/home/prince/.local/lib/python3.11/site-packages/pymysql/cursors.py", line 322, in _query
    conn.query(q)
  File "/home/prince/.local/lib/python3.11/site-packages/pymysql/connections.py", line 563, in query
    self._affected_rows = self._read_query_result(unbuffered=unbuffered)
                          ^^^^^^^^^^^^^^^^^^^^^^^^^^^^^^^^^^^^^^^^^^^^^^
  File "/home/prince/.local/lib/python3.11/site-packages/pymysql/connections.py", line 825, in _read_query_result
    result.read()
  File "/home/prince/.local/lib/python3.11/site-packages/pymysql/connections.py", line 1199, in read
    first_packet = self.connection._read_packet()
                   ^^^^^^^^^^^^^^^^^^^^^^^^^^^^^^
  File "/home/prince/.local/lib/python3.11/site-packages/pymysql/connections.py", line 775, in _read_packet
    packet.raise_for_error()
  File "/home/prince/.local/lib/python3.11/site-packages/pymysql/protocol.py", line 219, in raise_for_error
    err.raise_mysql_exception(self._data)
  File "/home/prince/.local/lib/python3.11/site-packages/pymysql/err.py", line 150, in raise_mysql_exception
    raise errorclass(errno, errval)
pymysql.err.IntegrityError: (1062, "Duplicate entry 'FoodscvfdRedccdccsdcipes' for key 'category_table.ix_category_table_category_name'")

The above exception was the direct cause of the following exception:

Traceback (most recent call last):
  File "/home/prince/PycharmProjects/FastCRUD/base/service/category/category_service.py", line 21, in insert_category_service
    result = CategoryDAO.insert_category_dao(category_vo)
             ^^^^^^^^^^^^^^^^^^^^^^^^^^^^^^^^^^^^^^^^^^^^
  File "/home/prince/PycharmProjects/FastCRUD/base/dao/category/category_dao.py", line 8, in insert_category_dao
    category_data = MysqlCommonQuery.insert_query(category_vo)
                    ^^^^^^^^^^^^^^^^^^^^^^^^^^^^^^^^^^^^^^^^^^
  File "/home/prince/PycharmProjects/FastCRUD/base/client/mysql_common/mysql_common_query.py", line 17, in insert_query
    session.commit()
  File "/home/prince/.local/lib/python3.11/site-packages/sqlalchemy/orm/session.py", line 2032, in commit
    trans.commit(_to_root=True)
  File "<string>", line 2, in commit
  File "/home/prince/.local/lib/python3.11/site-packages/sqlalchemy/orm/state_changes.py", line 139, in _go
    ret_value = fn(self, *arg, **kw)
                ^^^^^^^^^^^^^^^^^^^^
  File "/home/prince/.local/lib/python3.11/site-packages/sqlalchemy/orm/session.py", line 1313, in commit
    self._prepare_impl()
  File "<string>", line 2, in _prepare_impl
  File "/home/prince/.local/lib/python3.11/site-packages/sqlalchemy/orm/state_changes.py", line 139, in _go
    ret_value = fn(self, *arg, **kw)
                ^^^^^^^^^^^^^^^^^^^^
  File "/home/prince/.local/lib/python3.11/site-packages/sqlalchemy/orm/session.py", line 1288, in _prepare_impl
    self.session.flush()
  File "/home/prince/.local/lib/python3.11/site-packages/sqlalchemy/orm/session.py", line 4353, in flush
    self._flush(objects)
  File "/home/prince/.local/lib/python3.11/site-packages/sqlalchemy/orm/session.py", line 4488, in _flush
    with util.safe_reraise():
  File "/home/prince/.local/lib/python3.11/site-packages/sqlalchemy/util/langhelpers.py", line 146, in __exit__
    raise exc_value.with_traceback(exc_tb)
  File "/home/prince/.local/lib/python3.11/site-packages/sqlalchemy/orm/session.py", line 4449, in _flush
    flush_context.execute()
  File "/home/prince/.local/lib/python3.11/site-packages/sqlalchemy/orm/unitofwork.py", line 466, in execute
    rec.execute(self)
  File "/home/prince/.local/lib/python3.11/site-packages/sqlalchemy/orm/unitofwork.py", line 642, in execute
    util.preloaded.orm_persistence.save_obj(
  File "/home/prince/.local/lib/python3.11/site-packages/sqlalchemy/orm/persistence.py", line 93, in save_obj
    _emit_insert_statements(
  File "/home/prince/.local/lib/python3.11/site-packages/sqlalchemy/orm/persistence.py", line 1233, in _emit_insert_statements
    result = connection.execute(
             ^^^^^^^^^^^^^^^^^^^
  File "/home/prince/.local/lib/python3.11/site-packages/sqlalchemy/engine/base.py", line 1416, in execute
    return meth(
           ^^^^^
  File "/home/prince/.local/lib/python3.11/site-packages/sqlalchemy/sql/elements.py", line 516, in _execute_on_connection
    return connection._execute_clauseelement(
           ^^^^^^^^^^^^^^^^^^^^^^^^^^^^^^^^^^
  File "/home/prince/.local/lib/python3.11/site-packages/sqlalchemy/engine/base.py", line 1638, in _execute_clauseelement
    ret = self._execute_context(
          ^^^^^^^^^^^^^^^^^^^^^^
  File "/home/prince/.local/lib/python3.11/site-packages/sqlalchemy/engine/base.py", line 1843, in _execute_context
    return self._exec_single_context(
           ^^^^^^^^^^^^^^^^^^^^^^^^^^
  File "/home/prince/.local/lib/python3.11/site-packages/sqlalchemy/engine/base.py", line 1983, in _exec_single_context
    self._handle_dbapi_exception(
  File "/home/prince/.local/lib/python3.11/site-packages/sqlalchemy/engine/base.py", line 2352, in _handle_dbapi_exception
    raise sqlalchemy_exception.with_traceback(exc_info[2]) from e
  File "/home/prince/.local/lib/python3.11/site-packages/sqlalchemy/engine/base.py", line 1964, in _exec_single_context
    self.dialect.do_execute(
  File "/home/prince/.local/lib/python3.11/site-packages/sqlalchemy/engine/default.py", line 942, in do_execute
    cursor.execute(statement, parameters)
  File "/home/prince/.local/lib/python3.11/site-packages/pymysql/cursors.py", line 153, in execute
    result = self._query(query)
             ^^^^^^^^^^^^^^^^^^
  File "/home/prince/.local/lib/python3.11/site-packages/pymysql/cursors.py", line 322, in _query
    conn.query(q)
  File "/home/prince/.local/lib/python3.11/site-packages/pymysql/connections.py", line 563, in query
    self._affected_rows = self._read_query_result(unbuffered=unbuffered)
                          ^^^^^^^^^^^^^^^^^^^^^^^^^^^^^^^^^^^^^^^^^^^^^^
  File "/home/prince/.local/lib/python3.11/site-packages/pymysql/connections.py", line 825, in _read_query_result
    result.read()
  File "/home/prince/.local/lib/python3.11/site-packages/pymysql/connections.py", line 1199, in read
    first_packet = self.connection._read_packet()
                   ^^^^^^^^^^^^^^^^^^^^^^^^^^^^^^
  File "/home/prince/.local/lib/python3.11/site-packages/pymysql/connections.py", line 775, in _read_packet
    packet.raise_for_error()
  File "/home/prince/.local/lib/python3.11/site-packages/pymysql/protocol.py", line 219, in raise_for_error
    err.raise_mysql_exception(self._data)
  File "/home/prince/.local/lib/python3.11/site-packages/pymysql/err.py", line 150, in raise_mysql_exception
    raise errorclass(errno, errval)
sqlalchemy.exc.IntegrityError: (pymysql.err.IntegrityError) (1062, "Duplicate entry 'FoodscvfdRedccdccsdcipes' for key 'category_table.ix_category_table_category_name'")
[SQL: INSERT INTO category_table (category_name, category_description, is_deleted, created_at, modified_at) VALUES (%(category_name)s, %(category_description)s, %(is_deleted)s, %(created_at)s, %(modified_at)s)]
[parameters: {'category_name': 'FoodscvfdRedccdccsdcipes', 'category_description': 'Delicious recipes, cooking techniques, and restaurant reviews..', 'is_deleted': 0, 'created_at': 1742877791, 'modified_at': 1742877791}]
(Background on this error at: https://sqlalche.me/e/20/gkpj)
2025-03-25 10:13:27,929 - category_controller.py - FastCRUD -  insert_category_controller - INFO - Attempting to insert new category: FoodscvfdRedccdccsdcipes

2025-03-25 10:13:27,932 - category_service.py - FastCRUD -  insert_category_service - ERROR - Error inserting category
Traceback (most recent call last):
  File "/home/prince/.local/lib/python3.11/site-packages/sqlalchemy/engine/base.py", line 1964, in _exec_single_context
    self.dialect.do_execute(
  File "/home/prince/.local/lib/python3.11/site-packages/sqlalchemy/engine/default.py", line 942, in do_execute
    cursor.execute(statement, parameters)
  File "/home/prince/.local/lib/python3.11/site-packages/pymysql/cursors.py", line 153, in execute
    result = self._query(query)
             ^^^^^^^^^^^^^^^^^^
  File "/home/prince/.local/lib/python3.11/site-packages/pymysql/cursors.py", line 322, in _query
    conn.query(q)
  File "/home/prince/.local/lib/python3.11/site-packages/pymysql/connections.py", line 563, in query
    self._affected_rows = self._read_query_result(unbuffered=unbuffered)
                          ^^^^^^^^^^^^^^^^^^^^^^^^^^^^^^^^^^^^^^^^^^^^^^
  File "/home/prince/.local/lib/python3.11/site-packages/pymysql/connections.py", line 825, in _read_query_result
    result.read()
  File "/home/prince/.local/lib/python3.11/site-packages/pymysql/connections.py", line 1199, in read
    first_packet = self.connection._read_packet()
                   ^^^^^^^^^^^^^^^^^^^^^^^^^^^^^^
  File "/home/prince/.local/lib/python3.11/site-packages/pymysql/connections.py", line 775, in _read_packet
    packet.raise_for_error()
  File "/home/prince/.local/lib/python3.11/site-packages/pymysql/protocol.py", line 219, in raise_for_error
    err.raise_mysql_exception(self._data)
  File "/home/prince/.local/lib/python3.11/site-packages/pymysql/err.py", line 150, in raise_mysql_exception
    raise errorclass(errno, errval)
pymysql.err.IntegrityError: (1062, "Duplicate entry 'FoodscvfdRedccdccsdcipes' for key 'category_table.ix_category_table_category_name'")

The above exception was the direct cause of the following exception:

Traceback (most recent call last):
  File "/home/prince/PycharmProjects/FastCRUD/base/service/category/category_service.py", line 21, in insert_category_service
    result = CategoryDAO.insert_category_dao(category_vo)
             ^^^^^^^^^^^^^^^^^^^^^^^^^^^^^^^^^^^^^^^^^^^^
  File "/home/prince/PycharmProjects/FastCRUD/base/dao/category/category_dao.py", line 8, in insert_category_dao
    category_data = MysqlCommonQuery.insert_query(category_vo)
                    ^^^^^^^^^^^^^^^^^^^^^^^^^^^^^^^^^^^^^^^^^^
  File "/home/prince/PycharmProjects/FastCRUD/base/client/mysql_common/mysql_common_query.py", line 17, in insert_query
    session.commit()
  File "/home/prince/.local/lib/python3.11/site-packages/sqlalchemy/orm/session.py", line 2032, in commit
    trans.commit(_to_root=True)
  File "<string>", line 2, in commit
  File "/home/prince/.local/lib/python3.11/site-packages/sqlalchemy/orm/state_changes.py", line 139, in _go
    ret_value = fn(self, *arg, **kw)
                ^^^^^^^^^^^^^^^^^^^^
  File "/home/prince/.local/lib/python3.11/site-packages/sqlalchemy/orm/session.py", line 1313, in commit
    self._prepare_impl()
  File "<string>", line 2, in _prepare_impl
  File "/home/prince/.local/lib/python3.11/site-packages/sqlalchemy/orm/state_changes.py", line 139, in _go
    ret_value = fn(self, *arg, **kw)
                ^^^^^^^^^^^^^^^^^^^^
  File "/home/prince/.local/lib/python3.11/site-packages/sqlalchemy/orm/session.py", line 1288, in _prepare_impl
    self.session.flush()
  File "/home/prince/.local/lib/python3.11/site-packages/sqlalchemy/orm/session.py", line 4353, in flush
    self._flush(objects)
  File "/home/prince/.local/lib/python3.11/site-packages/sqlalchemy/orm/session.py", line 4488, in _flush
    with util.safe_reraise():
  File "/home/prince/.local/lib/python3.11/site-packages/sqlalchemy/util/langhelpers.py", line 146, in __exit__
    raise exc_value.with_traceback(exc_tb)
  File "/home/prince/.local/lib/python3.11/site-packages/sqlalchemy/orm/session.py", line 4449, in _flush
    flush_context.execute()
  File "/home/prince/.local/lib/python3.11/site-packages/sqlalchemy/orm/unitofwork.py", line 466, in execute
    rec.execute(self)
  File "/home/prince/.local/lib/python3.11/site-packages/sqlalchemy/orm/unitofwork.py", line 642, in execute
    util.preloaded.orm_persistence.save_obj(
  File "/home/prince/.local/lib/python3.11/site-packages/sqlalchemy/orm/persistence.py", line 93, in save_obj
    _emit_insert_statements(
  File "/home/prince/.local/lib/python3.11/site-packages/sqlalchemy/orm/persistence.py", line 1233, in _emit_insert_statements
    result = connection.execute(
             ^^^^^^^^^^^^^^^^^^^
  File "/home/prince/.local/lib/python3.11/site-packages/sqlalchemy/engine/base.py", line 1416, in execute
    return meth(
           ^^^^^
  File "/home/prince/.local/lib/python3.11/site-packages/sqlalchemy/sql/elements.py", line 516, in _execute_on_connection
    return connection._execute_clauseelement(
           ^^^^^^^^^^^^^^^^^^^^^^^^^^^^^^^^^^
  File "/home/prince/.local/lib/python3.11/site-packages/sqlalchemy/engine/base.py", line 1638, in _execute_clauseelement
    ret = self._execute_context(
          ^^^^^^^^^^^^^^^^^^^^^^
  File "/home/prince/.local/lib/python3.11/site-packages/sqlalchemy/engine/base.py", line 1843, in _execute_context
    return self._exec_single_context(
           ^^^^^^^^^^^^^^^^^^^^^^^^^^
  File "/home/prince/.local/lib/python3.11/site-packages/sqlalchemy/engine/base.py", line 1983, in _exec_single_context
    self._handle_dbapi_exception(
  File "/home/prince/.local/lib/python3.11/site-packages/sqlalchemy/engine/base.py", line 2352, in _handle_dbapi_exception
    raise sqlalchemy_exception.with_traceback(exc_info[2]) from e
  File "/home/prince/.local/lib/python3.11/site-packages/sqlalchemy/engine/base.py", line 1964, in _exec_single_context
    self.dialect.do_execute(
  File "/home/prince/.local/lib/python3.11/site-packages/sqlalchemy/engine/default.py", line 942, in do_execute
    cursor.execute(statement, parameters)
  File "/home/prince/.local/lib/python3.11/site-packages/pymysql/cursors.py", line 153, in execute
    result = self._query(query)
             ^^^^^^^^^^^^^^^^^^
  File "/home/prince/.local/lib/python3.11/site-packages/pymysql/cursors.py", line 322, in _query
    conn.query(q)
  File "/home/prince/.local/lib/python3.11/site-packages/pymysql/connections.py", line 563, in query
    self._affected_rows = self._read_query_result(unbuffered=unbuffered)
                          ^^^^^^^^^^^^^^^^^^^^^^^^^^^^^^^^^^^^^^^^^^^^^^
  File "/home/prince/.local/lib/python3.11/site-packages/pymysql/connections.py", line 825, in _read_query_result
    result.read()
  File "/home/prince/.local/lib/python3.11/site-packages/pymysql/connections.py", line 1199, in read
    first_packet = self.connection._read_packet()
                   ^^^^^^^^^^^^^^^^^^^^^^^^^^^^^^
  File "/home/prince/.local/lib/python3.11/site-packages/pymysql/connections.py", line 775, in _read_packet
    packet.raise_for_error()
  File "/home/prince/.local/lib/python3.11/site-packages/pymysql/protocol.py", line 219, in raise_for_error
    err.raise_mysql_exception(self._data)
  File "/home/prince/.local/lib/python3.11/site-packages/pymysql/err.py", line 150, in raise_mysql_exception
    raise errorclass(errno, errval)
sqlalchemy.exc.IntegrityError: (pymysql.err.IntegrityError) (1062, "Duplicate entry 'FoodscvfdRedccdccsdcipes' for key 'category_table.ix_category_table_category_name'")
[SQL: INSERT INTO category_table (category_name, category_description, is_deleted, created_at, modified_at) VALUES (%(category_name)s, %(category_description)s, %(is_deleted)s, %(created_at)s, %(modified_at)s)]
[parameters: {'category_name': 'FoodscvfdRedccdccsdcipes', 'category_description': 'Delicious recipes, cooking techniques, and restaurant reviews..', 'is_deleted': 0, 'created_at': 1742877807, 'modified_at': 1742877807}]
(Background on this error at: https://sqlalche.me/e/20/gkpj)
2025-03-25 10:13:33,843 - category_controller.py - FastCRUD -  insert_category_controller - INFO - Attempting to insert new category: FoodscvfdRedccdccsdcipes

2025-03-25 10:13:33,848 - category_service.py - FastCRUD -  insert_category_service - ERROR - Error inserting category
Traceback (most recent call last):
  File "/home/prince/.local/lib/python3.11/site-packages/sqlalchemy/engine/base.py", line 1964, in _exec_single_context
    self.dialect.do_execute(
  File "/home/prince/.local/lib/python3.11/site-packages/sqlalchemy/engine/default.py", line 942, in do_execute
    cursor.execute(statement, parameters)
  File "/home/prince/.local/lib/python3.11/site-packages/pymysql/cursors.py", line 153, in execute
    result = self._query(query)
             ^^^^^^^^^^^^^^^^^^
  File "/home/prince/.local/lib/python3.11/site-packages/pymysql/cursors.py", line 322, in _query
    conn.query(q)
  File "/home/prince/.local/lib/python3.11/site-packages/pymysql/connections.py", line 563, in query
    self._affected_rows = self._read_query_result(unbuffered=unbuffered)
                          ^^^^^^^^^^^^^^^^^^^^^^^^^^^^^^^^^^^^^^^^^^^^^^
  File "/home/prince/.local/lib/python3.11/site-packages/pymysql/connections.py", line 825, in _read_query_result
    result.read()
  File "/home/prince/.local/lib/python3.11/site-packages/pymysql/connections.py", line 1199, in read
    first_packet = self.connection._read_packet()
                   ^^^^^^^^^^^^^^^^^^^^^^^^^^^^^^
  File "/home/prince/.local/lib/python3.11/site-packages/pymysql/connections.py", line 775, in _read_packet
    packet.raise_for_error()
  File "/home/prince/.local/lib/python3.11/site-packages/pymysql/protocol.py", line 219, in raise_for_error
    err.raise_mysql_exception(self._data)
  File "/home/prince/.local/lib/python3.11/site-packages/pymysql/err.py", line 150, in raise_mysql_exception
    raise errorclass(errno, errval)
pymysql.err.IntegrityError: (1062, "Duplicate entry 'FoodscvfdRedccdccsdcipes' for key 'category_table.ix_category_table_category_name'")

The above exception was the direct cause of the following exception:

Traceback (most recent call last):
  File "/home/prince/PycharmProjects/FastCRUD/base/service/category/category_service.py", line 21, in insert_category_service
    result = CategoryDAO.insert_category_dao(category_vo)
             ^^^^^^^^^^^^^^^^^^^^^^^^^^^^^^^^^^^^^^^^^^^^
  File "/home/prince/PycharmProjects/FastCRUD/base/dao/category/category_dao.py", line 8, in insert_category_dao
    category_data = MysqlCommonQuery.insert_query(category_vo)
                    ^^^^^^^^^^^^^^^^^^^^^^^^^^^^^^^^^^^^^^^^^^
  File "/home/prince/PycharmProjects/FastCRUD/base/client/mysql_common/mysql_common_query.py", line 17, in insert_query
    session.commit()
  File "/home/prince/.local/lib/python3.11/site-packages/sqlalchemy/orm/session.py", line 2032, in commit
    trans.commit(_to_root=True)
  File "<string>", line 2, in commit
  File "/home/prince/.local/lib/python3.11/site-packages/sqlalchemy/orm/state_changes.py", line 139, in _go
    ret_value = fn(self, *arg, **kw)
                ^^^^^^^^^^^^^^^^^^^^
  File "/home/prince/.local/lib/python3.11/site-packages/sqlalchemy/orm/session.py", line 1313, in commit
    self._prepare_impl()
  File "<string>", line 2, in _prepare_impl
  File "/home/prince/.local/lib/python3.11/site-packages/sqlalchemy/orm/state_changes.py", line 139, in _go
    ret_value = fn(self, *arg, **kw)
                ^^^^^^^^^^^^^^^^^^^^
  File "/home/prince/.local/lib/python3.11/site-packages/sqlalchemy/orm/session.py", line 1288, in _prepare_impl
    self.session.flush()
  File "/home/prince/.local/lib/python3.11/site-packages/sqlalchemy/orm/session.py", line 4353, in flush
    self._flush(objects)
  File "/home/prince/.local/lib/python3.11/site-packages/sqlalchemy/orm/session.py", line 4488, in _flush
    with util.safe_reraise():
  File "/home/prince/.local/lib/python3.11/site-packages/sqlalchemy/util/langhelpers.py", line 146, in __exit__
    raise exc_value.with_traceback(exc_tb)
  File "/home/prince/.local/lib/python3.11/site-packages/sqlalchemy/orm/session.py", line 4449, in _flush
    flush_context.execute()
  File "/home/prince/.local/lib/python3.11/site-packages/sqlalchemy/orm/unitofwork.py", line 466, in execute
    rec.execute(self)
  File "/home/prince/.local/lib/python3.11/site-packages/sqlalchemy/orm/unitofwork.py", line 642, in execute
    util.preloaded.orm_persistence.save_obj(
  File "/home/prince/.local/lib/python3.11/site-packages/sqlalchemy/orm/persistence.py", line 93, in save_obj
    _emit_insert_statements(
  File "/home/prince/.local/lib/python3.11/site-packages/sqlalchemy/orm/persistence.py", line 1233, in _emit_insert_statements
    result = connection.execute(
             ^^^^^^^^^^^^^^^^^^^
  File "/home/prince/.local/lib/python3.11/site-packages/sqlalchemy/engine/base.py", line 1416, in execute
    return meth(
           ^^^^^
  File "/home/prince/.local/lib/python3.11/site-packages/sqlalchemy/sql/elements.py", line 516, in _execute_on_connection
    return connection._execute_clauseelement(
           ^^^^^^^^^^^^^^^^^^^^^^^^^^^^^^^^^^
  File "/home/prince/.local/lib/python3.11/site-packages/sqlalchemy/engine/base.py", line 1638, in _execute_clauseelement
    ret = self._execute_context(
          ^^^^^^^^^^^^^^^^^^^^^^
  File "/home/prince/.local/lib/python3.11/site-packages/sqlalchemy/engine/base.py", line 1843, in _execute_context
    return self._exec_single_context(
           ^^^^^^^^^^^^^^^^^^^^^^^^^^
  File "/home/prince/.local/lib/python3.11/site-packages/sqlalchemy/engine/base.py", line 1983, in _exec_single_context
    self._handle_dbapi_exception(
  File "/home/prince/.local/lib/python3.11/site-packages/sqlalchemy/engine/base.py", line 2352, in _handle_dbapi_exception
    raise sqlalchemy_exception.with_traceback(exc_info[2]) from e
  File "/home/prince/.local/lib/python3.11/site-packages/sqlalchemy/engine/base.py", line 1964, in _exec_single_context
    self.dialect.do_execute(
  File "/home/prince/.local/lib/python3.11/site-packages/sqlalchemy/engine/default.py", line 942, in do_execute
    cursor.execute(statement, parameters)
  File "/home/prince/.local/lib/python3.11/site-packages/pymysql/cursors.py", line 153, in execute
    result = self._query(query)
             ^^^^^^^^^^^^^^^^^^
  File "/home/prince/.local/lib/python3.11/site-packages/pymysql/cursors.py", line 322, in _query
    conn.query(q)
  File "/home/prince/.local/lib/python3.11/site-packages/pymysql/connections.py", line 563, in query
    self._affected_rows = self._read_query_result(unbuffered=unbuffered)
                          ^^^^^^^^^^^^^^^^^^^^^^^^^^^^^^^^^^^^^^^^^^^^^^
  File "/home/prince/.local/lib/python3.11/site-packages/pymysql/connections.py", line 825, in _read_query_result
    result.read()
  File "/home/prince/.local/lib/python3.11/site-packages/pymysql/connections.py", line 1199, in read
    first_packet = self.connection._read_packet()
                   ^^^^^^^^^^^^^^^^^^^^^^^^^^^^^^
  File "/home/prince/.local/lib/python3.11/site-packages/pymysql/connections.py", line 775, in _read_packet
    packet.raise_for_error()
  File "/home/prince/.local/lib/python3.11/site-packages/pymysql/protocol.py", line 219, in raise_for_error
    err.raise_mysql_exception(self._data)
  File "/home/prince/.local/lib/python3.11/site-packages/pymysql/err.py", line 150, in raise_mysql_exception
    raise errorclass(errno, errval)
sqlalchemy.exc.IntegrityError: (pymysql.err.IntegrityError) (1062, "Duplicate entry 'FoodscvfdRedccdccsdcipes' for key 'category_table.ix_category_table_category_name'")
[SQL: INSERT INTO category_table (category_name, category_description, is_deleted, created_at, modified_at) VALUES (%(category_name)s, %(category_description)s, %(is_deleted)s, %(created_at)s, %(modified_at)s)]
[parameters: {'category_name': 'FoodscvfdRedccdccsdcipes', 'category_description': 'Delicious recipes, cooking techniques, and restaurant reviews..', 'is_deleted': 0, 'created_at': 1742877813, 'modified_at': 1742877813}]
(Background on this error at: https://sqlalche.me/e/20/gkpj)
2025-03-25 10:28:28,176 - category_controller.py - FastCRUD -  view_category_controller - INFO - Response for verify_member is [<base.vo.category_vo.CategoryVO object at 0x7ef6b54db490>, <base.vo.category_vo.CategoryVO object at 0x7ef6b54b9250>, <base.vo.category_vo.CategoryVO object at 0x7ef6b54db510>, <base.vo.category_vo.CategoryVO object at 0x7ef6b54db590>, <base.vo.category_vo.CategoryVO object at 0x7ef6b54db610>, <base.vo.category_vo.CategoryVO object at 0x7ef6b54db6d0>, <base.vo.category_vo.CategoryVO object at 0x7ef6b54db750>]

2025-03-25 10:29:31,064 - category_controller.py - FastCRUD -  view_category_controller - INFO - Response for verify_member is [<base.vo.category_vo.CategoryVO object at 0x78de6dccb890>, <base.vo.category_vo.CategoryVO object at 0x78de6f41fed0>, <base.vo.category_vo.CategoryVO object at 0x78de6dccb950>, <base.vo.category_vo.CategoryVO object at 0x78de6dccb9d0>, <base.vo.category_vo.CategoryVO object at 0x78de6dccba50>, <base.vo.category_vo.CategoryVO object at 0x78de6dccbb10>, <base.vo.category_vo.CategoryVO object at 0x78de6dccbb90>]

2025-03-25 10:37:25,642 - category_controller.py - FastCRUD -  delete_category_controller - INFO - Attempting to delete category with ID: 1

2025-03-25 10:37:47,059 - category_controller.py - FastCRUD -  delete_category_controller - INFO - Attempting to delete category with ID: 2

2025-03-25 10:39:55,094 - category_controller.py - FastCRUD -  delete_category_controller - INFO - Attempting to delete category with ID: 2

2025-03-25 10:40:07,185 - category_controller.py - FastCRUD -  view_category_controller - INFO - Response for verify_member is [<base.vo.category_vo.CategoryVO object at 0x7f2995cfac10>, <base.vo.category_vo.CategoryVO object at 0x7f2995cfac90>, <base.vo.category_vo.CategoryVO object at 0x7f2995cfad10>, <base.vo.category_vo.CategoryVO object at 0x7f2995cfad90>, <base.vo.category_vo.CategoryVO object at 0x7f2995cfae10>, <base.vo.category_vo.CategoryVO object at 0x7f2995cfaed0>]

2025-03-25 10:55:27,831 - category_controller.py - FastCRUD -  get_category_by_id_controller - INFO - Fetching category details for ID: 1

2025-03-25 10:55:39,101 - category_controller.py - FastCRUD -  get_category_by_id_controller - INFO - Fetching category details for ID: 2

2025-03-25 10:55:43,272 - category_controller.py - FastCRUD -  get_category_by_id_controller - INFO - Fetching category details for ID: 3

2025-03-25 10:55:48,600 - category_controller.py - FastCRUD -  get_category_by_id_controller - INFO - Fetching category details for ID: 4

2025-03-25 10:55:53,548 - category_controller.py - FastCRUD -  get_category_by_id_controller - INFO - Fetching category details for ID: 43

2025-03-25 10:58:23,056 - category_controller.py - FastCRUD -  get_category_by_id_controller - INFO - Fetching category details for ID: 1

2025-03-25 10:58:23,065 - category_controller.py - FastCRUD -  get_category_by_id_controller - INFO - Category retrieved: FoodscvfdRedccdccsdcipes

2025-03-25 11:09:25,653 - category_controller.py - FastCRUD -  get_category_by_id_controller - INFO - Fetching category details for ID: 2

2025-03-25 11:09:25,660 - category_controller.py - FastCRUD -  get_category_by_id_controller - WARNING - Category not found: ID 2

2025-03-25 11:30:17,600 - category_controller.py - FastCRUD -  insert_category_controller - INFO - Attempting to insert new category: fvd

2025-03-25 11:30:17,619 - category_service.py - FastCRUD -  insert_category_service - INFO - Category inserted successfully: fvd

2025-03-25 11:32:08,792 - category_controller.py - FastCRUD -  update_category_controller - INFO - Attempting to update category: ID 12, Name: prince

2025-03-25 11:32:51,287 - category_controller.py - FastCRUD -  update_category_controller - INFO - Attempting to update category: ID 12, Name: prince

2025-03-25 23:28:00,396 - category_controller.py - FastCRUD -  insert_category_controller - INFO - Attempting to insert new category: strddscdcing

2025-03-25 23:28:00,418 - category_service.py - FastCRUD -  insert_category_service - INFO - Category inserted successfully: strddscdcing

2025-03-25 23:28:06,292 - category_controller.py - FastCRUD -  view_category_controller - INFO - Response for verify_member is {'status_code': 202, 'success': True, 'message': 'Data fetched successfully', 'data': [<base.vo.category_vo.CategoryVO object at 0x757217df3410>, <base.vo.category_vo.CategoryVO object at 0x757217df3490>, <base.vo.category_vo.CategoryVO object at 0x757217df3590>, <base.vo.category_vo.CategoryVO object at 0x757217df2b90>, <base.vo.category_vo.CategoryVO object at 0x757217df2dd0>, <base.vo.category_vo.CategoryVO object at 0x757217df30d0>, <base.vo.category_vo.CategoryVO object at 0x757217df3150>, <base.vo.category_vo.CategoryVO object at 0x757217df31d0>, <base.vo.category_vo.CategoryVO object at 0x757217df3010>, <base.vo.category_vo.CategoryVO object at 0x757217df3090>, <base.vo.category_vo.CategoryVO object at 0x757217df2e90>]}

2025-03-25 23:28:24,977 - category_controller.py - FastCRUD -  get_category_by_id_controller - INFO - Fetching category details for ID: 6

2025-03-25 23:28:24,980 - category_controller.py - FastCRUD -  get_category_by_id_controller - ERROR - Error fetching category details
Traceback (most recent call last):
  File "/home/prince/PycharmProjects/fastcrud_backup/FastCRUD_backup_3_mar25/FastCRUD/base/api/controller/category/category_controller.py", line 73, in get_category_by_id_controller
    logger.info("Category retrieved: %s", response_payload.category_name)
                                          ^^^^^^^^^^^^^^^^^^^^^^^^^^^^^^
AttributeError: 'dict' object has no attribute 'category_name'
2025-03-25 23:28:46,527 - category_service.py - FastCRUD -  delete_category_service - ERROR - Error deleting category
Traceback (most recent call last):
  File "/home/prince/PycharmProjects/fastcrud_backup/FastCRUD_backup_3_mar25/FastCRUD/base/service/category/category_service.py", line 68, in delete_category_service
    delete_category_data.is_deleted = True
    ^^^^^^^^^^^^^^^^^^^^^^^^^^^^^^^
AttributeError: 'NoneType' object has no attribute 'is_deleted'
2025-03-25 23:28:53,729 - category_controller.py - FastCRUD -  get_category_by_id_controller - INFO - Fetching category details for ID: 6

2025-03-25 23:28:53,734 - category_controller.py - FastCRUD -  get_category_by_id_controller - ERROR - Error fetching category details
Traceback (most recent call last):
  File "/home/prince/PycharmProjects/fastcrud_backup/FastCRUD_backup_3_mar25/FastCRUD/base/api/controller/category/category_controller.py", line 72, in get_category_by_id_controller
    logger.info("Category retrieved: %s", response_payload.category_name)
                                          ^^^^^^^^^^^^^^^^^^^^^^^^^^^^^^
AttributeError: 'dict' object has no attribute 'category_name'
2025-03-25 23:29:32,569 - category_controller.py - FastCRUD -  get_category_by_id_controller - INFO - Fetching category details for ID: 6

2025-03-25 23:34:12,768 - subcategory_service.py - FastCRUD -  insert_subcategory_service - INFO - Subcategory inserted successfully: strdfvdfving

2025-03-25 23:36:28,314 - subcategory_service.py - FastCRUD -  insert_subcategory_service - WARNING - Attempt to insert an empty subcategory DTO

2025-03-25 23:36:37,749 - subcategory_service.py - FastCRUD -  insert_subcategory_service - INFO - Subcategory inserted successfully: strdfvdfvcding

2025-03-25 23:36:48,441 - subcategory_service.py - FastCRUD -  insert_subcategory_service - WARNING - Attempt to insert an empty subcategory DTO

2025-03-25 23:37:12,771 - subcategory_service.py - FastCRUD -  insert_subcategory_service - INFO - Subcategory inserted successfully: strdccd dcsfvdfvcding

2025-03-25 23:37:19,756 - subcategory_service.py - FastCRUD -  insert_subcategory_service - ERROR - Error inserting subcategory
Traceback (most recent call last):
  File "/home/prince/.local/lib/python3.11/site-packages/sqlalchemy/engine/base.py", line 1964, in _exec_single_context
    self.dialect.do_execute(
  File "/home/prince/.local/lib/python3.11/site-packages/sqlalchemy/engine/default.py", line 942, in do_execute
    cursor.execute(statement, parameters)
  File "/home/prince/.local/lib/python3.11/site-packages/pymysql/cursors.py", line 153, in execute
    result = self._query(query)
             ^^^^^^^^^^^^^^^^^^
  File "/home/prince/.local/lib/python3.11/site-packages/pymysql/cursors.py", line 322, in _query
    conn.query(q)
  File "/home/prince/.local/lib/python3.11/site-packages/pymysql/connections.py", line 563, in query
    self._affected_rows = self._read_query_result(unbuffered=unbuffered)
                          ^^^^^^^^^^^^^^^^^^^^^^^^^^^^^^^^^^^^^^^^^^^^^^
  File "/home/prince/.local/lib/python3.11/site-packages/pymysql/connections.py", line 825, in _read_query_result
    result.read()
  File "/home/prince/.local/lib/python3.11/site-packages/pymysql/connections.py", line 1199, in read
    first_packet = self.connection._read_packet()
                   ^^^^^^^^^^^^^^^^^^^^^^^^^^^^^^
  File "/home/prince/.local/lib/python3.11/site-packages/pymysql/connections.py", line 775, in _read_packet
    packet.raise_for_error()
  File "/home/prince/.local/lib/python3.11/site-packages/pymysql/protocol.py", line 219, in raise_for_error
    err.raise_mysql_exception(self._data)
  File "/home/prince/.local/lib/python3.11/site-packages/pymysql/err.py", line 150, in raise_mysql_exception
    raise errorclass(errno, errval)
pymysql.err.IntegrityError: (1062, "Duplicate entry 'strdccd dcsfvdfvcding' for key 'subcategory_table.ix_subcategory_table_subcategory_name'")

The above exception was the direct cause of the following exception:

Traceback (most recent call last):
  File "/home/prince/PycharmProjects/fastcrud_backup/FastCRUD_backup_3_mar25/FastCRUD/base/service/subcategory/subcategory_service.py", line 38, in insert_subcategory_service
    subcategory_insert_data = SubcategoryDAO.insert_subcategory_dao(
                              ^^^^^^^^^^^^^^^^^^^^^^^^^^^^^^^^^^^^^^
  File "/home/prince/PycharmProjects/fastcrud_backup/FastCRUD_backup_3_mar25/FastCRUD/base/dao/subcategory/subcategory_dao.py", line 9, in insert_subcategory_dao
    subcategory_data = MysqlCommonQuery.insert_query(subcategory_vo)
                       ^^^^^^^^^^^^^^^^^^^^^^^^^^^^^^^^^^^^^^^^^^^^^
  File "/home/prince/PycharmProjects/fastcrud_backup/FastCRUD_backup_3_mar25/FastCRUD/base/client/mysql_common/mysql_common_query.py", line 15, in insert_query
    session.commit()
  File "/home/prince/.local/lib/python3.11/site-packages/sqlalchemy/orm/session.py", line 2032, in commit
    trans.commit(_to_root=True)
  File "<string>", line 2, in commit
  File "/home/prince/.local/lib/python3.11/site-packages/sqlalchemy/orm/state_changes.py", line 139, in _go
    ret_value = fn(self, *arg, **kw)
                ^^^^^^^^^^^^^^^^^^^^
  File "/home/prince/.local/lib/python3.11/site-packages/sqlalchemy/orm/session.py", line 1313, in commit
    self._prepare_impl()
  File "<string>", line 2, in _prepare_impl
  File "/home/prince/.local/lib/python3.11/site-packages/sqlalchemy/orm/state_changes.py", line 139, in _go
    ret_value = fn(self, *arg, **kw)
                ^^^^^^^^^^^^^^^^^^^^
  File "/home/prince/.local/lib/python3.11/site-packages/sqlalchemy/orm/session.py", line 1288, in _prepare_impl
    self.session.flush()
  File "/home/prince/.local/lib/python3.11/site-packages/sqlalchemy/orm/session.py", line 4353, in flush
    self._flush(objects)
  File "/home/prince/.local/lib/python3.11/site-packages/sqlalchemy/orm/session.py", line 4488, in _flush
    with util.safe_reraise():
  File "/home/prince/.local/lib/python3.11/site-packages/sqlalchemy/util/langhelpers.py", line 146, in __exit__
    raise exc_value.with_traceback(exc_tb)
  File "/home/prince/.local/lib/python3.11/site-packages/sqlalchemy/orm/session.py", line 4449, in _flush
    flush_context.execute()
  File "/home/prince/.local/lib/python3.11/site-packages/sqlalchemy/orm/unitofwork.py", line 466, in execute
    rec.execute(self)
  File "/home/prince/.local/lib/python3.11/site-packages/sqlalchemy/orm/unitofwork.py", line 642, in execute
    util.preloaded.orm_persistence.save_obj(
  File "/home/prince/.local/lib/python3.11/site-packages/sqlalchemy/orm/persistence.py", line 93, in save_obj
    _emit_insert_statements(
  File "/home/prince/.local/lib/python3.11/site-packages/sqlalchemy/orm/persistence.py", line 1233, in _emit_insert_statements
    result = connection.execute(
             ^^^^^^^^^^^^^^^^^^^
  File "/home/prince/.local/lib/python3.11/site-packages/sqlalchemy/engine/base.py", line 1416, in execute
    return meth(
           ^^^^^
  File "/home/prince/.local/lib/python3.11/site-packages/sqlalchemy/sql/elements.py", line 516, in _execute_on_connection
    return connection._execute_clauseelement(
           ^^^^^^^^^^^^^^^^^^^^^^^^^^^^^^^^^^
  File "/home/prince/.local/lib/python3.11/site-packages/sqlalchemy/engine/base.py", line 1638, in _execute_clauseelement
    ret = self._execute_context(
          ^^^^^^^^^^^^^^^^^^^^^^
  File "/home/prince/.local/lib/python3.11/site-packages/sqlalchemy/engine/base.py", line 1843, in _execute_context
    return self._exec_single_context(
           ^^^^^^^^^^^^^^^^^^^^^^^^^^
  File "/home/prince/.local/lib/python3.11/site-packages/sqlalchemy/engine/base.py", line 1983, in _exec_single_context
    self._handle_dbapi_exception(
  File "/home/prince/.local/lib/python3.11/site-packages/sqlalchemy/engine/base.py", line 2352, in _handle_dbapi_exception
    raise sqlalchemy_exception.with_traceback(exc_info[2]) from e
  File "/home/prince/.local/lib/python3.11/site-packages/sqlalchemy/engine/base.py", line 1964, in _exec_single_context
    self.dialect.do_execute(
  File "/home/prince/.local/lib/python3.11/site-packages/sqlalchemy/engine/default.py", line 942, in do_execute
    cursor.execute(statement, parameters)
  File "/home/prince/.local/lib/python3.11/site-packages/pymysql/cursors.py", line 153, in execute
    result = self._query(query)
             ^^^^^^^^^^^^^^^^^^
  File "/home/prince/.local/lib/python3.11/site-packages/pymysql/cursors.py", line 322, in _query
    conn.query(q)
  File "/home/prince/.local/lib/python3.11/site-packages/pymysql/connections.py", line 563, in query
    self._affected_rows = self._read_query_result(unbuffered=unbuffered)
                          ^^^^^^^^^^^^^^^^^^^^^^^^^^^^^^^^^^^^^^^^^^^^^^
  File "/home/prince/.local/lib/python3.11/site-packages/pymysql/connections.py", line 825, in _read_query_result
    result.read()
  File "/home/prince/.local/lib/python3.11/site-packages/pymysql/connections.py", line 1199, in read
    first_packet = self.connection._read_packet()
                   ^^^^^^^^^^^^^^^^^^^^^^^^^^^^^^
  File "/home/prince/.local/lib/python3.11/site-packages/pymysql/connections.py", line 775, in _read_packet
    packet.raise_for_error()
  File "/home/prince/.local/lib/python3.11/site-packages/pymysql/protocol.py", line 219, in raise_for_error
    err.raise_mysql_exception(self._data)
  File "/home/prince/.local/lib/python3.11/site-packages/pymysql/err.py", line 150, in raise_mysql_exception
    raise errorclass(errno, errval)
sqlalchemy.exc.IntegrityError: (pymysql.err.IntegrityError) (1062, "Duplicate entry 'strdccd dcsfvdfvcding' for key 'subcategory_table.ix_subcategory_table_subcategory_name'")
[SQL: INSERT INTO subcategory_table (subcategory_category_id, subcategory_name, subcategory_description, is_deleted, created_at, modified_at) VALUES (%(subcategory_category_id)s, %(subcategory_name)s, %(subcategory_description)s, %(is_deleted)s, %(created_at)s, %(modified_at)s)]
[parameters: {'subcategory_category_id': 2, 'subcategory_name': 'strdccd dcsfvdfvcding', 'subcategory_description': 'string', 'is_deleted': 0, 'created_at': 1742926039, 'modified_at': 1742926039}]
(Background on this error at: https://sqlalche.me/e/20/gkpj)
2025-03-25 23:37:26,261 - subcategory_service.py - FastCRUD -  insert_subcategory_service - INFO - Subcategory inserted successfully: strdccdcsddcsfvdfvcding

2025-03-25 23:42:16,643 - subcategory_service.py - FastCRUD -  insert_subcategory_service - INFO - Subcategory inserted successfully: strdcvsdcdcsddcsfvdfvcding

2025-03-25 23:47:57,506 - subcategory_service.py - FastCRUD -  insert_subcategory_service - INFO - Subcategory inserted successfully: strdcvsdcdcsddcsfvvsddfvcding

2025-03-25 23:48:33,067 - subcategory_service.py - FastCRUD -  insert_subcategory_service - ERROR - Error inserting subcategory
Traceback (most recent call last):
  File "/home/prince/.local/lib/python3.11/site-packages/sqlalchemy/engine/base.py", line 1964, in _exec_single_context
    self.dialect.do_execute(
  File "/home/prince/.local/lib/python3.11/site-packages/sqlalchemy/engine/default.py", line 942, in do_execute
    cursor.execute(statement, parameters)
  File "/home/prince/.local/lib/python3.11/site-packages/pymysql/cursors.py", line 153, in execute
    result = self._query(query)
             ^^^^^^^^^^^^^^^^^^
  File "/home/prince/.local/lib/python3.11/site-packages/pymysql/cursors.py", line 322, in _query
    conn.query(q)
  File "/home/prince/.local/lib/python3.11/site-packages/pymysql/connections.py", line 563, in query
    self._affected_rows = self._read_query_result(unbuffered=unbuffered)
                          ^^^^^^^^^^^^^^^^^^^^^^^^^^^^^^^^^^^^^^^^^^^^^^
  File "/home/prince/.local/lib/python3.11/site-packages/pymysql/connections.py", line 825, in _read_query_result
    result.read()
  File "/home/prince/.local/lib/python3.11/site-packages/pymysql/connections.py", line 1199, in read
    first_packet = self.connection._read_packet()
                   ^^^^^^^^^^^^^^^^^^^^^^^^^^^^^^
  File "/home/prince/.local/lib/python3.11/site-packages/pymysql/connections.py", line 775, in _read_packet
    packet.raise_for_error()
  File "/home/prince/.local/lib/python3.11/site-packages/pymysql/protocol.py", line 219, in raise_for_error
    err.raise_mysql_exception(self._data)
  File "/home/prince/.local/lib/python3.11/site-packages/pymysql/err.py", line 150, in raise_mysql_exception
    raise errorclass(errno, errval)
pymysql.err.IntegrityError: (1062, "Duplicate entry 'strdcvsdcdcsddcsfvvsddfvcding' for key 'subcategory_table.ix_subcategory_table_subcategory_name'")

The above exception was the direct cause of the following exception:

Traceback (most recent call last):
  File "/home/prince/PycharmProjects/fastcrud_backup/FastCRUD_backup_3_mar25/FastCRUD/base/service/subcategory/subcategory_service.py", line 30, in insert_subcategory_service
    subcategory_insert_data = SubcategoryDAO.insert_subcategory_dao(
                              ^^^^^^^^^^^^^^^^^^^^^^^^^^^^^^^^^^^^^^
  File "/home/prince/PycharmProjects/fastcrud_backup/FastCRUD_backup_3_mar25/FastCRUD/base/dao/subcategory/subcategory_dao.py", line 9, in insert_subcategory_dao
    subcategory_data = MysqlCommonQuery.insert_query(subcategory_vo)
                       ^^^^^^^^^^^^^^^^^^^^^^^^^^^^^^^^^^^^^^^^^^^^^
  File "/home/prince/PycharmProjects/fastcrud_backup/FastCRUD_backup_3_mar25/FastCRUD/base/client/mysql_common/mysql_common_query.py", line 15, in insert_query
    session.commit()
  File "/home/prince/.local/lib/python3.11/site-packages/sqlalchemy/orm/session.py", line 2032, in commit
    trans.commit(_to_root=True)
  File "<string>", line 2, in commit
  File "/home/prince/.local/lib/python3.11/site-packages/sqlalchemy/orm/state_changes.py", line 139, in _go
    ret_value = fn(self, *arg, **kw)
                ^^^^^^^^^^^^^^^^^^^^
  File "/home/prince/.local/lib/python3.11/site-packages/sqlalchemy/orm/session.py", line 1313, in commit
    self._prepare_impl()
  File "<string>", line 2, in _prepare_impl
  File "/home/prince/.local/lib/python3.11/site-packages/sqlalchemy/orm/state_changes.py", line 139, in _go
    ret_value = fn(self, *arg, **kw)
                ^^^^^^^^^^^^^^^^^^^^
  File "/home/prince/.local/lib/python3.11/site-packages/sqlalchemy/orm/session.py", line 1288, in _prepare_impl
    self.session.flush()
  File "/home/prince/.local/lib/python3.11/site-packages/sqlalchemy/orm/session.py", line 4353, in flush
    self._flush(objects)
  File "/home/prince/.local/lib/python3.11/site-packages/sqlalchemy/orm/session.py", line 4488, in _flush
    with util.safe_reraise():
  File "/home/prince/.local/lib/python3.11/site-packages/sqlalchemy/util/langhelpers.py", line 146, in __exit__
    raise exc_value.with_traceback(exc_tb)
  File "/home/prince/.local/lib/python3.11/site-packages/sqlalchemy/orm/session.py", line 4449, in _flush
    flush_context.execute()
  File "/home/prince/.local/lib/python3.11/site-packages/sqlalchemy/orm/unitofwork.py", line 466, in execute
    rec.execute(self)
  File "/home/prince/.local/lib/python3.11/site-packages/sqlalchemy/orm/unitofwork.py", line 642, in execute
    util.preloaded.orm_persistence.save_obj(
  File "/home/prince/.local/lib/python3.11/site-packages/sqlalchemy/orm/persistence.py", line 93, in save_obj
    _emit_insert_statements(
  File "/home/prince/.local/lib/python3.11/site-packages/sqlalchemy/orm/persistence.py", line 1233, in _emit_insert_statements
    result = connection.execute(
             ^^^^^^^^^^^^^^^^^^^
  File "/home/prince/.local/lib/python3.11/site-packages/sqlalchemy/engine/base.py", line 1416, in execute
    return meth(
           ^^^^^
  File "/home/prince/.local/lib/python3.11/site-packages/sqlalchemy/sql/elements.py", line 516, in _execute_on_connection
    return connection._execute_clauseelement(
           ^^^^^^^^^^^^^^^^^^^^^^^^^^^^^^^^^^
  File "/home/prince/.local/lib/python3.11/site-packages/sqlalchemy/engine/base.py", line 1638, in _execute_clauseelement
    ret = self._execute_context(
          ^^^^^^^^^^^^^^^^^^^^^^
  File "/home/prince/.local/lib/python3.11/site-packages/sqlalchemy/engine/base.py", line 1843, in _execute_context
    return self._exec_single_context(
           ^^^^^^^^^^^^^^^^^^^^^^^^^^
  File "/home/prince/.local/lib/python3.11/site-packages/sqlalchemy/engine/base.py", line 1983, in _exec_single_context
    self._handle_dbapi_exception(
  File "/home/prince/.local/lib/python3.11/site-packages/sqlalchemy/engine/base.py", line 2352, in _handle_dbapi_exception
    raise sqlalchemy_exception.with_traceback(exc_info[2]) from e
  File "/home/prince/.local/lib/python3.11/site-packages/sqlalchemy/engine/base.py", line 1964, in _exec_single_context
    self.dialect.do_execute(
  File "/home/prince/.local/lib/python3.11/site-packages/sqlalchemy/engine/default.py", line 942, in do_execute
    cursor.execute(statement, parameters)
  File "/home/prince/.local/lib/python3.11/site-packages/pymysql/cursors.py", line 153, in execute
    result = self._query(query)
             ^^^^^^^^^^^^^^^^^^
  File "/home/prince/.local/lib/python3.11/site-packages/pymysql/cursors.py", line 322, in _query
    conn.query(q)
  File "/home/prince/.local/lib/python3.11/site-packages/pymysql/connections.py", line 563, in query
    self._affected_rows = self._read_query_result(unbuffered=unbuffered)
                          ^^^^^^^^^^^^^^^^^^^^^^^^^^^^^^^^^^^^^^^^^^^^^^
  File "/home/prince/.local/lib/python3.11/site-packages/pymysql/connections.py", line 825, in _read_query_result
    result.read()
  File "/home/prince/.local/lib/python3.11/site-packages/pymysql/connections.py", line 1199, in read
    first_packet = self.connection._read_packet()
                   ^^^^^^^^^^^^^^^^^^^^^^^^^^^^^^
  File "/home/prince/.local/lib/python3.11/site-packages/pymysql/connections.py", line 775, in _read_packet
    packet.raise_for_error()
  File "/home/prince/.local/lib/python3.11/site-packages/pymysql/protocol.py", line 219, in raise_for_error
    err.raise_mysql_exception(self._data)
  File "/home/prince/.local/lib/python3.11/site-packages/pymysql/err.py", line 150, in raise_mysql_exception
    raise errorclass(errno, errval)
sqlalchemy.exc.IntegrityError: (pymysql.err.IntegrityError) (1062, "Duplicate entry 'strdcvsdcdcsddcsfvvsddfvcding' for key 'subcategory_table.ix_subcategory_table_subcategory_name'")
[SQL: INSERT INTO subcategory_table (subcategory_category_id, subcategory_name, subcategory_description, is_deleted, created_at, modified_at) VALUES (%(subcategory_category_id)s, %(subcategory_name)s, %(subcategory_description)s, %(is_deleted)s, %(created_at)s, %(modified_at)s)]
[parameters: {'subcategory_category_id': 1, 'subcategory_name': 'strdcvsdcdcsddcsfvvsddfvcding', 'subcategory_description': 'string', 'is_deleted': 0, 'created_at': 1742926713, 'modified_at': 1742926713}]
(Background on this error at: https://sqlalche.me/e/20/gkpj)
2025-03-25 23:48:59,185 - subcategory_service.py - FastCRUD -  insert_subcategory_service - INFO - Subcategory inserted successfully: strdcvsdcdcsdvdvddcsfvvsddfvcding

2025-03-25 23:49:36,878 - subcategory_service.py - FastCRUD -  insert_subcategory_service - INFO - Subcategory inserted successfully: strdcvsdcdcsdvddfvdvddcsfvvsddfvcding

2025-03-25 23:54:52,950 - subcategory_service.py - FastCRUD -  insert_subcategory_service - INFO - Subcategory inserted successfully: sfddvring

2025-03-26 00:02:20,035 - subcategory_service.py - FastCRUD -  insert_subcategory_service - INFO - Subcategory inserted successfully: fashion

2025-03-26 00:09:44,874 - subcategory_service.py - FastCRUD -  insert_subcategory_service - INFO - Subcategory inserted successfully: fashfvion

2025-03-26 00:09:48,556 - subcategory_service.py - FastCRUD -  insert_subcategory_service - INFO - Subcategory inserted successfully: fashfvvfdion

2025-03-26 00:09:51,960 - subcategory_service.py - FastCRUD -  insert_subcategory_service - ERROR - Error inserting subcategory
Traceback (most recent call last):
  File "/home/prince/.local/lib/python3.11/site-packages/sqlalchemy/engine/base.py", line 1964, in _exec_single_context
    self.dialect.do_execute(
  File "/home/prince/.local/lib/python3.11/site-packages/sqlalchemy/engine/default.py", line 942, in do_execute
    cursor.execute(statement, parameters)
  File "/home/prince/.local/lib/python3.11/site-packages/pymysql/cursors.py", line 153, in execute
    result = self._query(query)
             ^^^^^^^^^^^^^^^^^^
  File "/home/prince/.local/lib/python3.11/site-packages/pymysql/cursors.py", line 322, in _query
    conn.query(q)
  File "/home/prince/.local/lib/python3.11/site-packages/pymysql/connections.py", line 563, in query
    self._affected_rows = self._read_query_result(unbuffered=unbuffered)
                          ^^^^^^^^^^^^^^^^^^^^^^^^^^^^^^^^^^^^^^^^^^^^^^
  File "/home/prince/.local/lib/python3.11/site-packages/pymysql/connections.py", line 825, in _read_query_result
    result.read()
  File "/home/prince/.local/lib/python3.11/site-packages/pymysql/connections.py", line 1199, in read
    first_packet = self.connection._read_packet()
                   ^^^^^^^^^^^^^^^^^^^^^^^^^^^^^^
  File "/home/prince/.local/lib/python3.11/site-packages/pymysql/connections.py", line 775, in _read_packet
    packet.raise_for_error()
  File "/home/prince/.local/lib/python3.11/site-packages/pymysql/protocol.py", line 219, in raise_for_error
    err.raise_mysql_exception(self._data)
  File "/home/prince/.local/lib/python3.11/site-packages/pymysql/err.py", line 150, in raise_mysql_exception
    raise errorclass(errno, errval)
pymysql.err.IntegrityError: (1062, "Duplicate entry 'fashfvvfdion' for key 'subcategory_table.ix_subcategory_table_subcategory_name'")

The above exception was the direct cause of the following exception:

Traceback (most recent call last):
  File "/home/prince/PycharmProjects/FastCRUD/base/service/subcategory/subcategory_service.py", line 30, in insert_subcategory_service
    subcategory_insert_data = SubcategoryDAO.insert_subcategory_dao(
                              ^^^^^^^^^^^^^^^^^^^^^^^^^^^^^^^^^^^^^^
  File "/home/prince/PycharmProjects/FastCRUD/base/dao/subcategory/subcategory_dao.py", line 9, in insert_subcategory_dao
    subcategory_data = MysqlCommonQuery.insert_query(subcategory_vo)
                       ^^^^^^^^^^^^^^^^^^^^^^^^^^^^^^^^^^^^^^^^^^^^^
  File "/home/prince/PycharmProjects/FastCRUD/base/client/mysql_common/mysql_common_query.py", line 15, in insert_query
    session.commit()
  File "/home/prince/.local/lib/python3.11/site-packages/sqlalchemy/orm/session.py", line 2032, in commit
    trans.commit(_to_root=True)
  File "<string>", line 2, in commit
  File "/home/prince/.local/lib/python3.11/site-packages/sqlalchemy/orm/state_changes.py", line 139, in _go
    ret_value = fn(self, *arg, **kw)
                ^^^^^^^^^^^^^^^^^^^^
  File "/home/prince/.local/lib/python3.11/site-packages/sqlalchemy/orm/session.py", line 1313, in commit
    self._prepare_impl()
  File "<string>", line 2, in _prepare_impl
  File "/home/prince/.local/lib/python3.11/site-packages/sqlalchemy/orm/state_changes.py", line 139, in _go
    ret_value = fn(self, *arg, **kw)
                ^^^^^^^^^^^^^^^^^^^^
  File "/home/prince/.local/lib/python3.11/site-packages/sqlalchemy/orm/session.py", line 1288, in _prepare_impl
    self.session.flush()
  File "/home/prince/.local/lib/python3.11/site-packages/sqlalchemy/orm/session.py", line 4353, in flush
    self._flush(objects)
  File "/home/prince/.local/lib/python3.11/site-packages/sqlalchemy/orm/session.py", line 4488, in _flush
    with util.safe_reraise():
  File "/home/prince/.local/lib/python3.11/site-packages/sqlalchemy/util/langhelpers.py", line 146, in __exit__
    raise exc_value.with_traceback(exc_tb)
  File "/home/prince/.local/lib/python3.11/site-packages/sqlalchemy/orm/session.py", line 4449, in _flush
    flush_context.execute()
  File "/home/prince/.local/lib/python3.11/site-packages/sqlalchemy/orm/unitofwork.py", line 466, in execute
    rec.execute(self)
  File "/home/prince/.local/lib/python3.11/site-packages/sqlalchemy/orm/unitofwork.py", line 642, in execute
    util.preloaded.orm_persistence.save_obj(
  File "/home/prince/.local/lib/python3.11/site-packages/sqlalchemy/orm/persistence.py", line 93, in save_obj
    _emit_insert_statements(
  File "/home/prince/.local/lib/python3.11/site-packages/sqlalchemy/orm/persistence.py", line 1233, in _emit_insert_statements
    result = connection.execute(
             ^^^^^^^^^^^^^^^^^^^
  File "/home/prince/.local/lib/python3.11/site-packages/sqlalchemy/engine/base.py", line 1416, in execute
    return meth(
           ^^^^^
  File "/home/prince/.local/lib/python3.11/site-packages/sqlalchemy/sql/elements.py", line 516, in _execute_on_connection
    return connection._execute_clauseelement(
           ^^^^^^^^^^^^^^^^^^^^^^^^^^^^^^^^^^
  File "/home/prince/.local/lib/python3.11/site-packages/sqlalchemy/engine/base.py", line 1638, in _execute_clauseelement
    ret = self._execute_context(
          ^^^^^^^^^^^^^^^^^^^^^^
  File "/home/prince/.local/lib/python3.11/site-packages/sqlalchemy/engine/base.py", line 1843, in _execute_context
    return self._exec_single_context(
           ^^^^^^^^^^^^^^^^^^^^^^^^^^
  File "/home/prince/.local/lib/python3.11/site-packages/sqlalchemy/engine/base.py", line 1983, in _exec_single_context
    self._handle_dbapi_exception(
  File "/home/prince/.local/lib/python3.11/site-packages/sqlalchemy/engine/base.py", line 2352, in _handle_dbapi_exception
    raise sqlalchemy_exception.with_traceback(exc_info[2]) from e
  File "/home/prince/.local/lib/python3.11/site-packages/sqlalchemy/engine/base.py", line 1964, in _exec_single_context
    self.dialect.do_execute(
  File "/home/prince/.local/lib/python3.11/site-packages/sqlalchemy/engine/default.py", line 942, in do_execute
    cursor.execute(statement, parameters)
  File "/home/prince/.local/lib/python3.11/site-packages/pymysql/cursors.py", line 153, in execute
    result = self._query(query)
             ^^^^^^^^^^^^^^^^^^
  File "/home/prince/.local/lib/python3.11/site-packages/pymysql/cursors.py", line 322, in _query
    conn.query(q)
  File "/home/prince/.local/lib/python3.11/site-packages/pymysql/connections.py", line 563, in query
    self._affected_rows = self._read_query_result(unbuffered=unbuffered)
                          ^^^^^^^^^^^^^^^^^^^^^^^^^^^^^^^^^^^^^^^^^^^^^^
  File "/home/prince/.local/lib/python3.11/site-packages/pymysql/connections.py", line 825, in _read_query_result
    result.read()
  File "/home/prince/.local/lib/python3.11/site-packages/pymysql/connections.py", line 1199, in read
    first_packet = self.connection._read_packet()
                   ^^^^^^^^^^^^^^^^^^^^^^^^^^^^^^
  File "/home/prince/.local/lib/python3.11/site-packages/pymysql/connections.py", line 775, in _read_packet
    packet.raise_for_error()
  File "/home/prince/.local/lib/python3.11/site-packages/pymysql/protocol.py", line 219, in raise_for_error
    err.raise_mysql_exception(self._data)
  File "/home/prince/.local/lib/python3.11/site-packages/pymysql/err.py", line 150, in raise_mysql_exception
    raise errorclass(errno, errval)
sqlalchemy.exc.IntegrityError: (pymysql.err.IntegrityError) (1062, "Duplicate entry 'fashfvvfdion' for key 'subcategory_table.ix_subcategory_table_subcategory_name'")
[SQL: INSERT INTO subcategory_table (subcategory_category_id, subcategory_name, subcategory_description, is_deleted, created_at, modified_at) VALUES (%(subcategory_category_id)s, %(subcategory_name)s, %(subcategory_description)s, %(is_deleted)s, %(created_at)s, %(modified_at)s)]
[parameters: {'subcategory_category_id': 6, 'subcategory_name': 'fashfvvfdion', 'subcategory_description': 'string', 'is_deleted': 0, 'created_at': 1742927991, 'modified_at': 1742927991}]
(Background on this error at: https://sqlalche.me/e/20/gkpj)
2025-03-26 00:19:52,903 - subcategory_service.py - FastCRUD -  insert_subcategory_service - INFO - Subcategory inserted successfully: fashfvvdfdvdsfdion

2025-03-26 00:19:58,668 - subcategory_service.py - FastCRUD -  insert_subcategory_service - ERROR - Error inserting subcategory
Traceback (most recent call last):
  File "/home/prince/.local/lib/python3.11/site-packages/sqlalchemy/engine/base.py", line 1964, in _exec_single_context
    self.dialect.do_execute(
  File "/home/prince/.local/lib/python3.11/site-packages/sqlalchemy/engine/default.py", line 942, in do_execute
    cursor.execute(statement, parameters)
  File "/home/prince/.local/lib/python3.11/site-packages/pymysql/cursors.py", line 153, in execute
    result = self._query(query)
             ^^^^^^^^^^^^^^^^^^
  File "/home/prince/.local/lib/python3.11/site-packages/pymysql/cursors.py", line 322, in _query
    conn.query(q)
  File "/home/prince/.local/lib/python3.11/site-packages/pymysql/connections.py", line 563, in query
    self._affected_rows = self._read_query_result(unbuffered=unbuffered)
                          ^^^^^^^^^^^^^^^^^^^^^^^^^^^^^^^^^^^^^^^^^^^^^^
  File "/home/prince/.local/lib/python3.11/site-packages/pymysql/connections.py", line 825, in _read_query_result
    result.read()
  File "/home/prince/.local/lib/python3.11/site-packages/pymysql/connections.py", line 1199, in read
    first_packet = self.connection._read_packet()
                   ^^^^^^^^^^^^^^^^^^^^^^^^^^^^^^
  File "/home/prince/.local/lib/python3.11/site-packages/pymysql/connections.py", line 775, in _read_packet
    packet.raise_for_error()
  File "/home/prince/.local/lib/python3.11/site-packages/pymysql/protocol.py", line 219, in raise_for_error
    err.raise_mysql_exception(self._data)
  File "/home/prince/.local/lib/python3.11/site-packages/pymysql/err.py", line 150, in raise_mysql_exception
    raise errorclass(errno, errval)
pymysql.err.IntegrityError: (1062, "Duplicate entry 'fashfvvdfdvdsfdion' for key 'subcategory_table.ix_subcategory_table_subcategory_name'")

The above exception was the direct cause of the following exception:

Traceback (most recent call last):
  File "/home/prince/PycharmProjects/FastCRUD/base/service/subcategory/subcategory_service.py", line 30, in insert_subcategory_service
    subcategory_insert_data = SubcategoryDAO.insert_subcategory_dao(
                              ^^^^^^^^^^^^^^^^^^^^^^^^^^^^^^^^^^^^^^
  File "/home/prince/PycharmProjects/FastCRUD/base/dao/subcategory/subcategory_dao.py", line 9, in insert_subcategory_dao
    subcategory_data = MysqlCommonQuery.insert_query(subcategory_vo)
                       ^^^^^^^^^^^^^^^^^^^^^^^^^^^^^^^^^^^^^^^^^^^^^
  File "/home/prince/PycharmProjects/FastCRUD/base/client/mysql_common/mysql_common_query.py", line 15, in insert_query
    session.commit()
  File "/home/prince/.local/lib/python3.11/site-packages/sqlalchemy/orm/session.py", line 2032, in commit
    trans.commit(_to_root=True)
  File "<string>", line 2, in commit
  File "/home/prince/.local/lib/python3.11/site-packages/sqlalchemy/orm/state_changes.py", line 139, in _go
    ret_value = fn(self, *arg, **kw)
                ^^^^^^^^^^^^^^^^^^^^
  File "/home/prince/.local/lib/python3.11/site-packages/sqlalchemy/orm/session.py", line 1313, in commit
    self._prepare_impl()
  File "<string>", line 2, in _prepare_impl
  File "/home/prince/.local/lib/python3.11/site-packages/sqlalchemy/orm/state_changes.py", line 139, in _go
    ret_value = fn(self, *arg, **kw)
                ^^^^^^^^^^^^^^^^^^^^
  File "/home/prince/.local/lib/python3.11/site-packages/sqlalchemy/orm/session.py", line 1288, in _prepare_impl
    self.session.flush()
  File "/home/prince/.local/lib/python3.11/site-packages/sqlalchemy/orm/session.py", line 4353, in flush
    self._flush(objects)
  File "/home/prince/.local/lib/python3.11/site-packages/sqlalchemy/orm/session.py", line 4488, in _flush
    with util.safe_reraise():
  File "/home/prince/.local/lib/python3.11/site-packages/sqlalchemy/util/langhelpers.py", line 146, in __exit__
    raise exc_value.with_traceback(exc_tb)
  File "/home/prince/.local/lib/python3.11/site-packages/sqlalchemy/orm/session.py", line 4449, in _flush
    flush_context.execute()
  File "/home/prince/.local/lib/python3.11/site-packages/sqlalchemy/orm/unitofwork.py", line 466, in execute
    rec.execute(self)
  File "/home/prince/.local/lib/python3.11/site-packages/sqlalchemy/orm/unitofwork.py", line 642, in execute
    util.preloaded.orm_persistence.save_obj(
  File "/home/prince/.local/lib/python3.11/site-packages/sqlalchemy/orm/persistence.py", line 93, in save_obj
    _emit_insert_statements(
  File "/home/prince/.local/lib/python3.11/site-packages/sqlalchemy/orm/persistence.py", line 1233, in _emit_insert_statements
    result = connection.execute(
             ^^^^^^^^^^^^^^^^^^^
  File "/home/prince/.local/lib/python3.11/site-packages/sqlalchemy/engine/base.py", line 1416, in execute
    return meth(
           ^^^^^
  File "/home/prince/.local/lib/python3.11/site-packages/sqlalchemy/sql/elements.py", line 516, in _execute_on_connection
    return connection._execute_clauseelement(
           ^^^^^^^^^^^^^^^^^^^^^^^^^^^^^^^^^^
  File "/home/prince/.local/lib/python3.11/site-packages/sqlalchemy/engine/base.py", line 1638, in _execute_clauseelement
    ret = self._execute_context(
          ^^^^^^^^^^^^^^^^^^^^^^
  File "/home/prince/.local/lib/python3.11/site-packages/sqlalchemy/engine/base.py", line 1843, in _execute_context
    return self._exec_single_context(
           ^^^^^^^^^^^^^^^^^^^^^^^^^^
  File "/home/prince/.local/lib/python3.11/site-packages/sqlalchemy/engine/base.py", line 1983, in _exec_single_context
    self._handle_dbapi_exception(
  File "/home/prince/.local/lib/python3.11/site-packages/sqlalchemy/engine/base.py", line 2352, in _handle_dbapi_exception
    raise sqlalchemy_exception.with_traceback(exc_info[2]) from e
  File "/home/prince/.local/lib/python3.11/site-packages/sqlalchemy/engine/base.py", line 1964, in _exec_single_context
    self.dialect.do_execute(
  File "/home/prince/.local/lib/python3.11/site-packages/sqlalchemy/engine/default.py", line 942, in do_execute
    cursor.execute(statement, parameters)
  File "/home/prince/.local/lib/python3.11/site-packages/pymysql/cursors.py", line 153, in execute
    result = self._query(query)
             ^^^^^^^^^^^^^^^^^^
  File "/home/prince/.local/lib/python3.11/site-packages/pymysql/cursors.py", line 322, in _query
    conn.query(q)
  File "/home/prince/.local/lib/python3.11/site-packages/pymysql/connections.py", line 563, in query
    self._affected_rows = self._read_query_result(unbuffered=unbuffered)
                          ^^^^^^^^^^^^^^^^^^^^^^^^^^^^^^^^^^^^^^^^^^^^^^
  File "/home/prince/.local/lib/python3.11/site-packages/pymysql/connections.py", line 825, in _read_query_result
    result.read()
  File "/home/prince/.local/lib/python3.11/site-packages/pymysql/connections.py", line 1199, in read
    first_packet = self.connection._read_packet()
                   ^^^^^^^^^^^^^^^^^^^^^^^^^^^^^^
  File "/home/prince/.local/lib/python3.11/site-packages/pymysql/connections.py", line 775, in _read_packet
    packet.raise_for_error()
  File "/home/prince/.local/lib/python3.11/site-packages/pymysql/protocol.py", line 219, in raise_for_error
    err.raise_mysql_exception(self._data)
  File "/home/prince/.local/lib/python3.11/site-packages/pymysql/err.py", line 150, in raise_mysql_exception
    raise errorclass(errno, errval)
sqlalchemy.exc.IntegrityError: (pymysql.err.IntegrityError) (1062, "Duplicate entry 'fashfvvdfdvdsfdion' for key 'subcategory_table.ix_subcategory_table_subcategory_name'")
[SQL: INSERT INTO subcategory_table (subcategory_category_id, subcategory_name, subcategory_description, is_deleted, created_at, modified_at) VALUES (%(subcategory_category_id)s, %(subcategory_name)s, %(subcategory_description)s, %(is_deleted)s, %(created_at)s, %(modified_at)s)]
[parameters: {'subcategory_category_id': 1, 'subcategory_name': 'fashfvvdfdvdsfdion', 'subcategory_description': 'string', 'is_deleted': 0, 'created_at': 1742928598, 'modified_at': 1742928598}]
(Background on this error at: https://sqlalche.me/e/20/gkpj)
2025-03-26 00:20:03,996 - subcategory_service.py - FastCRUD -  insert_subcategory_service - INFO - Subcategory inserted successfully: fashfvvdfdvddsfdion

2025-03-26 00:22:58,300 - subcategory_service.py - FastCRUD -  insert_subcategory_service - INFO - Subcategory inserted successfully: fashfvvfeddfcdscdvddsfdion

2025-03-26 00:23:22,869 - subcategory_service.py - FastCRUD -  insert_subcategory_service - INFO - Subcategory inserted successfully: fashfvvfeddfcdscddcwvddsfdion

2025-03-26 00:24:12,864 - subcategory_service.py - FastCRUD -  insert_subcategory_service - ERROR - Error inserting subcategory
Traceback (most recent call last):
  File "/home/prince/.local/lib/python3.11/site-packages/sqlalchemy/engine/base.py", line 1964, in _exec_single_context
    self.dialect.do_execute(
  File "/home/prince/.local/lib/python3.11/site-packages/sqlalchemy/engine/default.py", line 942, in do_execute
    cursor.execute(statement, parameters)
  File "/home/prince/.local/lib/python3.11/site-packages/pymysql/cursors.py", line 153, in execute
    result = self._query(query)
             ^^^^^^^^^^^^^^^^^^
  File "/home/prince/.local/lib/python3.11/site-packages/pymysql/cursors.py", line 322, in _query
    conn.query(q)
  File "/home/prince/.local/lib/python3.11/site-packages/pymysql/connections.py", line 563, in query
    self._affected_rows = self._read_query_result(unbuffered=unbuffered)
                          ^^^^^^^^^^^^^^^^^^^^^^^^^^^^^^^^^^^^^^^^^^^^^^
  File "/home/prince/.local/lib/python3.11/site-packages/pymysql/connections.py", line 825, in _read_query_result
    result.read()
  File "/home/prince/.local/lib/python3.11/site-packages/pymysql/connections.py", line 1199, in read
    first_packet = self.connection._read_packet()
                   ^^^^^^^^^^^^^^^^^^^^^^^^^^^^^^
  File "/home/prince/.local/lib/python3.11/site-packages/pymysql/connections.py", line 775, in _read_packet
    packet.raise_for_error()
  File "/home/prince/.local/lib/python3.11/site-packages/pymysql/protocol.py", line 219, in raise_for_error
    err.raise_mysql_exception(self._data)
  File "/home/prince/.local/lib/python3.11/site-packages/pymysql/err.py", line 150, in raise_mysql_exception
    raise errorclass(errno, errval)
pymysql.err.IntegrityError: (1062, "Duplicate entry 'fashfvvfeddfcdscddcwvddsfdion' for key 'subcategory_table.ix_subcategory_table_subcategory_name'")

The above exception was the direct cause of the following exception:

Traceback (most recent call last):
  File "/home/prince/PycharmProjects/FastCRUD/base/service/subcategory/subcategory_service.py", line 30, in insert_subcategory_service
    subcategory_insert_data = SubcategoryDAO.insert_subcategory_dao(
                              ^^^^^^^^^^^^^^^^^^^^^^^^^^^^^^^^^^^^^^
  File "/home/prince/PycharmProjects/FastCRUD/base/dao/subcategory/subcategory_dao.py", line 9, in insert_subcategory_dao
    subcategory_data = MysqlCommonQuery.insert_query(subcategory_vo)
                       ^^^^^^^^^^^^^^^^^^^^^^^^^^^^^^^^^^^^^^^^^^^^^
  File "/home/prince/PycharmProjects/FastCRUD/base/client/mysql_common/mysql_common_query.py", line 15, in insert_query
    session.commit()
  File "/home/prince/.local/lib/python3.11/site-packages/sqlalchemy/orm/session.py", line 2032, in commit
    trans.commit(_to_root=True)
  File "<string>", line 2, in commit
  File "/home/prince/.local/lib/python3.11/site-packages/sqlalchemy/orm/state_changes.py", line 139, in _go
    ret_value = fn(self, *arg, **kw)
                ^^^^^^^^^^^^^^^^^^^^
  File "/home/prince/.local/lib/python3.11/site-packages/sqlalchemy/orm/session.py", line 1313, in commit
    self._prepare_impl()
  File "<string>", line 2, in _prepare_impl
  File "/home/prince/.local/lib/python3.11/site-packages/sqlalchemy/orm/state_changes.py", line 139, in _go
    ret_value = fn(self, *arg, **kw)
                ^^^^^^^^^^^^^^^^^^^^
  File "/home/prince/.local/lib/python3.11/site-packages/sqlalchemy/orm/session.py", line 1288, in _prepare_impl
    self.session.flush()
  File "/home/prince/.local/lib/python3.11/site-packages/sqlalchemy/orm/session.py", line 4353, in flush
    self._flush(objects)
  File "/home/prince/.local/lib/python3.11/site-packages/sqlalchemy/orm/session.py", line 4488, in _flush
    with util.safe_reraise():
  File "/home/prince/.local/lib/python3.11/site-packages/sqlalchemy/util/langhelpers.py", line 146, in __exit__
    raise exc_value.with_traceback(exc_tb)
  File "/home/prince/.local/lib/python3.11/site-packages/sqlalchemy/orm/session.py", line 4449, in _flush
    flush_context.execute()
  File "/home/prince/.local/lib/python3.11/site-packages/sqlalchemy/orm/unitofwork.py", line 466, in execute
    rec.execute(self)
  File "/home/prince/.local/lib/python3.11/site-packages/sqlalchemy/orm/unitofwork.py", line 642, in execute
    util.preloaded.orm_persistence.save_obj(
  File "/home/prince/.local/lib/python3.11/site-packages/sqlalchemy/orm/persistence.py", line 93, in save_obj
    _emit_insert_statements(
  File "/home/prince/.local/lib/python3.11/site-packages/sqlalchemy/orm/persistence.py", line 1233, in _emit_insert_statements
    result = connection.execute(
             ^^^^^^^^^^^^^^^^^^^
  File "/home/prince/.local/lib/python3.11/site-packages/sqlalchemy/engine/base.py", line 1416, in execute
    return meth(
           ^^^^^
  File "/home/prince/.local/lib/python3.11/site-packages/sqlalchemy/sql/elements.py", line 516, in _execute_on_connection
    return connection._execute_clauseelement(
           ^^^^^^^^^^^^^^^^^^^^^^^^^^^^^^^^^^
  File "/home/prince/.local/lib/python3.11/site-packages/sqlalchemy/engine/base.py", line 1638, in _execute_clauseelement
    ret = self._execute_context(
          ^^^^^^^^^^^^^^^^^^^^^^
  File "/home/prince/.local/lib/python3.11/site-packages/sqlalchemy/engine/base.py", line 1843, in _execute_context
    return self._exec_single_context(
           ^^^^^^^^^^^^^^^^^^^^^^^^^^
  File "/home/prince/.local/lib/python3.11/site-packages/sqlalchemy/engine/base.py", line 1983, in _exec_single_context
    self._handle_dbapi_exception(
  File "/home/prince/.local/lib/python3.11/site-packages/sqlalchemy/engine/base.py", line 2352, in _handle_dbapi_exception
    raise sqlalchemy_exception.with_traceback(exc_info[2]) from e
  File "/home/prince/.local/lib/python3.11/site-packages/sqlalchemy/engine/base.py", line 1964, in _exec_single_context
    self.dialect.do_execute(
  File "/home/prince/.local/lib/python3.11/site-packages/sqlalchemy/engine/default.py", line 942, in do_execute
    cursor.execute(statement, parameters)
  File "/home/prince/.local/lib/python3.11/site-packages/pymysql/cursors.py", line 153, in execute
    result = self._query(query)
             ^^^^^^^^^^^^^^^^^^
  File "/home/prince/.local/lib/python3.11/site-packages/pymysql/cursors.py", line 322, in _query
    conn.query(q)
  File "/home/prince/.local/lib/python3.11/site-packages/pymysql/connections.py", line 563, in query
    self._affected_rows = self._read_query_result(unbuffered=unbuffered)
                          ^^^^^^^^^^^^^^^^^^^^^^^^^^^^^^^^^^^^^^^^^^^^^^
  File "/home/prince/.local/lib/python3.11/site-packages/pymysql/connections.py", line 825, in _read_query_result
    result.read()
  File "/home/prince/.local/lib/python3.11/site-packages/pymysql/connections.py", line 1199, in read
    first_packet = self.connection._read_packet()
                   ^^^^^^^^^^^^^^^^^^^^^^^^^^^^^^
  File "/home/prince/.local/lib/python3.11/site-packages/pymysql/connections.py", line 775, in _read_packet
    packet.raise_for_error()
  File "/home/prince/.local/lib/python3.11/site-packages/pymysql/protocol.py", line 219, in raise_for_error
    err.raise_mysql_exception(self._data)
  File "/home/prince/.local/lib/python3.11/site-packages/pymysql/err.py", line 150, in raise_mysql_exception
    raise errorclass(errno, errval)
sqlalchemy.exc.IntegrityError: (pymysql.err.IntegrityError) (1062, "Duplicate entry 'fashfvvfeddfcdscddcwvddsfdion' for key 'subcategory_table.ix_subcategory_table_subcategory_name'")
[SQL: INSERT INTO subcategory_table (subcategory_category_id, subcategory_name, subcategory_description, is_deleted, created_at, modified_at) VALUES (%(subcategory_category_id)s, %(subcategory_name)s, %(subcategory_description)s, %(is_deleted)s, %(created_at)s, %(modified_at)s)]
[parameters: {'subcategory_category_id': 6, 'subcategory_name': 'fashfvvfeddfcdscddcwvddsfdion', 'subcategory_description': 'string', 'is_deleted': 0, 'created_at': 1742928852, 'modified_at': 1742928852}]
(Background on this error at: https://sqlalche.me/e/20/gkpj)
2025-03-26 00:24:16,595 - subcategory_service.py - FastCRUD -  insert_subcategory_service - INFO - Subcategory inserted successfully: fashfvvfeddfcdsfcddcwvddsfdion

2025-03-26 00:24:35,457 - subcategory_service.py - FastCRUD -  insert_subcategory_service - ERROR - Error inserting subcategory
Traceback (most recent call last):
  File "/home/prince/.local/lib/python3.11/site-packages/sqlalchemy/engine/base.py", line 1964, in _exec_single_context
    self.dialect.do_execute(
  File "/home/prince/.local/lib/python3.11/site-packages/sqlalchemy/engine/default.py", line 942, in do_execute
    cursor.execute(statement, parameters)
  File "/home/prince/.local/lib/python3.11/site-packages/pymysql/cursors.py", line 153, in execute
    result = self._query(query)
             ^^^^^^^^^^^^^^^^^^
  File "/home/prince/.local/lib/python3.11/site-packages/pymysql/cursors.py", line 322, in _query
    conn.query(q)
  File "/home/prince/.local/lib/python3.11/site-packages/pymysql/connections.py", line 563, in query
    self._affected_rows = self._read_query_result(unbuffered=unbuffered)
                          ^^^^^^^^^^^^^^^^^^^^^^^^^^^^^^^^^^^^^^^^^^^^^^
  File "/home/prince/.local/lib/python3.11/site-packages/pymysql/connections.py", line 825, in _read_query_result
    result.read()
  File "/home/prince/.local/lib/python3.11/site-packages/pymysql/connections.py", line 1199, in read
    first_packet = self.connection._read_packet()
                   ^^^^^^^^^^^^^^^^^^^^^^^^^^^^^^
  File "/home/prince/.local/lib/python3.11/site-packages/pymysql/connections.py", line 775, in _read_packet
    packet.raise_for_error()
  File "/home/prince/.local/lib/python3.11/site-packages/pymysql/protocol.py", line 219, in raise_for_error
    err.raise_mysql_exception(self._data)
  File "/home/prince/.local/lib/python3.11/site-packages/pymysql/err.py", line 150, in raise_mysql_exception
    raise errorclass(errno, errval)
pymysql.err.IntegrityError: (1452, 'Cannot add or update a child row: a foreign key constraint fails (`FASTCRUD_DB`.`subcategory_table`, CONSTRAINT `subcategory_table_ibfk_1` FOREIGN KEY (`subcategory_category_id`) REFERENCES `category_table` (`id`) ON DELETE CASCADE ON UPDATE CASCADE)')

The above exception was the direct cause of the following exception:

Traceback (most recent call last):
  File "/home/prince/PycharmProjects/FastCRUD/base/service/subcategory/subcategory_service.py", line 30, in insert_subcategory_service
    subcategory_insert_data = SubcategoryDAO.insert_subcategory_dao(
                              ^^^^^^^^^^^^^^^^^^^^^^^^^^^^^^^^^^^^^^
  File "/home/prince/PycharmProjects/FastCRUD/base/dao/subcategory/subcategory_dao.py", line 9, in insert_subcategory_dao
    subcategory_data = MysqlCommonQuery.insert_query(subcategory_vo)
                       ^^^^^^^^^^^^^^^^^^^^^^^^^^^^^^^^^^^^^^^^^^^^^
  File "/home/prince/PycharmProjects/FastCRUD/base/client/mysql_common/mysql_common_query.py", line 15, in insert_query
    session.commit()
  File "/home/prince/.local/lib/python3.11/site-packages/sqlalchemy/orm/session.py", line 2032, in commit
    trans.commit(_to_root=True)
  File "<string>", line 2, in commit
  File "/home/prince/.local/lib/python3.11/site-packages/sqlalchemy/orm/state_changes.py", line 139, in _go
    ret_value = fn(self, *arg, **kw)
                ^^^^^^^^^^^^^^^^^^^^
  File "/home/prince/.local/lib/python3.11/site-packages/sqlalchemy/orm/session.py", line 1313, in commit
    self._prepare_impl()
  File "<string>", line 2, in _prepare_impl
  File "/home/prince/.local/lib/python3.11/site-packages/sqlalchemy/orm/state_changes.py", line 139, in _go
    ret_value = fn(self, *arg, **kw)
                ^^^^^^^^^^^^^^^^^^^^
  File "/home/prince/.local/lib/python3.11/site-packages/sqlalchemy/orm/session.py", line 1288, in _prepare_impl
    self.session.flush()
  File "/home/prince/.local/lib/python3.11/site-packages/sqlalchemy/orm/session.py", line 4353, in flush
    self._flush(objects)
  File "/home/prince/.local/lib/python3.11/site-packages/sqlalchemy/orm/session.py", line 4488, in _flush
    with util.safe_reraise():
  File "/home/prince/.local/lib/python3.11/site-packages/sqlalchemy/util/langhelpers.py", line 146, in __exit__
    raise exc_value.with_traceback(exc_tb)
  File "/home/prince/.local/lib/python3.11/site-packages/sqlalchemy/orm/session.py", line 4449, in _flush
    flush_context.execute()
  File "/home/prince/.local/lib/python3.11/site-packages/sqlalchemy/orm/unitofwork.py", line 466, in execute
    rec.execute(self)
  File "/home/prince/.local/lib/python3.11/site-packages/sqlalchemy/orm/unitofwork.py", line 642, in execute
    util.preloaded.orm_persistence.save_obj(
  File "/home/prince/.local/lib/python3.11/site-packages/sqlalchemy/orm/persistence.py", line 93, in save_obj
    _emit_insert_statements(
  File "/home/prince/.local/lib/python3.11/site-packages/sqlalchemy/orm/persistence.py", line 1233, in _emit_insert_statements
    result = connection.execute(
             ^^^^^^^^^^^^^^^^^^^
  File "/home/prince/.local/lib/python3.11/site-packages/sqlalchemy/engine/base.py", line 1416, in execute
    return meth(
           ^^^^^
  File "/home/prince/.local/lib/python3.11/site-packages/sqlalchemy/sql/elements.py", line 516, in _execute_on_connection
    return connection._execute_clauseelement(
           ^^^^^^^^^^^^^^^^^^^^^^^^^^^^^^^^^^
  File "/home/prince/.local/lib/python3.11/site-packages/sqlalchemy/engine/base.py", line 1638, in _execute_clauseelement
    ret = self._execute_context(
          ^^^^^^^^^^^^^^^^^^^^^^
  File "/home/prince/.local/lib/python3.11/site-packages/sqlalchemy/engine/base.py", line 1843, in _execute_context
    return self._exec_single_context(
           ^^^^^^^^^^^^^^^^^^^^^^^^^^
  File "/home/prince/.local/lib/python3.11/site-packages/sqlalchemy/engine/base.py", line 1983, in _exec_single_context
    self._handle_dbapi_exception(
  File "/home/prince/.local/lib/python3.11/site-packages/sqlalchemy/engine/base.py", line 2352, in _handle_dbapi_exception
    raise sqlalchemy_exception.with_traceback(exc_info[2]) from e
  File "/home/prince/.local/lib/python3.11/site-packages/sqlalchemy/engine/base.py", line 1964, in _exec_single_context
    self.dialect.do_execute(
  File "/home/prince/.local/lib/python3.11/site-packages/sqlalchemy/engine/default.py", line 942, in do_execute
    cursor.execute(statement, parameters)
  File "/home/prince/.local/lib/python3.11/site-packages/pymysql/cursors.py", line 153, in execute
    result = self._query(query)
             ^^^^^^^^^^^^^^^^^^
  File "/home/prince/.local/lib/python3.11/site-packages/pymysql/cursors.py", line 322, in _query
    conn.query(q)
  File "/home/prince/.local/lib/python3.11/site-packages/pymysql/connections.py", line 563, in query
    self._affected_rows = self._read_query_result(unbuffered=unbuffered)
                          ^^^^^^^^^^^^^^^^^^^^^^^^^^^^^^^^^^^^^^^^^^^^^^
  File "/home/prince/.local/lib/python3.11/site-packages/pymysql/connections.py", line 825, in _read_query_result
    result.read()
  File "/home/prince/.local/lib/python3.11/site-packages/pymysql/connections.py", line 1199, in read
    first_packet = self.connection._read_packet()
                   ^^^^^^^^^^^^^^^^^^^^^^^^^^^^^^
  File "/home/prince/.local/lib/python3.11/site-packages/pymysql/connections.py", line 775, in _read_packet
    packet.raise_for_error()
  File "/home/prince/.local/lib/python3.11/site-packages/pymysql/protocol.py", line 219, in raise_for_error
    err.raise_mysql_exception(self._data)
  File "/home/prince/.local/lib/python3.11/site-packages/pymysql/err.py", line 150, in raise_mysql_exception
    raise errorclass(errno, errval)
sqlalchemy.exc.IntegrityError: (pymysql.err.IntegrityError) (1452, 'Cannot add or update a child row: a foreign key constraint fails (`FASTCRUD_DB`.`subcategory_table`, CONSTRAINT `subcategory_table_ibfk_1` FOREIGN KEY (`subcategory_category_id`) REFERENCES `category_table` (`id`) ON DELETE CASCADE ON UPDATE CASCADE)')
[SQL: INSERT INTO subcategory_table (subcategory_category_id, subcategory_name, subcategory_description, is_deleted, created_at, modified_at) VALUES (%(subcategory_category_id)s, %(subcategory_name)s, %(subcategory_description)s, %(is_deleted)s, %(created_at)s, %(modified_at)s)]
[parameters: {'subcategory_category_id': 0, 'subcategory_name': 'fashfvvfseddfcdsfcddcwvddsfdion', 'subcategory_description': 'string', 'is_deleted': 0, 'created_at': 1742928875, 'modified_at': 1742928875}]
(Background on this error at: https://sqlalche.me/e/20/gkpj)
2025-03-26 00:24:43,846 - subcategory_service.py - FastCRUD -  insert_subcategory_service - ERROR - Error inserting subcategory
Traceback (most recent call last):
  File "/home/prince/.local/lib/python3.11/site-packages/sqlalchemy/engine/base.py", line 1964, in _exec_single_context
    self.dialect.do_execute(
  File "/home/prince/.local/lib/python3.11/site-packages/sqlalchemy/engine/default.py", line 942, in do_execute
    cursor.execute(statement, parameters)
  File "/home/prince/.local/lib/python3.11/site-packages/pymysql/cursors.py", line 153, in execute
    result = self._query(query)
             ^^^^^^^^^^^^^^^^^^
  File "/home/prince/.local/lib/python3.11/site-packages/pymysql/cursors.py", line 322, in _query
    conn.query(q)
  File "/home/prince/.local/lib/python3.11/site-packages/pymysql/connections.py", line 563, in query
    self._affected_rows = self._read_query_result(unbuffered=unbuffered)
                          ^^^^^^^^^^^^^^^^^^^^^^^^^^^^^^^^^^^^^^^^^^^^^^
  File "/home/prince/.local/lib/python3.11/site-packages/pymysql/connections.py", line 825, in _read_query_result
    result.read()
  File "/home/prince/.local/lib/python3.11/site-packages/pymysql/connections.py", line 1199, in read
    first_packet = self.connection._read_packet()
                   ^^^^^^^^^^^^^^^^^^^^^^^^^^^^^^
  File "/home/prince/.local/lib/python3.11/site-packages/pymysql/connections.py", line 775, in _read_packet
    packet.raise_for_error()
  File "/home/prince/.local/lib/python3.11/site-packages/pymysql/protocol.py", line 219, in raise_for_error
    err.raise_mysql_exception(self._data)
  File "/home/prince/.local/lib/python3.11/site-packages/pymysql/err.py", line 150, in raise_mysql_exception
    raise errorclass(errno, errval)
pymysql.err.IntegrityError: (1452, 'Cannot add or update a child row: a foreign key constraint fails (`FASTCRUD_DB`.`subcategory_table`, CONSTRAINT `subcategory_table_ibfk_1` FOREIGN KEY (`subcategory_category_id`) REFERENCES `category_table` (`id`) ON DELETE CASCADE ON UPDATE CASCADE)')

The above exception was the direct cause of the following exception:

Traceback (most recent call last):
  File "/home/prince/PycharmProjects/FastCRUD/base/service/subcategory/subcategory_service.py", line 30, in insert_subcategory_service
    subcategory_insert_data = SubcategoryDAO.insert_subcategory_dao(
                              ^^^^^^^^^^^^^^^^^^^^^^^^^^^^^^^^^^^^^^
  File "/home/prince/PycharmProjects/FastCRUD/base/dao/subcategory/subcategory_dao.py", line 9, in insert_subcategory_dao
    subcategory_data = MysqlCommonQuery.insert_query(subcategory_vo)
                       ^^^^^^^^^^^^^^^^^^^^^^^^^^^^^^^^^^^^^^^^^^^^^
  File "/home/prince/PycharmProjects/FastCRUD/base/client/mysql_common/mysql_common_query.py", line 15, in insert_query
    session.commit()
  File "/home/prince/.local/lib/python3.11/site-packages/sqlalchemy/orm/session.py", line 2032, in commit
    trans.commit(_to_root=True)
  File "<string>", line 2, in commit
  File "/home/prince/.local/lib/python3.11/site-packages/sqlalchemy/orm/state_changes.py", line 139, in _go
    ret_value = fn(self, *arg, **kw)
                ^^^^^^^^^^^^^^^^^^^^
  File "/home/prince/.local/lib/python3.11/site-packages/sqlalchemy/orm/session.py", line 1313, in commit
    self._prepare_impl()
  File "<string>", line 2, in _prepare_impl
  File "/home/prince/.local/lib/python3.11/site-packages/sqlalchemy/orm/state_changes.py", line 139, in _go
    ret_value = fn(self, *arg, **kw)
                ^^^^^^^^^^^^^^^^^^^^
  File "/home/prince/.local/lib/python3.11/site-packages/sqlalchemy/orm/session.py", line 1288, in _prepare_impl
    self.session.flush()
  File "/home/prince/.local/lib/python3.11/site-packages/sqlalchemy/orm/session.py", line 4353, in flush
    self._flush(objects)
  File "/home/prince/.local/lib/python3.11/site-packages/sqlalchemy/orm/session.py", line 4488, in _flush
    with util.safe_reraise():
  File "/home/prince/.local/lib/python3.11/site-packages/sqlalchemy/util/langhelpers.py", line 146, in __exit__
    raise exc_value.with_traceback(exc_tb)
  File "/home/prince/.local/lib/python3.11/site-packages/sqlalchemy/orm/session.py", line 4449, in _flush
    flush_context.execute()
  File "/home/prince/.local/lib/python3.11/site-packages/sqlalchemy/orm/unitofwork.py", line 466, in execute
    rec.execute(self)
  File "/home/prince/.local/lib/python3.11/site-packages/sqlalchemy/orm/unitofwork.py", line 642, in execute
    util.preloaded.orm_persistence.save_obj(
  File "/home/prince/.local/lib/python3.11/site-packages/sqlalchemy/orm/persistence.py", line 93, in save_obj
    _emit_insert_statements(
  File "/home/prince/.local/lib/python3.11/site-packages/sqlalchemy/orm/persistence.py", line 1233, in _emit_insert_statements
    result = connection.execute(
             ^^^^^^^^^^^^^^^^^^^
  File "/home/prince/.local/lib/python3.11/site-packages/sqlalchemy/engine/base.py", line 1416, in execute
    return meth(
           ^^^^^
  File "/home/prince/.local/lib/python3.11/site-packages/sqlalchemy/sql/elements.py", line 516, in _execute_on_connection
    return connection._execute_clauseelement(
           ^^^^^^^^^^^^^^^^^^^^^^^^^^^^^^^^^^
  File "/home/prince/.local/lib/python3.11/site-packages/sqlalchemy/engine/base.py", line 1638, in _execute_clauseelement
    ret = self._execute_context(
          ^^^^^^^^^^^^^^^^^^^^^^
  File "/home/prince/.local/lib/python3.11/site-packages/sqlalchemy/engine/base.py", line 1843, in _execute_context
    return self._exec_single_context(
           ^^^^^^^^^^^^^^^^^^^^^^^^^^
  File "/home/prince/.local/lib/python3.11/site-packages/sqlalchemy/engine/base.py", line 1983, in _exec_single_context
    self._handle_dbapi_exception(
  File "/home/prince/.local/lib/python3.11/site-packages/sqlalchemy/engine/base.py", line 2352, in _handle_dbapi_exception
    raise sqlalchemy_exception.with_traceback(exc_info[2]) from e
  File "/home/prince/.local/lib/python3.11/site-packages/sqlalchemy/engine/base.py", line 1964, in _exec_single_context
    self.dialect.do_execute(
  File "/home/prince/.local/lib/python3.11/site-packages/sqlalchemy/engine/default.py", line 942, in do_execute
    cursor.execute(statement, parameters)
  File "/home/prince/.local/lib/python3.11/site-packages/pymysql/cursors.py", line 153, in execute
    result = self._query(query)
             ^^^^^^^^^^^^^^^^^^
  File "/home/prince/.local/lib/python3.11/site-packages/pymysql/cursors.py", line 322, in _query
    conn.query(q)
  File "/home/prince/.local/lib/python3.11/site-packages/pymysql/connections.py", line 563, in query
    self._affected_rows = self._read_query_result(unbuffered=unbuffered)
                          ^^^^^^^^^^^^^^^^^^^^^^^^^^^^^^^^^^^^^^^^^^^^^^
  File "/home/prince/.local/lib/python3.11/site-packages/pymysql/connections.py", line 825, in _read_query_result
    result.read()
  File "/home/prince/.local/lib/python3.11/site-packages/pymysql/connections.py", line 1199, in read
    first_packet = self.connection._read_packet()
                   ^^^^^^^^^^^^^^^^^^^^^^^^^^^^^^
  File "/home/prince/.local/lib/python3.11/site-packages/pymysql/connections.py", line 775, in _read_packet
    packet.raise_for_error()
  File "/home/prince/.local/lib/python3.11/site-packages/pymysql/protocol.py", line 219, in raise_for_error
    err.raise_mysql_exception(self._data)
  File "/home/prince/.local/lib/python3.11/site-packages/pymysql/err.py", line 150, in raise_mysql_exception
    raise errorclass(errno, errval)
sqlalchemy.exc.IntegrityError: (pymysql.err.IntegrityError) (1452, 'Cannot add or update a child row: a foreign key constraint fails (`FASTCRUD_DB`.`subcategory_table`, CONSTRAINT `subcategory_table_ibfk_1` FOREIGN KEY (`subcategory_category_id`) REFERENCES `category_table` (`id`) ON DELETE CASCADE ON UPDATE CASCADE)')
[SQL: INSERT INTO subcategory_table (subcategory_category_id, subcategory_name, subcategory_description, is_deleted, created_at, modified_at) VALUES (%(subcategory_category_id)s, %(subcategory_name)s, %(subcategory_description)s, %(is_deleted)s, %(created_at)s, %(modified_at)s)]
[parameters: {'subcategory_category_id': 233, 'subcategory_name': 'fashfvvfseddfcdsfcddcwdvddsfdion', 'subcategory_description': 'string', 'is_deleted': 0, 'created_at': 1742928883, 'modified_at': 1742928883}]
(Background on this error at: https://sqlalche.me/e/20/gkpj)
2025-03-26 00:25:22,188 - category_service.py - FastCRUD -  delete_category_service - ERROR - Error deleting category
Traceback (most recent call last):
  File "/home/prince/PycharmProjects/FastCRUD/base/service/category/category_service.py", line 68, in delete_category_service
    delete_category_data.is_deleted = True
    ^^^^^^^^^^^^^^^^^^^^^^^^^^^^^^^
AttributeError: 'NoneType' object has no attribute 'is_deleted'
2025-03-26 00:25:38,817 - subcategory_service.py - FastCRUD -  insert_subcategory_service - INFO - Subcategory inserted successfully: fashfvvfsdeddfcdsfcddcwdvddsfdion

2025-03-26 00:28:14,259 - subcategory_service.py - FastCRUD -  insert_subcategory_service - WARNING - Attempt to insert subcategory with deleted category ID: 2

2025-03-26 00:29:14,202 - subcategory_service.py - FastCRUD -  insert_subcategory_service - WARNING - Attempt to insert subcategory with deleted category ID: 1

2025-03-26 00:29:25,328 - subcategory_service.py - FastCRUD -  insert_subcategory_service - INFO - Subcategory inserted successfully: fashfvvfsdeddfscfcdsfcddcwdvddsfdion

2025-03-26 00:29:39,629 - subcategory_service.py - FastCRUD -  get_all_subcategories_service - INFO - Fetched 15 subcategories

2025-03-26 00:29:55,834 - subcategory_service.py - FastCRUD -  delete_subcategory_service - INFO - Subcategory deleted: ID 5026

2025-03-26 00:30:11,177 - subcategory_service.py - FastCRUD -  get_subcategory_by_id_service - INFO - Subcategory retrieved: Laptops

2025-03-26 00:36:53,600 - subcategory_service.py - FastCRUD -  update_subcategory_service - INFO - Subcategory updated successfully

2025-03-26 09:54:12,981 - subcategory_service.py - FastCRUD -  insert_subcategory_service - INFO - Subcategory inserted successfully: noodles

2025-03-26 09:54:25,116 - subcategory_service.py - FastCRUD -  get_all_subcategories_service - INFO - Fetched 15 subcategories

2025-03-26 09:54:59,071 - subcategory_service.py - FastCRUD -  delete_subcategory_service - INFO - Subcategory deleted: ID 5027

2025-03-26 09:55:15,926 - subcategory_service.py - FastCRUD -  get_subcategory_by_id_service - INFO - Subcategory retrieved: fashfvvfsdeddfcdsfcddcwdvddsfdion

2025-03-26 09:55:51,687 - subcategory_service.py - FastCRUD -  update_subcategory_service - INFO - Subcategory updated successfully

2025-03-26 10:43:21,574 - product_service.py - FastCRUD -  insert_product_service - INFO - Product inserted successfully: 15pro.jpg

2025-03-26 10:45:39,723 - product_controller.py - FastCRUD -  update_product_controller - ERROR - Error updating product
Traceback (most recent call last):
  File "/home/prince/PycharmProjects/FastCRUD/base/api/controller/product/product_controller.py", line 57, in update_product_controller
    update_product_dto = UpdateProductDTO(
                         ^^^^^^^^^^^^^^^^^
  File "/home/prince/.local/lib/python3.11/site-packages/pydantic/main.py", line 214, in __init__
    validated_self = self.__pydantic_validator__.validate_python(data, self_instance=self)
                     ^^^^^^^^^^^^^^^^^^^^^^^^^^^^^^^^^^^^^^^^^^^^^^^^^^^^^^^^^^^^^^^^^^^^^
pydantic_core._pydantic_core.ValidationError: 1 validation error for UpdateProductDTO
product_image_name
  Field required [type=missing, input_value={'id': 1, 'product_catego... 'product_quantity': 20}, input_type=dict]
    For further information visit https://errors.pydantic.dev/2.10/v/missing
2025-03-26 11:06:00,752 - product_service.py - FastCRUD -  insert_product_service - INFO - Product inserted successfully: 15pro

2025-03-26 11:35:09,824 - product_service.py - FastCRUD -  update_product_service - ERROR - Error updating product
Traceback (most recent call last):
  File "/home/prince/PycharmProjects/FastCRUD/base/service/product/product_service.py", line 105, in update_product_service
    image_name = existing_product.get("product_image_name")
                 ^^^^^^^^^^^^^^^^^^^^
AttributeError: 'ProductVO' object has no attribute 'get'
2025-03-26 11:35:26,551 - product_service.py - FastCRUD -  update_product_service - ERROR - Error updating product
Traceback (most recent call last):
  File "/home/prince/PycharmProjects/FastCRUD/base/service/product/product_service.py", line 105, in update_product_service
    image_name = existing_product.get("product_image_name")
                 ^^^^^^^^^^^^^^^^^^^^
AttributeError: 'ProductVO' object has no attribute 'get'
2025-03-26 11:35:56,898 - product_service.py - FastCRUD -  update_product_service - ERROR - Error updating product
Traceback (most recent call last):
  File "/home/prince/PycharmProjects/FastCRUD/base/service/product/product_service.py", line 105, in update_product_service
    image_name = existing_product.get("product_image_name")
                 ^^^^^^^^^^^^^^^^^^^^
AttributeError: 'ProductVO' object has no attribute 'get'
2025-03-26 11:36:58,938 - product_service.py - FastCRUD -  update_product_service - ERROR - Error updating product
Traceback (most recent call last):
  File "/home/prince/PycharmProjects/FastCRUD/base/service/product/product_service.py", line 109, in update_product_service
    image_name, image_path = save_image(image)
    ^^^^^^^^^^^^^^^^^^^^^^
TypeError: cannot unpack non-iterable coroutine object
2025-03-26 11:38:05,774 - product_service.py - FastCRUD -  update_product_service - ERROR - Error updating product
Traceback (most recent call last):
  File "/home/prince/PycharmProjects/FastCRUD/base/service/product/product_service.py", line 123, in update_product_service
    image_name = existing_product.get("product_image_name")
                 ^^^^^^^^^^^^^^^^^^^^
AttributeError: 'ProductVO' object has no attribute 'get'
2025-03-26 11:38:13,096 - product_service.py - FastCRUD -  update_product_service - ERROR - Error updating product
Traceback (most recent call last):
  File "/home/prince/PycharmProjects/FastCRUD/base/service/product/product_service.py", line 123, in update_product_service
    image_name = existing_product.get("product_image_name")
                 ^^^^^^^^^^^^^^^^^^^^
AttributeError: 'ProductVO' object has no attribute 'get'
2025-03-26 11:49:21,300 - product_service.py - FastCRUD -  update_product_service - ERROR - Error updating product
Traceback (most recent call last):
  File "/home/prince/PycharmProjects/FastCRUD/base/service/product/product_service.py", line 107, in update_product_service
    image_name = existing_product.get("product_image_name")
                 ^^^^^^^^^^^^^^^^^^^^
AttributeError: 'ProductVO' object has no attribute 'get'
2025-03-26 11:52:41,735 - product_service.py - FastCRUD -  update_product_service - INFO - Existing product: <base.vo.product_vo.ProductVO object at 0x72e1d5714890>

2025-03-26 11:52:41,736 - product_service.py - FastCRUD -  update_product_service - ERROR - Error updating product
Traceback (most recent call last):
  File "/home/prince/PycharmProjects/FastCRUD/base/service/product/product_service.py", line 129, in update_product_service
    image_name, image_path = ProductService.save_image(image)
    ^^^^^^^^^^^^^^^^^^^^^^
TypeError: cannot unpack non-iterable coroutine object
2025-03-26 11:52:54,885 - product_service.py - FastCRUD -  update_product_service - INFO - Existing product: <base.vo.product_vo.ProductVO object at 0x7cf739e5b0d0>

2025-03-26 11:52:54,886 - product_service.py - FastCRUD -  update_product_service - ERROR - Error updating product
Traceback (most recent call last):
  File "/home/prince/PycharmProjects/FastCRUD/base/service/product/product_service.py", line 129, in update_product_service
    image_name, image_path = ProductService.save_image(image)
    ^^^^^^^^^^^^^^^^^^^^^^
TypeError: cannot unpack non-iterable coroutine object
2025-03-26 11:53:30,861 - product_service.py - FastCRUD -  update_product_service - INFO - Existing product: <base.vo.product_vo.ProductVO object at 0x7adca375f010>

2025-03-26 12:17:06,744 - product_service.py - FastCRUD -  insert_product_service - ERROR - Error inserting product
Traceback (most recent call last):
  File "/home/prince/.local/lib/python3.11/site-packages/sqlalchemy/engine/base.py", line 1964, in _exec_single_context
    self.dialect.do_execute(
  File "/home/prince/.local/lib/python3.11/site-packages/sqlalchemy/engine/default.py", line 942, in do_execute
    cursor.execute(statement, parameters)
  File "/home/prince/.local/lib/python3.11/site-packages/pymysql/cursors.py", line 153, in execute
    result = self._query(query)
             ^^^^^^^^^^^^^^^^^^
  File "/home/prince/.local/lib/python3.11/site-packages/pymysql/cursors.py", line 322, in _query
    conn.query(q)
  File "/home/prince/.local/lib/python3.11/site-packages/pymysql/connections.py", line 563, in query
    self._affected_rows = self._read_query_result(unbuffered=unbuffered)
                          ^^^^^^^^^^^^^^^^^^^^^^^^^^^^^^^^^^^^^^^^^^^^^^
  File "/home/prince/.local/lib/python3.11/site-packages/pymysql/connections.py", line 825, in _read_query_result
    result.read()
  File "/home/prince/.local/lib/python3.11/site-packages/pymysql/connections.py", line 1199, in read
    first_packet = self.connection._read_packet()
                   ^^^^^^^^^^^^^^^^^^^^^^^^^^^^^^
  File "/home/prince/.local/lib/python3.11/site-packages/pymysql/connections.py", line 775, in _read_packet
    packet.raise_for_error()
  File "/home/prince/.local/lib/python3.11/site-packages/pymysql/protocol.py", line 219, in raise_for_error
    err.raise_mysql_exception(self._data)
  File "/home/prince/.local/lib/python3.11/site-packages/pymysql/err.py", line 150, in raise_mysql_exception
    raise errorclass(errno, errval)
pymysql.err.IntegrityError: (1062, "Duplicate entry 'sdcsfdasxa' for key 'product_table.ix_product_table_product_name'")

The above exception was the direct cause of the following exception:

Traceback (most recent call last):
  File "/home/prince/PycharmProjects/FastCRUD/base/service/product/product_service.py", line 59, in insert_product_service
    product_insert_data = ProductDAO.insert_product_dao(product_vo)
                          ^^^^^^^^^^^^^^^^^^^^^^^^^^^^^^^^^^^^^^^^^
  File "/home/prince/PycharmProjects/FastCRUD/base/dao/product/product_dao.py", line 9, in insert_product_dao
    product_data = MysqlCommonQuery.insert_query(product_vo)
                   ^^^^^^^^^^^^^^^^^^^^^^^^^^^^^^^^^^^^^^^^^
  File "/home/prince/PycharmProjects/FastCRUD/base/client/mysql_common/mysql_common_query.py", line 15, in insert_query
    session.commit()
  File "/home/prince/.local/lib/python3.11/site-packages/sqlalchemy/orm/session.py", line 2032, in commit
    trans.commit(_to_root=True)
  File "<string>", line 2, in commit
  File "/home/prince/.local/lib/python3.11/site-packages/sqlalchemy/orm/state_changes.py", line 139, in _go
    ret_value = fn(self, *arg, **kw)
                ^^^^^^^^^^^^^^^^^^^^
  File "/home/prince/.local/lib/python3.11/site-packages/sqlalchemy/orm/session.py", line 1313, in commit
    self._prepare_impl()
  File "<string>", line 2, in _prepare_impl
  File "/home/prince/.local/lib/python3.11/site-packages/sqlalchemy/orm/state_changes.py", line 139, in _go
    ret_value = fn(self, *arg, **kw)
                ^^^^^^^^^^^^^^^^^^^^
  File "/home/prince/.local/lib/python3.11/site-packages/sqlalchemy/orm/session.py", line 1288, in _prepare_impl
    self.session.flush()
  File "/home/prince/.local/lib/python3.11/site-packages/sqlalchemy/orm/session.py", line 4353, in flush
    self._flush(objects)
  File "/home/prince/.local/lib/python3.11/site-packages/sqlalchemy/orm/session.py", line 4488, in _flush
    with util.safe_reraise():
  File "/home/prince/.local/lib/python3.11/site-packages/sqlalchemy/util/langhelpers.py", line 146, in __exit__
    raise exc_value.with_traceback(exc_tb)
  File "/home/prince/.local/lib/python3.11/site-packages/sqlalchemy/orm/session.py", line 4449, in _flush
    flush_context.execute()
  File "/home/prince/.local/lib/python3.11/site-packages/sqlalchemy/orm/unitofwork.py", line 466, in execute
    rec.execute(self)
  File "/home/prince/.local/lib/python3.11/site-packages/sqlalchemy/orm/unitofwork.py", line 642, in execute
    util.preloaded.orm_persistence.save_obj(
  File "/home/prince/.local/lib/python3.11/site-packages/sqlalchemy/orm/persistence.py", line 93, in save_obj
    _emit_insert_statements(
  File "/home/prince/.local/lib/python3.11/site-packages/sqlalchemy/orm/persistence.py", line 1233, in _emit_insert_statements
    result = connection.execute(
             ^^^^^^^^^^^^^^^^^^^
  File "/home/prince/.local/lib/python3.11/site-packages/sqlalchemy/engine/base.py", line 1416, in execute
    return meth(
           ^^^^^
  File "/home/prince/.local/lib/python3.11/site-packages/sqlalchemy/sql/elements.py", line 516, in _execute_on_connection
    return connection._execute_clauseelement(
           ^^^^^^^^^^^^^^^^^^^^^^^^^^^^^^^^^^
  File "/home/prince/.local/lib/python3.11/site-packages/sqlalchemy/engine/base.py", line 1638, in _execute_clauseelement
    ret = self._execute_context(
          ^^^^^^^^^^^^^^^^^^^^^^
  File "/home/prince/.local/lib/python3.11/site-packages/sqlalchemy/engine/base.py", line 1843, in _execute_context
    return self._exec_single_context(
           ^^^^^^^^^^^^^^^^^^^^^^^^^^
  File "/home/prince/.local/lib/python3.11/site-packages/sqlalchemy/engine/base.py", line 1983, in _exec_single_context
    self._handle_dbapi_exception(
  File "/home/prince/.local/lib/python3.11/site-packages/sqlalchemy/engine/base.py", line 2352, in _handle_dbapi_exception
    raise sqlalchemy_exception.with_traceback(exc_info[2]) from e
  File "/home/prince/.local/lib/python3.11/site-packages/sqlalchemy/engine/base.py", line 1964, in _exec_single_context
    self.dialect.do_execute(
  File "/home/prince/.local/lib/python3.11/site-packages/sqlalchemy/engine/default.py", line 942, in do_execute
    cursor.execute(statement, parameters)
  File "/home/prince/.local/lib/python3.11/site-packages/pymysql/cursors.py", line 153, in execute
    result = self._query(query)
             ^^^^^^^^^^^^^^^^^^
  File "/home/prince/.local/lib/python3.11/site-packages/pymysql/cursors.py", line 322, in _query
    conn.query(q)
  File "/home/prince/.local/lib/python3.11/site-packages/pymysql/connections.py", line 563, in query
    self._affected_rows = self._read_query_result(unbuffered=unbuffered)
                          ^^^^^^^^^^^^^^^^^^^^^^^^^^^^^^^^^^^^^^^^^^^^^^
  File "/home/prince/.local/lib/python3.11/site-packages/pymysql/connections.py", line 825, in _read_query_result
    result.read()
  File "/home/prince/.local/lib/python3.11/site-packages/pymysql/connections.py", line 1199, in read
    first_packet = self.connection._read_packet()
                   ^^^^^^^^^^^^^^^^^^^^^^^^^^^^^^
  File "/home/prince/.local/lib/python3.11/site-packages/pymysql/connections.py", line 775, in _read_packet
    packet.raise_for_error()
  File "/home/prince/.local/lib/python3.11/site-packages/pymysql/protocol.py", line 219, in raise_for_error
    err.raise_mysql_exception(self._data)
  File "/home/prince/.local/lib/python3.11/site-packages/pymysql/err.py", line 150, in raise_mysql_exception
    raise errorclass(errno, errval)
sqlalchemy.exc.IntegrityError: (pymysql.err.IntegrityError) (1062, "Duplicate entry 'sdcsfdasxa' for key 'product_table.ix_product_table_product_name'")
[SQL: INSERT INTO product_table (product_category_id, product_subcategory_id, product_name, product_description, product_price, product_image_name, product_image_path, product_quantity, is_deleted, created_at, modified_at) VALUES (%(product_category_id)s, %(product_subcategory_id)s, %(product_name)s, %(product_description)s, %(product_price)s, %(product_image_name)s, %(product_image_path)s, %(product_quantity)s, %(is_deleted)s, %(created_at)s, %(modified_at)s)]
[parameters: {'product_category_id': 7, 'product_subcategory_id': 12, 'product_name': 'sdcsfdasxa', 'product_description': 'stringdfvfdv', 'product_price': 123, 'product_image_name': 'NikeAirForce1Sneakers.jpg', 'product_image_path': 'static/product_image/NikeAirForce1Sneakers.jpg', 'product_quantity': 1231, 'is_deleted': 0, 'created_at': 1742971626, 'modified_at': 1742971626}]
(Background on this error at: https://sqlalche.me/e/20/gkpj)
2025-03-26 13:05:09,948 - product_service.py - FastCRUD -  update_product_service - INFO - Existing product: <base.vo.product_vo.ProductVO object at 0x72baafc3f710>

2025-03-26 13:05:11,500 - product_service.py - FastCRUD -  update_product_service - INFO - Existing product: <base.vo.product_vo.ProductVO object at 0x72baaf9d1b90>

2025-03-26 13:14:18,366 - category_controller.py - FastCRUD -  view_category_controller - INFO - Response for verify_member is {'status_code': 202, 'success': True, 'message': 'Data fetched successfully', 'data': [<base.vo.category_vo.CategoryVO object at 0x7dbdcb7b2810>, <base.vo.category_vo.CategoryVO object at 0x7dbdcb9144d0>, <base.vo.category_vo.CategoryVO object at 0x7dbdcb7b2890>, <base.vo.category_vo.CategoryVO object at 0x7dbdcb7b2910>, <base.vo.category_vo.CategoryVO object at 0x7dbdcb7b2990>, <base.vo.category_vo.CategoryVO object at 0x7dbdcb7b2a50>, <base.vo.category_vo.CategoryVO object at 0x7dbdcb7b2ad0>]}

2025-03-26 13:14:27,363 - category_controller.py - FastCRUD -  get_category_by_id_controller - INFO - Fetching category details for ID: 6

2025-03-26 13:14:31,506 - category_controller.py - FastCRUD -  get_category_by_id_controller - INFO - Fetching category details for ID: 7

2025-03-26 13:26:03,682 - product_service.py - FastCRUD -  insert_product_service - ERROR - Error inserting product
Traceback (most recent call last):
  File "/home/prince/.local/lib/python3.11/site-packages/sqlalchemy/engine/base.py", line 1964, in _exec_single_context
    self.dialect.do_execute(
  File "/home/prince/.local/lib/python3.11/site-packages/sqlalchemy/engine/default.py", line 942, in do_execute
    cursor.execute(statement, parameters)
  File "/home/prince/.local/lib/python3.11/site-packages/pymysql/cursors.py", line 153, in execute
    result = self._query(query)
             ^^^^^^^^^^^^^^^^^^
  File "/home/prince/.local/lib/python3.11/site-packages/pymysql/cursors.py", line 322, in _query
    conn.query(q)
  File "/home/prince/.local/lib/python3.11/site-packages/pymysql/connections.py", line 563, in query
    self._affected_rows = self._read_query_result(unbuffered=unbuffered)
                          ^^^^^^^^^^^^^^^^^^^^^^^^^^^^^^^^^^^^^^^^^^^^^^
  File "/home/prince/.local/lib/python3.11/site-packages/pymysql/connections.py", line 825, in _read_query_result
    result.read()
  File "/home/prince/.local/lib/python3.11/site-packages/pymysql/connections.py", line 1199, in read
    first_packet = self.connection._read_packet()
                   ^^^^^^^^^^^^^^^^^^^^^^^^^^^^^^
  File "/home/prince/.local/lib/python3.11/site-packages/pymysql/connections.py", line 775, in _read_packet
    packet.raise_for_error()
  File "/home/prince/.local/lib/python3.11/site-packages/pymysql/protocol.py", line 219, in raise_for_error
    err.raise_mysql_exception(self._data)
  File "/home/prince/.local/lib/python3.11/site-packages/pymysql/err.py", line 150, in raise_mysql_exception
    raise errorclass(errno, errval)
pymysql.err.IntegrityError: (1062, "Duplicate entry 'jfbprincedsvsdsd' for key 'product_table.ix_product_table_product_name'")

The above exception was the direct cause of the following exception:

Traceback (most recent call last):
  File "/home/prince/PycharmProjects/FastCRUD/base/service/product/product_service.py", line 43, in insert_product_service
    product_insert_data = ProductDAO.insert_product_dao(product_vo)
                          ^^^^^^^^^^^^^^^^^^^^^^^^^^^^^^^^^^^^^^^^^
  File "/home/prince/PycharmProjects/FastCRUD/base/dao/product/product_dao.py", line 9, in insert_product_dao
    product_data = MysqlCommonQuery.insert_query(product_vo)
                   ^^^^^^^^^^^^^^^^^^^^^^^^^^^^^^^^^^^^^^^^^
  File "/home/prince/PycharmProjects/FastCRUD/base/client/mysql_common/mysql_common_query.py", line 15, in insert_query
    session.commit()
  File "/home/prince/.local/lib/python3.11/site-packages/sqlalchemy/orm/session.py", line 2032, in commit
    trans.commit(_to_root=True)
  File "<string>", line 2, in commit
  File "/home/prince/.local/lib/python3.11/site-packages/sqlalchemy/orm/state_changes.py", line 139, in _go
    ret_value = fn(self, *arg, **kw)
                ^^^^^^^^^^^^^^^^^^^^
  File "/home/prince/.local/lib/python3.11/site-packages/sqlalchemy/orm/session.py", line 1313, in commit
    self._prepare_impl()
  File "<string>", line 2, in _prepare_impl
  File "/home/prince/.local/lib/python3.11/site-packages/sqlalchemy/orm/state_changes.py", line 139, in _go
    ret_value = fn(self, *arg, **kw)
                ^^^^^^^^^^^^^^^^^^^^
  File "/home/prince/.local/lib/python3.11/site-packages/sqlalchemy/orm/session.py", line 1288, in _prepare_impl
    self.session.flush()
  File "/home/prince/.local/lib/python3.11/site-packages/sqlalchemy/orm/session.py", line 4353, in flush
    self._flush(objects)
  File "/home/prince/.local/lib/python3.11/site-packages/sqlalchemy/orm/session.py", line 4488, in _flush
    with util.safe_reraise():
  File "/home/prince/.local/lib/python3.11/site-packages/sqlalchemy/util/langhelpers.py", line 146, in __exit__
    raise exc_value.with_traceback(exc_tb)
  File "/home/prince/.local/lib/python3.11/site-packages/sqlalchemy/orm/session.py", line 4449, in _flush
    flush_context.execute()
  File "/home/prince/.local/lib/python3.11/site-packages/sqlalchemy/orm/unitofwork.py", line 466, in execute
    rec.execute(self)
  File "/home/prince/.local/lib/python3.11/site-packages/sqlalchemy/orm/unitofwork.py", line 642, in execute
    util.preloaded.orm_persistence.save_obj(
  File "/home/prince/.local/lib/python3.11/site-packages/sqlalchemy/orm/persistence.py", line 93, in save_obj
    _emit_insert_statements(
  File "/home/prince/.local/lib/python3.11/site-packages/sqlalchemy/orm/persistence.py", line 1233, in _emit_insert_statements
    result = connection.execute(
             ^^^^^^^^^^^^^^^^^^^
  File "/home/prince/.local/lib/python3.11/site-packages/sqlalchemy/engine/base.py", line 1416, in execute
    return meth(
           ^^^^^
  File "/home/prince/.local/lib/python3.11/site-packages/sqlalchemy/sql/elements.py", line 516, in _execute_on_connection
    return connection._execute_clauseelement(
           ^^^^^^^^^^^^^^^^^^^^^^^^^^^^^^^^^^
  File "/home/prince/.local/lib/python3.11/site-packages/sqlalchemy/engine/base.py", line 1638, in _execute_clauseelement
    ret = self._execute_context(
          ^^^^^^^^^^^^^^^^^^^^^^
  File "/home/prince/.local/lib/python3.11/site-packages/sqlalchemy/engine/base.py", line 1843, in _execute_context
    return self._exec_single_context(
           ^^^^^^^^^^^^^^^^^^^^^^^^^^
  File "/home/prince/.local/lib/python3.11/site-packages/sqlalchemy/engine/base.py", line 1983, in _exec_single_context
    self._handle_dbapi_exception(
  File "/home/prince/.local/lib/python3.11/site-packages/sqlalchemy/engine/base.py", line 2352, in _handle_dbapi_exception
    raise sqlalchemy_exception.with_traceback(exc_info[2]) from e
  File "/home/prince/.local/lib/python3.11/site-packages/sqlalchemy/engine/base.py", line 1964, in _exec_single_context
    self.dialect.do_execute(
  File "/home/prince/.local/lib/python3.11/site-packages/sqlalchemy/engine/default.py", line 942, in do_execute
    cursor.execute(statement, parameters)
  File "/home/prince/.local/lib/python3.11/site-packages/pymysql/cursors.py", line 153, in execute
    result = self._query(query)
             ^^^^^^^^^^^^^^^^^^
  File "/home/prince/.local/lib/python3.11/site-packages/pymysql/cursors.py", line 322, in _query
    conn.query(q)
  File "/home/prince/.local/lib/python3.11/site-packages/pymysql/connections.py", line 563, in query
    self._affected_rows = self._read_query_result(unbuffered=unbuffered)
                          ^^^^^^^^^^^^^^^^^^^^^^^^^^^^^^^^^^^^^^^^^^^^^^
  File "/home/prince/.local/lib/python3.11/site-packages/pymysql/connections.py", line 825, in _read_query_result
    result.read()
  File "/home/prince/.local/lib/python3.11/site-packages/pymysql/connections.py", line 1199, in read
    first_packet = self.connection._read_packet()
                   ^^^^^^^^^^^^^^^^^^^^^^^^^^^^^^
  File "/home/prince/.local/lib/python3.11/site-packages/pymysql/connections.py", line 775, in _read_packet
    packet.raise_for_error()
  File "/home/prince/.local/lib/python3.11/site-packages/pymysql/protocol.py", line 219, in raise_for_error
    err.raise_mysql_exception(self._data)
  File "/home/prince/.local/lib/python3.11/site-packages/pymysql/err.py", line 150, in raise_mysql_exception
    raise errorclass(errno, errval)
sqlalchemy.exc.IntegrityError: (pymysql.err.IntegrityError) (1062, "Duplicate entry 'jfbprincedsvsdsd' for key 'product_table.ix_product_table_product_name'")
[SQL: INSERT INTO product_table (product_category_id, product_subcategory_id, product_name, product_description, product_price, product_image_name, product_image_path, product_quantity, is_deleted, created_at, modified_at) VALUES (%(product_category_id)s, %(product_subcategory_id)s, %(product_name)s, %(product_description)s, %(product_price)s, %(product_image_name)s, %(product_image_path)s, %(product_quantity)s, %(is_deleted)s, %(created_at)s, %(modified_at)s)]
[parameters: {'product_category_id': 1, 'product_subcategory_id': 1, 'product_name': 'jfbprincedsvsdsd', 'product_description': 'rudani', 'product_price': 230000, 'product_image_name': 'NikeAirForce1Sneakers.jpg', 'product_image_path': 'static/product_image/NikeAirForce1Sneakers.jpg', 'product_quantity': 23, 'is_deleted': 0, 'created_at': 1742975763, 'modified_at': 1742975763}]
(Background on this error at: https://sqlalche.me/e/20/gkpj)
2025-03-26 13:30:06,271 - product_service.py - FastCRUD -  update_product_service - INFO - Existing product: <base.vo.product_vo.ProductVO object at 0x7f6ebcd753d0>

2025-03-26 13:31:17,229 - product_service.py - FastCRUD -  update_product_service - WARNING - Attempt to update product with deleted or non-existent category ID: 1

2025-03-26 13:31:26,537 - product_service.py - FastCRUD -  update_product_service - ERROR - Error updating product
Traceback (most recent call last):
  File "/home/prince/PycharmProjects/FastCRUD/base/service/product/product_service.py", line 165, in update_product_service
    subcategory = SubcategoryDAO.get_subcategory_by_id_dao(
                  ^^^^^^^^^^^^^^^^^^^^^^^^^^^^^^^^^^^^^^^^^
  File "/home/prince/PycharmProjects/FastCRUD/base/dao/subcategory/subcategory_dao.py", line 28, in get_subcategory_by_id_dao
    if subcategory_data.subcategory_category_id == 1:
       ^^^^^^^^^^^^^^^^^^^^^^^^^^^^^^^^^^^^^^^^
AttributeError: 'NoneType' object has no attribute 'subcategory_category_id'
2025-03-26 13:31:34,762 - product_service.py - FastCRUD -  update_product_service - ERROR - Error updating product
Traceback (most recent call last):
  File "/home/prince/PycharmProjects/FastCRUD/base/service/product/product_service.py", line 165, in update_product_service
    subcategory = SubcategoryDAO.get_subcategory_by_id_dao(
                  ^^^^^^^^^^^^^^^^^^^^^^^^^^^^^^^^^^^^^^^^^
  File "/home/prince/PycharmProjects/FastCRUD/base/dao/subcategory/subcategory_dao.py", line 28, in get_subcategory_by_id_dao
    if subcategory_data.subcategory_category_id == 1:
       ^^^^^^^^^^^^^^^^^^^^^^^^^^^^^^^^^^^^^^^^
AttributeError: 'NoneType' object has no attribute 'subcategory_category_id'
2025-03-26 13:31:42,508 - product_service.py - FastCRUD -  update_product_service - ERROR - Error updating product
Traceback (most recent call last):
  File "/home/prince/PycharmProjects/FastCRUD/base/service/product/product_service.py", line 165, in update_product_service
    subcategory = SubcategoryDAO.get_subcategory_by_id_dao(
                  ^^^^^^^^^^^^^^^^^^^^^^^^^^^^^^^^^^^^^^^^^
  File "/home/prince/PycharmProjects/FastCRUD/base/dao/subcategory/subcategory_dao.py", line 28, in get_subcategory_by_id_dao
    if subcategory_data.subcategory_category_id == 1:
       ^^^^^^^^^^^^^^^^^^^^^^^^^^^^^^^^^^^^^^^^
AttributeError: 'NoneType' object has no attribute 'subcategory_category_id'
2025-03-26 13:33:03,099 - product_service.py - FastCRUD -  update_product_service - ERROR - Error updating product
Traceback (most recent call last):
  File "/home/prince/PycharmProjects/FastCRUD/base/service/product/product_service.py", line 165, in update_product_service
    subcategory = SubcategoryDAO.get_subcategory_by_id_dao(
                  ^^^^^^^^^^^^^^^^^^^^^^^^^^^^^^^^^^^^^^^^^
  File "/home/prince/PycharmProjects/FastCRUD/base/dao/subcategory/subcategory_dao.py", line 28, in get_subcategory_by_id_dao
    if subcategory_data.subcategory_category_id == 1:
       ^^^^^^^^^^^^^^^^^^^^^^^^^^^^^^^^^^^^^^^^
AttributeError: 'NoneType' object has no attribute 'subcategory_category_id'
2025-03-26 13:34:45,078 - product_service.py - FastCRUD -  update_product_service - ERROR - Error updating product: 'NoneType' object has no attribute 'subcategory_category_id'
Traceback (most recent call last):
  File "/home/prince/PycharmProjects/FastCRUD/base/service/product/product_service.py", line 165, in update_product_service
    subcategory = SubcategoryDAO.get_subcategory_by_id_dao(
                  ^^^^^^^^^^^^^^^^^^^^^^^^^^^^^^^^^^^^^^^^^
  File "/home/prince/PycharmProjects/FastCRUD/base/dao/subcategory/subcategory_dao.py", line 28, in get_subcategory_by_id_dao
    if subcategory_data.subcategory_category_id == 1:
       ^^^^^^^^^^^^^^^^^^^^^^^^^^^^^^^^^^^^^^^^
AttributeError: 'NoneType' object has no attribute 'subcategory_category_id'
2025-03-26 13:37:33,904 - product_service.py - FastCRUD -  update_product_service - ERROR - Error updating product: 'NoneType' object has no attribute 'subcategory_category_id'
Traceback (most recent call last):
  File "/home/prince/PycharmProjects/FastCRUD/base/service/product/product_service.py", line 165, in update_product_service
    subcategory = SubcategoryDAO.get_subcategory_by_id_dao(
                  ^^^^^^^^^^^^^^^^^^^^^^^^^^^^^^^^^^^^^^^^^
  File "/home/prince/PycharmProjects/FastCRUD/base/dao/subcategory/subcategory_dao.py", line 28, in get_subcategory_by_id_dao
    if subcategory_data.subcategory_category_id == 1:
       ^^^^^^^^^^^^^^^^^^^^^^^^^^^^^^^^^^^^^^^^
AttributeError: 'NoneType' object has no attribute 'subcategory_category_id'
2025-03-26 13:38:48,592 - product_service.py - FastCRUD -  update_product_service - ERROR - Error updating product: 'NoneType' object has no attribute 'subcategory_category_id'
Traceback (most recent call last):
  File "/home/prince/PycharmProjects/FastCRUD/base/service/product/product_service.py", line 164, in update_product_service
    subcategory = SubcategoryDAO.get_subcategory_by_id_dao(
                  ^^^^^^^^^^^^^^^^^^^^^^^^^^^^^^^^^^^^^^^^^
  File "/home/prince/PycharmProjects/FastCRUD/base/dao/subcategory/subcategory_dao.py", line 28, in get_subcategory_by_id_dao
    if subcategory_data.subcategory_category_id == 1:
       ^^^^^^^^^^^^^^^^^^^^^^^^^^^^^^^^^^^^^^^^
AttributeError: 'NoneType' object has no attribute 'subcategory_category_id'
2025-03-26 14:20:41,806 - product_service.py - FastCRUD -  update_product_service - ERROR - Error updating product: 'NoneType' object has no attribute 'subcategory_category_id'
Traceback (most recent call last):
  File "/home/prince/PycharmProjects/FastCRUD/base/service/product/product_service.py", line 167, in update_product_service
    subcategory = SubcategoryDAO.get_subcategory_by_id_dao(
                  ^^^^^^^^^^^^^^^^^^^^^^^^^^^^^^^^^^^^^^^^^
  File "/home/prince/PycharmProjects/FastCRUD/base/dao/subcategory/subcategory_dao.py", line 28, in get_subcategory_by_id_dao
    if subcategory_data.subcategory_category_id == 1:
       ^^^^^^^^^^^^^^^^^^^^^^^^^^^^^^^^^^^^^^^^
AttributeError: 'NoneType' object has no attribute 'subcategory_category_id'
2025-03-26 18:04:17,392 - register_controller.py - FastCRUD -  insert_register_controller - ERROR - Error inserting register
Traceback (most recent call last):
  File "/home/prince/PycharmProjects/FastCRUD/base/api/controller/register/register_controller.py", line 30, in insert_register_controller
    register_dto.register_name)
    ^^^^^^^^^^^^^^^^^^^^^^^^^^
  File "/home/prince/.local/lib/python3.11/site-packages/pydantic/main.py", line 891, in __getattr__
    raise AttributeError(f'{type(self).__name__!r} object has no attribute {item!r}')
AttributeError: 'RegisterDTO' object has no attribute 'register_name'
2025-03-26 18:05:02,799 - register_service.py - FastCRUD -  insert_register_service - ERROR - Error inserting register
Traceback (most recent call last):
  File "/home/prince/PycharmProjects/FastCRUD/base/service/register/register_service.py", line 21, in insert_register_service
    login_vo.login_username = register_dao_data.login_username
                              ^^^^^^^^^^^^^^^^^^^^^^^^^^^^^^^^
  File "/home/prince/.local/lib/python3.11/site-packages/pydantic/main.py", line 891, in __getattr__
    raise AttributeError(f'{type(self).__name__!r} object has no attribute {item!r}')
AttributeError: 'RegisterDTO' object has no attribute 'login_username'
2025-03-26 18:05:07,508 - register_service.py - FastCRUD -  insert_register_service - ERROR - Error inserting register
Traceback (most recent call last):
  File "/home/prince/PycharmProjects/FastCRUD/base/service/register/register_service.py", line 21, in insert_register_service
    login_vo.login_username = register_dao_data.login_username
                              ^^^^^^^^^^^^^^^^^^^^^^^^^^^^^^^^
  File "/home/prince/.local/lib/python3.11/site-packages/pydantic/main.py", line 891, in __getattr__
    raise AttributeError(f'{type(self).__name__!r} object has no attribute {item!r}')
AttributeError: 'RegisterDTO' object has no attribute 'login_username'
2025-03-26 18:05:07,668 - register_service.py - FastCRUD -  insert_register_service - ERROR - Error inserting register
Traceback (most recent call last):
  File "/home/prince/PycharmProjects/FastCRUD/base/service/register/register_service.py", line 21, in insert_register_service
    login_vo.login_username = register_dao_data.login_username
                              ^^^^^^^^^^^^^^^^^^^^^^^^^^^^^^^^
  File "/home/prince/.local/lib/python3.11/site-packages/pydantic/main.py", line 891, in __getattr__
    raise AttributeError(f'{type(self).__name__!r} object has no attribute {item!r}')
AttributeError: 'RegisterDTO' object has no attribute 'login_username'
2025-03-26 18:05:07,838 - register_service.py - FastCRUD -  insert_register_service - ERROR - Error inserting register
Traceback (most recent call last):
  File "/home/prince/PycharmProjects/FastCRUD/base/service/register/register_service.py", line 21, in insert_register_service
    login_vo.login_username = register_dao_data.login_username
                              ^^^^^^^^^^^^^^^^^^^^^^^^^^^^^^^^
  File "/home/prince/.local/lib/python3.11/site-packages/pydantic/main.py", line 891, in __getattr__
    raise AttributeError(f'{type(self).__name__!r} object has no attribute {item!r}')
AttributeError: 'RegisterDTO' object has no attribute 'login_username'
2025-03-26 18:05:15,437 - register_service.py - FastCRUD -  insert_register_service - ERROR - Error inserting register
Traceback (most recent call last):
  File "/home/prince/PycharmProjects/FastCRUD/base/service/register/register_service.py", line 21, in insert_register_service
    login_vo.login_username = register_dao_data.login_username
                              ^^^^^^^^^^^^^^^^^^^^^^^^^^^^^^^^
  File "/home/prince/.local/lib/python3.11/site-packages/pydantic/main.py", line 891, in __getattr__
    raise AttributeError(f'{type(self).__name__!r} object has no attribute {item!r}')
AttributeError: 'RegisterDTO' object has no attribute 'login_username'
2025-03-27 10:47:16,421 - product_service.py - FastCRUD -  update_product_service - ERROR - Error updating product: (pymysql.err.DataError) (1264, "Out of range value for column 'product_price' at row 1")
[SQL: UPDATE product_table SET product_category_id=%(product_category_id)s, product_subcategory_id=%(product_subcategory_id)s, product_name=%(product_name)s, product_price=%(product_price)s, product_image_name=%(product_image_name)s, product_image_path=%(product_image_path)s, product_quantity=%(product_quantity)s, modified_at=%(modified_at)s WHERE product_table.id = %(product_table_id)s]
[parameters: {'product_category_id': 12, 'product_subcategory_id': 12, 'product_name': 'prince', 'product_price': 8236382832648, 'product_image_name': 'AmazonBasisSafe.jpg', 'product_image_path': 'static/product_image/AmazonBasisSafe.jpg', 'product_quantity': 365873658, 'modified_at': 1743052636, 'product_table_id': 13}]
(Background on this error at: https://sqlalche.me/e/20/9h9h)
Traceback (most recent call last):
  File "/home/prince/.local/lib/python3.11/site-packages/sqlalchemy/engine/base.py", line 1964, in _exec_single_context
    self.dialect.do_execute(
  File "/home/prince/.local/lib/python3.11/site-packages/sqlalchemy/engine/default.py", line 942, in do_execute
    cursor.execute(statement, parameters)
  File "/home/prince/.local/lib/python3.11/site-packages/pymysql/cursors.py", line 153, in execute
    result = self._query(query)
             ^^^^^^^^^^^^^^^^^^
  File "/home/prince/.local/lib/python3.11/site-packages/pymysql/cursors.py", line 322, in _query
    conn.query(q)
  File "/home/prince/.local/lib/python3.11/site-packages/pymysql/connections.py", line 563, in query
    self._affected_rows = self._read_query_result(unbuffered=unbuffered)
                          ^^^^^^^^^^^^^^^^^^^^^^^^^^^^^^^^^^^^^^^^^^^^^^
  File "/home/prince/.local/lib/python3.11/site-packages/pymysql/connections.py", line 825, in _read_query_result
    result.read()
  File "/home/prince/.local/lib/python3.11/site-packages/pymysql/connections.py", line 1199, in read
    first_packet = self.connection._read_packet()
                   ^^^^^^^^^^^^^^^^^^^^^^^^^^^^^^
  File "/home/prince/.local/lib/python3.11/site-packages/pymysql/connections.py", line 775, in _read_packet
    packet.raise_for_error()
  File "/home/prince/.local/lib/python3.11/site-packages/pymysql/protocol.py", line 219, in raise_for_error
    err.raise_mysql_exception(self._data)
  File "/home/prince/.local/lib/python3.11/site-packages/pymysql/err.py", line 150, in raise_mysql_exception
    raise errorclass(errno, errval)
pymysql.err.DataError: (1264, "Out of range value for column 'product_price' at row 1")

The above exception was the direct cause of the following exception:

Traceback (most recent call last):
  File "/home/prince/PycharmProjects/FastCRUD/base/service/product/product_service.py", line 184, in update_product_service
    updated_product_data = ProductDAO.update_product_dao(
                           ^^^^^^^^^^^^^^^^^^^^^^^^^^^^^^
  File "/home/prince/PycharmProjects/FastCRUD/base/dao/product/product_dao.py", line 34, in update_product_dao
    product_data = MysqlCommonQuery.update_query(product)
                   ^^^^^^^^^^^^^^^^^^^^^^^^^^^^^^^^^^^^^^
  File "/home/prince/PycharmProjects/FastCRUD/base/client/mysql_common/mysql_common_query.py", line 56, in update_query
    session.flush()
  File "/home/prince/.local/lib/python3.11/site-packages/sqlalchemy/orm/session.py", line 4353, in flush
    self._flush(objects)
  File "/home/prince/.local/lib/python3.11/site-packages/sqlalchemy/orm/session.py", line 4488, in _flush
    with util.safe_reraise():
  File "/home/prince/.local/lib/python3.11/site-packages/sqlalchemy/util/langhelpers.py", line 146, in __exit__
    raise exc_value.with_traceback(exc_tb)
  File "/home/prince/.local/lib/python3.11/site-packages/sqlalchemy/orm/session.py", line 4449, in _flush
    flush_context.execute()
  File "/home/prince/.local/lib/python3.11/site-packages/sqlalchemy/orm/unitofwork.py", line 466, in execute
    rec.execute(self)
  File "/home/prince/.local/lib/python3.11/site-packages/sqlalchemy/orm/unitofwork.py", line 642, in execute
    util.preloaded.orm_persistence.save_obj(
  File "/home/prince/.local/lib/python3.11/site-packages/sqlalchemy/orm/persistence.py", line 85, in save_obj
    _emit_update_statements(
  File "/home/prince/.local/lib/python3.11/site-packages/sqlalchemy/orm/persistence.py", line 912, in _emit_update_statements
    c = connection.execute(
        ^^^^^^^^^^^^^^^^^^^
  File "/home/prince/.local/lib/python3.11/site-packages/sqlalchemy/engine/base.py", line 1416, in execute
    return meth(
           ^^^^^
  File "/home/prince/.local/lib/python3.11/site-packages/sqlalchemy/sql/elements.py", line 516, in _execute_on_connection
    return connection._execute_clauseelement(
           ^^^^^^^^^^^^^^^^^^^^^^^^^^^^^^^^^^
  File "/home/prince/.local/lib/python3.11/site-packages/sqlalchemy/engine/base.py", line 1638, in _execute_clauseelement
    ret = self._execute_context(
          ^^^^^^^^^^^^^^^^^^^^^^
  File "/home/prince/.local/lib/python3.11/site-packages/sqlalchemy/engine/base.py", line 1843, in _execute_context
    return self._exec_single_context(
           ^^^^^^^^^^^^^^^^^^^^^^^^^^
  File "/home/prince/.local/lib/python3.11/site-packages/sqlalchemy/engine/base.py", line 1983, in _exec_single_context
    self._handle_dbapi_exception(
  File "/home/prince/.local/lib/python3.11/site-packages/sqlalchemy/engine/base.py", line 2352, in _handle_dbapi_exception
    raise sqlalchemy_exception.with_traceback(exc_info[2]) from e
  File "/home/prince/.local/lib/python3.11/site-packages/sqlalchemy/engine/base.py", line 1964, in _exec_single_context
    self.dialect.do_execute(
  File "/home/prince/.local/lib/python3.11/site-packages/sqlalchemy/engine/default.py", line 942, in do_execute
    cursor.execute(statement, parameters)
  File "/home/prince/.local/lib/python3.11/site-packages/pymysql/cursors.py", line 153, in execute
    result = self._query(query)
             ^^^^^^^^^^^^^^^^^^
  File "/home/prince/.local/lib/python3.11/site-packages/pymysql/cursors.py", line 322, in _query
    conn.query(q)
  File "/home/prince/.local/lib/python3.11/site-packages/pymysql/connections.py", line 563, in query
    self._affected_rows = self._read_query_result(unbuffered=unbuffered)
                          ^^^^^^^^^^^^^^^^^^^^^^^^^^^^^^^^^^^^^^^^^^^^^^
  File "/home/prince/.local/lib/python3.11/site-packages/pymysql/connections.py", line 825, in _read_query_result
    result.read()
  File "/home/prince/.local/lib/python3.11/site-packages/pymysql/connections.py", line 1199, in read
    first_packet = self.connection._read_packet()
                   ^^^^^^^^^^^^^^^^^^^^^^^^^^^^^^
  File "/home/prince/.local/lib/python3.11/site-packages/pymysql/connections.py", line 775, in _read_packet
    packet.raise_for_error()
  File "/home/prince/.local/lib/python3.11/site-packages/pymysql/protocol.py", line 219, in raise_for_error
    err.raise_mysql_exception(self._data)
  File "/home/prince/.local/lib/python3.11/site-packages/pymysql/err.py", line 150, in raise_mysql_exception
    raise errorclass(errno, errval)
sqlalchemy.exc.DataError: (pymysql.err.DataError) (1264, "Out of range value for column 'product_price' at row 1")
[SQL: UPDATE product_table SET product_category_id=%(product_category_id)s, product_subcategory_id=%(product_subcategory_id)s, product_name=%(product_name)s, product_price=%(product_price)s, product_image_name=%(product_image_name)s, product_image_path=%(product_image_path)s, product_quantity=%(product_quantity)s, modified_at=%(modified_at)s WHERE product_table.id = %(product_table_id)s]
[parameters: {'product_category_id': 12, 'product_subcategory_id': 12, 'product_name': 'prince', 'product_price': 8236382832648, 'product_image_name': 'AmazonBasisSafe.jpg', 'product_image_path': 'static/product_image/AmazonBasisSafe.jpg', 'product_quantity': 365873658, 'modified_at': 1743052636, 'product_table_id': 13}]
(Background on this error at: https://sqlalche.me/e/20/9h9h)
2025-03-27 10:48:20,664 - product_service.py - FastCRUD -  update_product_service - ERROR - Error updating product: (pymysql.err.IntegrityError) (1062, "Duplicate entry 'prince' for key 'product_table.ix_product_table_product_name'")
[SQL: UPDATE product_table SET product_category_id=%(product_category_id)s, product_subcategory_id=%(product_subcategory_id)s, product_name=%(product_name)s, product_price=%(product_price)s, product_image_name=%(product_image_name)s, product_image_path=%(product_image_path)s, product_quantity=%(product_quantity)s, modified_at=%(modified_at)s WHERE product_table.id = %(product_table_id)s]
[parameters: {'product_category_id': 12, 'product_subcategory_id': 12, 'product_name': 'prince', 'product_price': 823, 'product_image_name': 'AmazonBasisSafe.jpg', 'product_image_path': 'static/product_image/AmazonBasisSafe.jpg', 'product_quantity': 211, 'modified_at': 1743052700, 'product_table_id': 13}]
(Background on this error at: https://sqlalche.me/e/20/gkpj)
Traceback (most recent call last):
  File "/home/prince/.local/lib/python3.11/site-packages/sqlalchemy/engine/base.py", line 1964, in _exec_single_context
    self.dialect.do_execute(
  File "/home/prince/.local/lib/python3.11/site-packages/sqlalchemy/engine/default.py", line 942, in do_execute
    cursor.execute(statement, parameters)
  File "/home/prince/.local/lib/python3.11/site-packages/pymysql/cursors.py", line 153, in execute
    result = self._query(query)
             ^^^^^^^^^^^^^^^^^^
  File "/home/prince/.local/lib/python3.11/site-packages/pymysql/cursors.py", line 322, in _query
    conn.query(q)
  File "/home/prince/.local/lib/python3.11/site-packages/pymysql/connections.py", line 563, in query
    self._affected_rows = self._read_query_result(unbuffered=unbuffered)
                          ^^^^^^^^^^^^^^^^^^^^^^^^^^^^^^^^^^^^^^^^^^^^^^
  File "/home/prince/.local/lib/python3.11/site-packages/pymysql/connections.py", line 825, in _read_query_result
    result.read()
  File "/home/prince/.local/lib/python3.11/site-packages/pymysql/connections.py", line 1199, in read
    first_packet = self.connection._read_packet()
                   ^^^^^^^^^^^^^^^^^^^^^^^^^^^^^^
  File "/home/prince/.local/lib/python3.11/site-packages/pymysql/connections.py", line 775, in _read_packet
    packet.raise_for_error()
  File "/home/prince/.local/lib/python3.11/site-packages/pymysql/protocol.py", line 219, in raise_for_error
    err.raise_mysql_exception(self._data)
  File "/home/prince/.local/lib/python3.11/site-packages/pymysql/err.py", line 150, in raise_mysql_exception
    raise errorclass(errno, errval)
pymysql.err.IntegrityError: (1062, "Duplicate entry 'prince' for key 'product_table.ix_product_table_product_name'")

The above exception was the direct cause of the following exception:

Traceback (most recent call last):
  File "/home/prince/PycharmProjects/FastCRUD/base/service/product/product_service.py", line 184, in update_product_service
    updated_product_data = ProductDAO.update_product_dao(
                           ^^^^^^^^^^^^^^^^^^^^^^^^^^^^^^
  File "/home/prince/PycharmProjects/FastCRUD/base/dao/product/product_dao.py", line 34, in update_product_dao
    product_data = MysqlCommonQuery.update_query(product)
                   ^^^^^^^^^^^^^^^^^^^^^^^^^^^^^^^^^^^^^^
  File "/home/prince/PycharmProjects/FastCRUD/base/client/mysql_common/mysql_common_query.py", line 56, in update_query
    session.flush()
  File "/home/prince/.local/lib/python3.11/site-packages/sqlalchemy/orm/session.py", line 4353, in flush
    self._flush(objects)
  File "/home/prince/.local/lib/python3.11/site-packages/sqlalchemy/orm/session.py", line 4488, in _flush
    with util.safe_reraise():
  File "/home/prince/.local/lib/python3.11/site-packages/sqlalchemy/util/langhelpers.py", line 146, in __exit__
    raise exc_value.with_traceback(exc_tb)
  File "/home/prince/.local/lib/python3.11/site-packages/sqlalchemy/orm/session.py", line 4449, in _flush
    flush_context.execute()
  File "/home/prince/.local/lib/python3.11/site-packages/sqlalchemy/orm/unitofwork.py", line 466, in execute
    rec.execute(self)
  File "/home/prince/.local/lib/python3.11/site-packages/sqlalchemy/orm/unitofwork.py", line 642, in execute
    util.preloaded.orm_persistence.save_obj(
  File "/home/prince/.local/lib/python3.11/site-packages/sqlalchemy/orm/persistence.py", line 85, in save_obj
    _emit_update_statements(
  File "/home/prince/.local/lib/python3.11/site-packages/sqlalchemy/orm/persistence.py", line 912, in _emit_update_statements
    c = connection.execute(
        ^^^^^^^^^^^^^^^^^^^
  File "/home/prince/.local/lib/python3.11/site-packages/sqlalchemy/engine/base.py", line 1416, in execute
    return meth(
           ^^^^^
  File "/home/prince/.local/lib/python3.11/site-packages/sqlalchemy/sql/elements.py", line 516, in _execute_on_connection
    return connection._execute_clauseelement(
           ^^^^^^^^^^^^^^^^^^^^^^^^^^^^^^^^^^
  File "/home/prince/.local/lib/python3.11/site-packages/sqlalchemy/engine/base.py", line 1638, in _execute_clauseelement
    ret = self._execute_context(
          ^^^^^^^^^^^^^^^^^^^^^^
  File "/home/prince/.local/lib/python3.11/site-packages/sqlalchemy/engine/base.py", line 1843, in _execute_context
    return self._exec_single_context(
           ^^^^^^^^^^^^^^^^^^^^^^^^^^
  File "/home/prince/.local/lib/python3.11/site-packages/sqlalchemy/engine/base.py", line 1983, in _exec_single_context
    self._handle_dbapi_exception(
  File "/home/prince/.local/lib/python3.11/site-packages/sqlalchemy/engine/base.py", line 2352, in _handle_dbapi_exception
    raise sqlalchemy_exception.with_traceback(exc_info[2]) from e
  File "/home/prince/.local/lib/python3.11/site-packages/sqlalchemy/engine/base.py", line 1964, in _exec_single_context
    self.dialect.do_execute(
  File "/home/prince/.local/lib/python3.11/site-packages/sqlalchemy/engine/default.py", line 942, in do_execute
    cursor.execute(statement, parameters)
  File "/home/prince/.local/lib/python3.11/site-packages/pymysql/cursors.py", line 153, in execute
    result = self._query(query)
             ^^^^^^^^^^^^^^^^^^
  File "/home/prince/.local/lib/python3.11/site-packages/pymysql/cursors.py", line 322, in _query
    conn.query(q)
  File "/home/prince/.local/lib/python3.11/site-packages/pymysql/connections.py", line 563, in query
    self._affected_rows = self._read_query_result(unbuffered=unbuffered)
                          ^^^^^^^^^^^^^^^^^^^^^^^^^^^^^^^^^^^^^^^^^^^^^^
  File "/home/prince/.local/lib/python3.11/site-packages/pymysql/connections.py", line 825, in _read_query_result
    result.read()
  File "/home/prince/.local/lib/python3.11/site-packages/pymysql/connections.py", line 1199, in read
    first_packet = self.connection._read_packet()
                   ^^^^^^^^^^^^^^^^^^^^^^^^^^^^^^
  File "/home/prince/.local/lib/python3.11/site-packages/pymysql/connections.py", line 775, in _read_packet
    packet.raise_for_error()
  File "/home/prince/.local/lib/python3.11/site-packages/pymysql/protocol.py", line 219, in raise_for_error
    err.raise_mysql_exception(self._data)
  File "/home/prince/.local/lib/python3.11/site-packages/pymysql/err.py", line 150, in raise_mysql_exception
    raise errorclass(errno, errval)
sqlalchemy.exc.IntegrityError: (pymysql.err.IntegrityError) (1062, "Duplicate entry 'prince' for key 'product_table.ix_product_table_product_name'")
[SQL: UPDATE product_table SET product_category_id=%(product_category_id)s, product_subcategory_id=%(product_subcategory_id)s, product_name=%(product_name)s, product_price=%(product_price)s, product_image_name=%(product_image_name)s, product_image_path=%(product_image_path)s, product_quantity=%(product_quantity)s, modified_at=%(modified_at)s WHERE product_table.id = %(product_table_id)s]
[parameters: {'product_category_id': 12, 'product_subcategory_id': 12, 'product_name': 'prince', 'product_price': 823, 'product_image_name': 'AmazonBasisSafe.jpg', 'product_image_path': 'static/product_image/AmazonBasisSafe.jpg', 'product_quantity': 211, 'modified_at': 1743052700, 'product_table_id': 13}]
(Background on this error at: https://sqlalche.me/e/20/gkpj)
2025-03-27 10:59:40,573 - product_service.py - FastCRUD -  update_product_service - INFO - Attempt to update product with deleted or non-existent category ID: 1

2025-03-27 10:59:54,726 - product_service.py - FastCRUD -  update_product_service - ERROR - Error updating product: 'NoneType' object has no attribute 'subcategory_category_id'
Traceback (most recent call last):
  File "/home/prince/PycharmProjects/FastCRUD/base/service/product/product_service.py", line 147, in update_product_service
    subcategory = SubcategoryDAO.get_subcategory_by_id_dao(
                  ^^^^^^^^^^^^^^^^^^^^^^^^^^^^^^^^^^^^^^^^^
  File "/home/prince/PycharmProjects/FastCRUD/base/dao/subcategory/subcategory_dao.py", line 28, in get_subcategory_by_id_dao
    if subcategory_data.subcategory_category_id == 1:
       ^^^^^^^^^^^^^^^^^^^^^^^^^^^^^^^^^^^^^^^^
AttributeError: 'NoneType' object has no attribute 'subcategory_category_id'
2025-03-27 11:03:09,808 - product_service.py - FastCRUD -  insert_product_service - ERROR - Error inserting product
Traceback (most recent call last):
  File "/home/prince/PycharmProjects/FastCRUD/base/service/product/product_service.py", line 44, in insert_product_service
    image_name, image_path =ProductImageUploader.save_image(
    ^^^^^^^^^^^^^^^^^^^^^^
TypeError: cannot unpack non-iterable coroutine object
2025-03-27 11:13:15,585 - subcategory_service.py - FastCRUD -  insert_subcategory_service - ERROR - Error inserting subcategory
Traceback (most recent call last):
  File "/home/prince/.local/lib/python3.11/site-packages/sqlalchemy/engine/base.py", line 1964, in _exec_single_context
    self.dialect.do_execute(
  File "/home/prince/.local/lib/python3.11/site-packages/sqlalchemy/engine/default.py", line 942, in do_execute
    cursor.execute(statement, parameters)
  File "/home/prince/.local/lib/python3.11/site-packages/pymysql/cursors.py", line 153, in execute
    result = self._query(query)
             ^^^^^^^^^^^^^^^^^^
  File "/home/prince/.local/lib/python3.11/site-packages/pymysql/cursors.py", line 322, in _query
    conn.query(q)
  File "/home/prince/.local/lib/python3.11/site-packages/pymysql/connections.py", line 563, in query
    self._affected_rows = self._read_query_result(unbuffered=unbuffered)
                          ^^^^^^^^^^^^^^^^^^^^^^^^^^^^^^^^^^^^^^^^^^^^^^
  File "/home/prince/.local/lib/python3.11/site-packages/pymysql/connections.py", line 825, in _read_query_result
    result.read()
  File "/home/prince/.local/lib/python3.11/site-packages/pymysql/connections.py", line 1199, in read
    first_packet = self.connection._read_packet()
                   ^^^^^^^^^^^^^^^^^^^^^^^^^^^^^^
  File "/home/prince/.local/lib/python3.11/site-packages/pymysql/connections.py", line 775, in _read_packet
    packet.raise_for_error()
  File "/home/prince/.local/lib/python3.11/site-packages/pymysql/protocol.py", line 219, in raise_for_error
    err.raise_mysql_exception(self._data)
  File "/home/prince/.local/lib/python3.11/site-packages/pymysql/err.py", line 150, in raise_mysql_exception
    raise errorclass(errno, errval)
pymysql.err.IntegrityError: (1062, "Duplicate entry 'Laptops' for key 'subcategory_table.ix_subcategory_table_subcategory_name'")

The above exception was the direct cause of the following exception:

Traceback (most recent call last):
  File "/home/prince/PycharmProjects/FastCRUD/base/service/subcategory/subcategory_service.py", line 42, in insert_subcategory_service
    subcategory_insert_data = SubcategoryDAO.insert_subcategory_dao(
                              ^^^^^^^^^^^^^^^^^^^^^^^^^^^^^^^^^^^^^^
  File "/home/prince/PycharmProjects/FastCRUD/base/dao/subcategory/subcategory_dao.py", line 9, in insert_subcategory_dao
    subcategory_data = MysqlCommonQuery.insert_query(subcategory_vo)
                       ^^^^^^^^^^^^^^^^^^^^^^^^^^^^^^^^^^^^^^^^^^^^^
  File "/home/prince/PycharmProjects/FastCRUD/base/client/mysql_common/mysql_common_query.py", line 15, in insert_query
    session.commit()
  File "/home/prince/.local/lib/python3.11/site-packages/sqlalchemy/orm/session.py", line 2032, in commit
    trans.commit(_to_root=True)
  File "<string>", line 2, in commit
  File "/home/prince/.local/lib/python3.11/site-packages/sqlalchemy/orm/state_changes.py", line 139, in _go
    ret_value = fn(self, *arg, **kw)
                ^^^^^^^^^^^^^^^^^^^^
  File "/home/prince/.local/lib/python3.11/site-packages/sqlalchemy/orm/session.py", line 1313, in commit
    self._prepare_impl()
  File "<string>", line 2, in _prepare_impl
  File "/home/prince/.local/lib/python3.11/site-packages/sqlalchemy/orm/state_changes.py", line 139, in _go
    ret_value = fn(self, *arg, **kw)
                ^^^^^^^^^^^^^^^^^^^^
  File "/home/prince/.local/lib/python3.11/site-packages/sqlalchemy/orm/session.py", line 1288, in _prepare_impl
    self.session.flush()
  File "/home/prince/.local/lib/python3.11/site-packages/sqlalchemy/orm/session.py", line 4353, in flush
    self._flush(objects)
  File "/home/prince/.local/lib/python3.11/site-packages/sqlalchemy/orm/session.py", line 4488, in _flush
    with util.safe_reraise():
  File "/home/prince/.local/lib/python3.11/site-packages/sqlalchemy/util/langhelpers.py", line 146, in __exit__
    raise exc_value.with_traceback(exc_tb)
  File "/home/prince/.local/lib/python3.11/site-packages/sqlalchemy/orm/session.py", line 4449, in _flush
    flush_context.execute()
  File "/home/prince/.local/lib/python3.11/site-packages/sqlalchemy/orm/unitofwork.py", line 466, in execute
    rec.execute(self)
  File "/home/prince/.local/lib/python3.11/site-packages/sqlalchemy/orm/unitofwork.py", line 642, in execute
    util.preloaded.orm_persistence.save_obj(
  File "/home/prince/.local/lib/python3.11/site-packages/sqlalchemy/orm/persistence.py", line 93, in save_obj
    _emit_insert_statements(
  File "/home/prince/.local/lib/python3.11/site-packages/sqlalchemy/orm/persistence.py", line 1233, in _emit_insert_statements
    result = connection.execute(
             ^^^^^^^^^^^^^^^^^^^
  File "/home/prince/.local/lib/python3.11/site-packages/sqlalchemy/engine/base.py", line 1416, in execute
    return meth(
           ^^^^^
  File "/home/prince/.local/lib/python3.11/site-packages/sqlalchemy/sql/elements.py", line 516, in _execute_on_connection
    return connection._execute_clauseelement(
           ^^^^^^^^^^^^^^^^^^^^^^^^^^^^^^^^^^
  File "/home/prince/.local/lib/python3.11/site-packages/sqlalchemy/engine/base.py", line 1638, in _execute_clauseelement
    ret = self._execute_context(
          ^^^^^^^^^^^^^^^^^^^^^^
  File "/home/prince/.local/lib/python3.11/site-packages/sqlalchemy/engine/base.py", line 1843, in _execute_context
    return self._exec_single_context(
           ^^^^^^^^^^^^^^^^^^^^^^^^^^
  File "/home/prince/.local/lib/python3.11/site-packages/sqlalchemy/engine/base.py", line 1983, in _exec_single_context
    self._handle_dbapi_exception(
  File "/home/prince/.local/lib/python3.11/site-packages/sqlalchemy/engine/base.py", line 2352, in _handle_dbapi_exception
    raise sqlalchemy_exception.with_traceback(exc_info[2]) from e
  File "/home/prince/.local/lib/python3.11/site-packages/sqlalchemy/engine/base.py", line 1964, in _exec_single_context
    self.dialect.do_execute(
  File "/home/prince/.local/lib/python3.11/site-packages/sqlalchemy/engine/default.py", line 942, in do_execute
    cursor.execute(statement, parameters)
  File "/home/prince/.local/lib/python3.11/site-packages/pymysql/cursors.py", line 153, in execute
    result = self._query(query)
             ^^^^^^^^^^^^^^^^^^
  File "/home/prince/.local/lib/python3.11/site-packages/pymysql/cursors.py", line 322, in _query
    conn.query(q)
  File "/home/prince/.local/lib/python3.11/site-packages/pymysql/connections.py", line 563, in query
    self._affected_rows = self._read_query_result(unbuffered=unbuffered)
                          ^^^^^^^^^^^^^^^^^^^^^^^^^^^^^^^^^^^^^^^^^^^^^^
  File "/home/prince/.local/lib/python3.11/site-packages/pymysql/connections.py", line 825, in _read_query_result
    result.read()
  File "/home/prince/.local/lib/python3.11/site-packages/pymysql/connections.py", line 1199, in read
    first_packet = self.connection._read_packet()
                   ^^^^^^^^^^^^^^^^^^^^^^^^^^^^^^
  File "/home/prince/.local/lib/python3.11/site-packages/pymysql/connections.py", line 775, in _read_packet
    packet.raise_for_error()
  File "/home/prince/.local/lib/python3.11/site-packages/pymysql/protocol.py", line 219, in raise_for_error
    err.raise_mysql_exception(self._data)
  File "/home/prince/.local/lib/python3.11/site-packages/pymysql/err.py", line 150, in raise_mysql_exception
    raise errorclass(errno, errval)
sqlalchemy.exc.IntegrityError: (pymysql.err.IntegrityError) (1062, "Duplicate entry 'Laptops' for key 'subcategory_table.ix_subcategory_table_subcategory_name'")
[SQL: INSERT INTO subcategory_table (subcategory_category_id, subcategory_name, subcategory_description, is_deleted, created_at, modified_at) VALUES (%(subcategory_category_id)s, %(subcategory_name)s, %(subcategory_description)s, %(is_deleted)s, %(created_at)s, %(modified_at)s)]
[parameters: {'subcategory_category_id': 14, 'subcategory_name': 'Laptops', 'subcategory_description': 'conic high-top sneakers known for their comfort and street-style appeal.', 'is_deleted': 0, 'created_at': 1743054195, 'modified_at': 1743054195}]
(Background on this error at: https://sqlalche.me/e/20/gkpj)
2025-03-27 11:13:26,746 - subcategory_service.py - FastCRUD -  insert_subcategory_service - INFO - Subcategory inserted successfully: Gadgets

2025-03-27 11:17:36,863 - subcategory_service.py - FastCRUD -  insert_subcategory_service - INFO - Subcategory inserted successfully: Gadgetss

2025-03-27 11:49:59,127 - subcategory_service.py - FastCRUD -  insert_subcategory_service - INFO - Subcategory inserted successfully: Gadgetss

2025-03-27 11:51:37,041 - subcategory_service.py - FastCRUD -  insert_subcategory_service - INFO - Subcategory inserted successfully: Laptops

2025-03-27 11:51:58,192 - subcategory_service.py - FastCRUD -  insert_subcategory_service - WARNING - Attempt to insert subcategory with deleted category ID: 6

2025-03-27 11:52:05,217 - subcategory_service.py - FastCRUD -  insert_subcategory_service - INFO - Subcategory inserted successfully: Kitchen Appliances

2025-03-27 11:52:11,279 - subcategory_service.py - FastCRUD -  insert_subcategory_service - WARNING - Attempt to insert subcategory with deleted category ID: 5

2025-03-27 11:52:36,033 - subcategory_service.py - FastCRUD -  insert_subcategory_service - ERROR - Error inserting subcategory
Traceback (most recent call last):
  File "/home/prince/.local/lib/python3.11/site-packages/sqlalchemy/engine/base.py", line 1964, in _exec_single_context
    self.dialect.do_execute(
  File "/home/prince/.local/lib/python3.11/site-packages/sqlalchemy/engine/default.py", line 942, in do_execute
    cursor.execute(statement, parameters)
  File "/home/prince/.local/lib/python3.11/site-packages/pymysql/cursors.py", line 153, in execute
    result = self._query(query)
             ^^^^^^^^^^^^^^^^^^
  File "/home/prince/.local/lib/python3.11/site-packages/pymysql/cursors.py", line 322, in _query
    conn.query(q)
  File "/home/prince/.local/lib/python3.11/site-packages/pymysql/connections.py", line 563, in query
    self._affected_rows = self._read_query_result(unbuffered=unbuffered)
                          ^^^^^^^^^^^^^^^^^^^^^^^^^^^^^^^^^^^^^^^^^^^^^^
  File "/home/prince/.local/lib/python3.11/site-packages/pymysql/connections.py", line 825, in _read_query_result
    result.read()
  File "/home/prince/.local/lib/python3.11/site-packages/pymysql/connections.py", line 1199, in read
    first_packet = self.connection._read_packet()
                   ^^^^^^^^^^^^^^^^^^^^^^^^^^^^^^
  File "/home/prince/.local/lib/python3.11/site-packages/pymysql/connections.py", line 775, in _read_packet
    packet.raise_for_error()
  File "/home/prince/.local/lib/python3.11/site-packages/pymysql/protocol.py", line 219, in raise_for_error
    err.raise_mysql_exception(self._data)
  File "/home/prince/.local/lib/python3.11/site-packages/pymysql/err.py", line 150, in raise_mysql_exception
    raise errorclass(errno, errval)
pymysql.err.IntegrityError: (1062, "Duplicate entry 'Laptops' for key 'subcategory_table.ix_subcategory_table_subcategory_name'")

The above exception was the direct cause of the following exception:

Traceback (most recent call last):
  File "/home/prince/PycharmProjects/FastCRUD/base/service/subcategory/subcategory_service.py", line 42, in insert_subcategory_service
    subcategory_insert_data = SubcategoryDAO.insert_subcategory_dao(
                              ^^^^^^^^^^^^^^^^^^^^^^^^^^^^^^^^^^^^^^
  File "/home/prince/PycharmProjects/FastCRUD/base/dao/subcategory/subcategory_dao.py", line 9, in insert_subcategory_dao
    subcategory_data = MysqlCommonQuery.insert_query(subcategory_vo)
                       ^^^^^^^^^^^^^^^^^^^^^^^^^^^^^^^^^^^^^^^^^^^^^
  File "/home/prince/PycharmProjects/FastCRUD/base/client/mysql_common/mysql_common_query.py", line 15, in insert_query
    session.commit()
  File "/home/prince/.local/lib/python3.11/site-packages/sqlalchemy/orm/session.py", line 2032, in commit
    trans.commit(_to_root=True)
  File "<string>", line 2, in commit
  File "/home/prince/.local/lib/python3.11/site-packages/sqlalchemy/orm/state_changes.py", line 139, in _go
    ret_value = fn(self, *arg, **kw)
                ^^^^^^^^^^^^^^^^^^^^
  File "/home/prince/.local/lib/python3.11/site-packages/sqlalchemy/orm/session.py", line 1313, in commit
    self._prepare_impl()
  File "<string>", line 2, in _prepare_impl
  File "/home/prince/.local/lib/python3.11/site-packages/sqlalchemy/orm/state_changes.py", line 139, in _go
    ret_value = fn(self, *arg, **kw)
                ^^^^^^^^^^^^^^^^^^^^
  File "/home/prince/.local/lib/python3.11/site-packages/sqlalchemy/orm/session.py", line 1288, in _prepare_impl
    self.session.flush()
  File "/home/prince/.local/lib/python3.11/site-packages/sqlalchemy/orm/session.py", line 4353, in flush
    self._flush(objects)
  File "/home/prince/.local/lib/python3.11/site-packages/sqlalchemy/orm/session.py", line 4488, in _flush
    with util.safe_reraise():
  File "/home/prince/.local/lib/python3.11/site-packages/sqlalchemy/util/langhelpers.py", line 146, in __exit__
    raise exc_value.with_traceback(exc_tb)
  File "/home/prince/.local/lib/python3.11/site-packages/sqlalchemy/orm/session.py", line 4449, in _flush
    flush_context.execute()
  File "/home/prince/.local/lib/python3.11/site-packages/sqlalchemy/orm/unitofwork.py", line 466, in execute
    rec.execute(self)
  File "/home/prince/.local/lib/python3.11/site-packages/sqlalchemy/orm/unitofwork.py", line 642, in execute
    util.preloaded.orm_persistence.save_obj(
  File "/home/prince/.local/lib/python3.11/site-packages/sqlalchemy/orm/persistence.py", line 93, in save_obj
    _emit_insert_statements(
  File "/home/prince/.local/lib/python3.11/site-packages/sqlalchemy/orm/persistence.py", line 1233, in _emit_insert_statements
    result = connection.execute(
             ^^^^^^^^^^^^^^^^^^^
  File "/home/prince/.local/lib/python3.11/site-packages/sqlalchemy/engine/base.py", line 1416, in execute
    return meth(
           ^^^^^
  File "/home/prince/.local/lib/python3.11/site-packages/sqlalchemy/sql/elements.py", line 516, in _execute_on_connection
    return connection._execute_clauseelement(
           ^^^^^^^^^^^^^^^^^^^^^^^^^^^^^^^^^^
  File "/home/prince/.local/lib/python3.11/site-packages/sqlalchemy/engine/base.py", line 1638, in _execute_clauseelement
    ret = self._execute_context(
          ^^^^^^^^^^^^^^^^^^^^^^
  File "/home/prince/.local/lib/python3.11/site-packages/sqlalchemy/engine/base.py", line 1843, in _execute_context
    return self._exec_single_context(
           ^^^^^^^^^^^^^^^^^^^^^^^^^^
  File "/home/prince/.local/lib/python3.11/site-packages/sqlalchemy/engine/base.py", line 1983, in _exec_single_context
    self._handle_dbapi_exception(
  File "/home/prince/.local/lib/python3.11/site-packages/sqlalchemy/engine/base.py", line 2352, in _handle_dbapi_exception
    raise sqlalchemy_exception.with_traceback(exc_info[2]) from e
  File "/home/prince/.local/lib/python3.11/site-packages/sqlalchemy/engine/base.py", line 1964, in _exec_single_context
    self.dialect.do_execute(
  File "/home/prince/.local/lib/python3.11/site-packages/sqlalchemy/engine/default.py", line 942, in do_execute
    cursor.execute(statement, parameters)
  File "/home/prince/.local/lib/python3.11/site-packages/pymysql/cursors.py", line 153, in execute
    result = self._query(query)
             ^^^^^^^^^^^^^^^^^^
  File "/home/prince/.local/lib/python3.11/site-packages/pymysql/cursors.py", line 322, in _query
    conn.query(q)
  File "/home/prince/.local/lib/python3.11/site-packages/pymysql/connections.py", line 563, in query
    self._affected_rows = self._read_query_result(unbuffered=unbuffered)
                          ^^^^^^^^^^^^^^^^^^^^^^^^^^^^^^^^^^^^^^^^^^^^^^
  File "/home/prince/.local/lib/python3.11/site-packages/pymysql/connections.py", line 825, in _read_query_result
    result.read()
  File "/home/prince/.local/lib/python3.11/site-packages/pymysql/connections.py", line 1199, in read
    first_packet = self.connection._read_packet()
                   ^^^^^^^^^^^^^^^^^^^^^^^^^^^^^^
  File "/home/prince/.local/lib/python3.11/site-packages/pymysql/connections.py", line 775, in _read_packet
    packet.raise_for_error()
  File "/home/prince/.local/lib/python3.11/site-packages/pymysql/protocol.py", line 219, in raise_for_error
    err.raise_mysql_exception(self._data)
  File "/home/prince/.local/lib/python3.11/site-packages/pymysql/err.py", line 150, in raise_mysql_exception
    raise errorclass(errno, errval)
sqlalchemy.exc.IntegrityError: (pymysql.err.IntegrityError) (1062, "Duplicate entry 'Laptops' for key 'subcategory_table.ix_subcategory_table_subcategory_name'")
[SQL: INSERT INTO subcategory_table (subcategory_category_id, subcategory_name, subcategory_description, is_deleted, created_at, modified_at) VALUES (%(subcategory_category_id)s, %(subcategory_name)s, %(subcategory_description)s, %(is_deleted)s, %(created_at)s, %(modified_at)s)]
[parameters: {'subcategory_category_id': 4, 'subcategory_name': 'Laptops', 'subcategory_description': 'A lightweight and powerful laptop with an Apple M2 chip, Retina display, and 18-hour battery life.', 'is_deleted': 0, 'created_at': 1743056556, 'modified_at': 1743056556}]
(Background on this error at: https://sqlalche.me/e/20/gkpj)
2025-03-27 11:53:00,291 - subcategory_service.py - FastCRUD -  insert_subcategory_service - INFO - Subcategory inserted successfully: Footwear

2025-03-27 11:53:19,980 - subcategory_service.py - FastCRUD -  insert_subcategory_service - ERROR - Error inserting subcategory
Traceback (most recent call last):
  File "/home/prince/.local/lib/python3.11/site-packages/sqlalchemy/engine/base.py", line 1964, in _exec_single_context
    self.dialect.do_execute(
  File "/home/prince/.local/lib/python3.11/site-packages/sqlalchemy/engine/default.py", line 942, in do_execute
    cursor.execute(statement, parameters)
  File "/home/prince/.local/lib/python3.11/site-packages/pymysql/cursors.py", line 153, in execute
    result = self._query(query)
             ^^^^^^^^^^^^^^^^^^
  File "/home/prince/.local/lib/python3.11/site-packages/pymysql/cursors.py", line 322, in _query
    conn.query(q)
  File "/home/prince/.local/lib/python3.11/site-packages/pymysql/connections.py", line 563, in query
    self._affected_rows = self._read_query_result(unbuffered=unbuffered)
                          ^^^^^^^^^^^^^^^^^^^^^^^^^^^^^^^^^^^^^^^^^^^^^^
  File "/home/prince/.local/lib/python3.11/site-packages/pymysql/connections.py", line 825, in _read_query_result
    result.read()
  File "/home/prince/.local/lib/python3.11/site-packages/pymysql/connections.py", line 1199, in read
    first_packet = self.connection._read_packet()
                   ^^^^^^^^^^^^^^^^^^^^^^^^^^^^^^
  File "/home/prince/.local/lib/python3.11/site-packages/pymysql/connections.py", line 775, in _read_packet
    packet.raise_for_error()
  File "/home/prince/.local/lib/python3.11/site-packages/pymysql/protocol.py", line 219, in raise_for_error
    err.raise_mysql_exception(self._data)
  File "/home/prince/.local/lib/python3.11/site-packages/pymysql/err.py", line 150, in raise_mysql_exception
    raise errorclass(errno, errval)
pymysql.err.IntegrityError: (1062, "Duplicate entry 'Kitchen Appliances' for key 'subcategory_table.ix_subcategory_table_subcategory_name'")

The above exception was the direct cause of the following exception:

Traceback (most recent call last):
  File "/home/prince/PycharmProjects/FastCRUD/base/service/subcategory/subcategory_service.py", line 42, in insert_subcategory_service
    subcategory_insert_data = SubcategoryDAO.insert_subcategory_dao(
                              ^^^^^^^^^^^^^^^^^^^^^^^^^^^^^^^^^^^^^^
  File "/home/prince/PycharmProjects/FastCRUD/base/dao/subcategory/subcategory_dao.py", line 9, in insert_subcategory_dao
    subcategory_data = MysqlCommonQuery.insert_query(subcategory_vo)
                       ^^^^^^^^^^^^^^^^^^^^^^^^^^^^^^^^^^^^^^^^^^^^^
  File "/home/prince/PycharmProjects/FastCRUD/base/client/mysql_common/mysql_common_query.py", line 15, in insert_query
    session.commit()
  File "/home/prince/.local/lib/python3.11/site-packages/sqlalchemy/orm/session.py", line 2032, in commit
    trans.commit(_to_root=True)
  File "<string>", line 2, in commit
  File "/home/prince/.local/lib/python3.11/site-packages/sqlalchemy/orm/state_changes.py", line 139, in _go
    ret_value = fn(self, *arg, **kw)
                ^^^^^^^^^^^^^^^^^^^^
  File "/home/prince/.local/lib/python3.11/site-packages/sqlalchemy/orm/session.py", line 1313, in commit
    self._prepare_impl()
  File "<string>", line 2, in _prepare_impl
  File "/home/prince/.local/lib/python3.11/site-packages/sqlalchemy/orm/state_changes.py", line 139, in _go
    ret_value = fn(self, *arg, **kw)
                ^^^^^^^^^^^^^^^^^^^^
  File "/home/prince/.local/lib/python3.11/site-packages/sqlalchemy/orm/session.py", line 1288, in _prepare_impl
    self.session.flush()
  File "/home/prince/.local/lib/python3.11/site-packages/sqlalchemy/orm/session.py", line 4353, in flush
    self._flush(objects)
  File "/home/prince/.local/lib/python3.11/site-packages/sqlalchemy/orm/session.py", line 4488, in _flush
    with util.safe_reraise():
  File "/home/prince/.local/lib/python3.11/site-packages/sqlalchemy/util/langhelpers.py", line 146, in __exit__
    raise exc_value.with_traceback(exc_tb)
  File "/home/prince/.local/lib/python3.11/site-packages/sqlalchemy/orm/session.py", line 4449, in _flush
    flush_context.execute()
  File "/home/prince/.local/lib/python3.11/site-packages/sqlalchemy/orm/unitofwork.py", line 466, in execute
    rec.execute(self)
  File "/home/prince/.local/lib/python3.11/site-packages/sqlalchemy/orm/unitofwork.py", line 642, in execute
    util.preloaded.orm_persistence.save_obj(
  File "/home/prince/.local/lib/python3.11/site-packages/sqlalchemy/orm/persistence.py", line 93, in save_obj
    _emit_insert_statements(
  File "/home/prince/.local/lib/python3.11/site-packages/sqlalchemy/orm/persistence.py", line 1233, in _emit_insert_statements
    result = connection.execute(
             ^^^^^^^^^^^^^^^^^^^
  File "/home/prince/.local/lib/python3.11/site-packages/sqlalchemy/engine/base.py", line 1416, in execute
    return meth(
           ^^^^^
  File "/home/prince/.local/lib/python3.11/site-packages/sqlalchemy/sql/elements.py", line 516, in _execute_on_connection
    return connection._execute_clauseelement(
           ^^^^^^^^^^^^^^^^^^^^^^^^^^^^^^^^^^
  File "/home/prince/.local/lib/python3.11/site-packages/sqlalchemy/engine/base.py", line 1638, in _execute_clauseelement
    ret = self._execute_context(
          ^^^^^^^^^^^^^^^^^^^^^^
  File "/home/prince/.local/lib/python3.11/site-packages/sqlalchemy/engine/base.py", line 1843, in _execute_context
    return self._exec_single_context(
           ^^^^^^^^^^^^^^^^^^^^^^^^^^
  File "/home/prince/.local/lib/python3.11/site-packages/sqlalchemy/engine/base.py", line 1983, in _exec_single_context
    self._handle_dbapi_exception(
  File "/home/prince/.local/lib/python3.11/site-packages/sqlalchemy/engine/base.py", line 2352, in _handle_dbapi_exception
    raise sqlalchemy_exception.with_traceback(exc_info[2]) from e
  File "/home/prince/.local/lib/python3.11/site-packages/sqlalchemy/engine/base.py", line 1964, in _exec_single_context
    self.dialect.do_execute(
  File "/home/prince/.local/lib/python3.11/site-packages/sqlalchemy/engine/default.py", line 942, in do_execute
    cursor.execute(statement, parameters)
  File "/home/prince/.local/lib/python3.11/site-packages/pymysql/cursors.py", line 153, in execute
    result = self._query(query)
             ^^^^^^^^^^^^^^^^^^
  File "/home/prince/.local/lib/python3.11/site-packages/pymysql/cursors.py", line 322, in _query
    conn.query(q)
  File "/home/prince/.local/lib/python3.11/site-packages/pymysql/connections.py", line 563, in query
    self._affected_rows = self._read_query_result(unbuffered=unbuffered)
                          ^^^^^^^^^^^^^^^^^^^^^^^^^^^^^^^^^^^^^^^^^^^^^^
  File "/home/prince/.local/lib/python3.11/site-packages/pymysql/connections.py", line 825, in _read_query_result
    result.read()
  File "/home/prince/.local/lib/python3.11/site-packages/pymysql/connections.py", line 1199, in read
    first_packet = self.connection._read_packet()
                   ^^^^^^^^^^^^^^^^^^^^^^^^^^^^^^
  File "/home/prince/.local/lib/python3.11/site-packages/pymysql/connections.py", line 775, in _read_packet
    packet.raise_for_error()
  File "/home/prince/.local/lib/python3.11/site-packages/pymysql/protocol.py", line 219, in raise_for_error
    err.raise_mysql_exception(self._data)
  File "/home/prince/.local/lib/python3.11/site-packages/pymysql/err.py", line 150, in raise_mysql_exception
    raise errorclass(errno, errval)
sqlalchemy.exc.IntegrityError: (pymysql.err.IntegrityError) (1062, "Duplicate entry 'Kitchen Appliances' for key 'subcategory_table.ix_subcategory_table_subcategory_name'")
[SQL: INSERT INTO subcategory_table (subcategory_category_id, subcategory_name, subcategory_description, is_deleted, created_at, modified_at) VALUES (%(subcategory_category_id)s, %(subcategory_name)s, %(subcategory_description)s, %(is_deleted)s, %(created_at)s, %(modified_at)s)]
[parameters: {'subcategory_category_id': 7, 'subcategory_name': 'Kitchen Appliances', 'subcategory_description': 'powerful air fryer with a 5.5-quart capacity and multiple cooking presets.', 'is_deleted': 0, 'created_at': 1743056599, 'modified_at': 1743056599}]
(Background on this error at: https://sqlalche.me/e/20/gkpj)
2025-03-27 11:53:37,395 - subcategory_service.py - FastCRUD -  insert_subcategory_service - WARNING - Attempt to insert subcategory with deleted category ID: 6

2025-03-27 11:53:54,179 - subcategory_service.py - FastCRUD -  insert_subcategory_service - INFO - Subcategory inserted successfully: Refrigerators

2025-03-27 11:53:58,154 - subcategory_service.py - FastCRUD -  insert_subcategory_service - WARNING - Attempt to insert subcategory with deleted category ID: 5

2025-03-27 11:54:10,415 - subcategory_service.py - FastCRUD -  insert_subcategory_service - INFO - Subcategory inserted successfully: Smartwatches

2025-03-27 11:57:34,730 - category_controller.py - FastCRUD -  view_category_controller - INFO - Response for verify_member is {'status_code': 202, 'success': True, 'message': 'Data fetched successfully', 'data': [<base.vo.category_vo.CategoryVO object at 0x7a4bfc3fd7d0>, <base.vo.category_vo.CategoryVO object at 0x7a4bfc7092d0>, <base.vo.category_vo.CategoryVO object at 0x7a4bfc3fd890>, <base.vo.category_vo.CategoryVO object at 0x7a4bfc3fd910>, <base.vo.category_vo.CategoryVO object at 0x7a4bfc3fd990>, <base.vo.category_vo.CategoryVO object at 0x7a4bfc3fda50>, <base.vo.category_vo.CategoryVO object at 0x7a4bfc3fdad0>]}

2025-03-27 11:59:18,876 - product_service.py - FastCRUD -  insert_product_service - ERROR - Error inserting product
Traceback (most recent call last):
  File "/home/prince/PycharmProjects/FastCRUD/base/service/product/product_service.py", line 29, in insert_product_service
    subcategory = SubcategoryDAO.get_subcategory_by_id_dao(
                  ^^^^^^^^^^^^^^^^^^^^^^^^^^^^^^^^^^^^^^^^^
  File "/home/prince/PycharmProjects/FastCRUD/base/dao/subcategory/subcategory_dao.py", line 28, in get_subcategory_by_id_dao
    if subcategory_data.subcategory_category_id == 1:
       ^^^^^^^^^^^^^^^^^^^^^^^^^^^^^^^^^^^^^^^^
AttributeError: 'NoneType' object has no attribute 'subcategory_category_id'
2025-03-27 11:59:44,654 - product_service.py - FastCRUD -  insert_product_service - ERROR - Error inserting product
Traceback (most recent call last):
  File "/home/prince/PycharmProjects/FastCRUD/base/service/product/product_service.py", line 28, in insert_product_service
    category =  CategoryDAO.get_category_by_id_dao(
               ^^^^^^^^^^^^^^^^^^^^^^^^^^^^^^^^^^^^^^^^^
TypeError: object CategoryVO can't be used in '' expression
2025-03-27 12:00:01,423 - product_service.py - FastCRUD -  insert_product_service - ERROR - Error inserting product
Traceback (most recent call last):
  File "/home/prince/PycharmProjects/FastCRUD/base/service/product/product_service.py", line 28, in insert_product_service
    category =  CategoryDAO.get_category_by_id_dao(product_category_id)
               ^^^^^^^^^^^^^^^^^^^^^^^^^^^^^^^^^^^^^^^^^^^^^^^^^^^^^^^^^^^^^
TypeError: object CategoryVO can't be used in '' expression
2025-03-27 12:01:22,290 - product_service.py - FastCRUD -  insert_product_service - ERROR - Error inserting product
Traceback (most recent call last):
  File "/home/prince/.local/lib/python3.11/site-packages/sqlalchemy/engine/base.py", line 1964, in _exec_single_context
    self.dialect.do_execute(
  File "/home/prince/.local/lib/python3.11/site-packages/sqlalchemy/engine/default.py", line 942, in do_execute
    cursor.execute(statement, parameters)
  File "/home/prince/.local/lib/python3.11/site-packages/pymysql/cursors.py", line 153, in execute
    result = self._query(query)
             ^^^^^^^^^^^^^^^^^^
  File "/home/prince/.local/lib/python3.11/site-packages/pymysql/cursors.py", line 322, in _query
    conn.query(q)
  File "/home/prince/.local/lib/python3.11/site-packages/pymysql/connections.py", line 563, in query
    self._affected_rows = self._read_query_result(unbuffered=unbuffered)
                          ^^^^^^^^^^^^^^^^^^^^^^^^^^^^^^^^^^^^^^^^^^^^^^
  File "/home/prince/.local/lib/python3.11/site-packages/pymysql/connections.py", line 825, in _read_query_result
    result.read()
  File "/home/prince/.local/lib/python3.11/site-packages/pymysql/connections.py", line 1199, in read
    first_packet = self.connection._read_packet()
                   ^^^^^^^^^^^^^^^^^^^^^^^^^^^^^^
  File "/home/prince/.local/lib/python3.11/site-packages/pymysql/connections.py", line 775, in _read_packet
    packet.raise_for_error()
  File "/home/prince/.local/lib/python3.11/site-packages/pymysql/protocol.py", line 219, in raise_for_error
    err.raise_mysql_exception(self._data)
  File "/home/prince/.local/lib/python3.11/site-packages/pymysql/err.py", line 150, in raise_mysql_exception
    raise errorclass(errno, errval)
pymysql.err.IntegrityError: (1062, "Duplicate entry 'Laptops' for key 'product_table.ix_product_table_product_name'")

The above exception was the direct cause of the following exception:

Traceback (most recent call last):
  File "/home/prince/PycharmProjects/FastCRUD/base/service/product/product_service.py", line 63, in insert_product_service
    product_insert_data = ProductDAO.insert_product_dao(product_vo)
                          ^^^^^^^^^^^^^^^^^^^^^^^^^^^^^^^^^^^^^^^^^
  File "/home/prince/PycharmProjects/FastCRUD/base/dao/product/product_dao.py", line 9, in insert_product_dao
    product_data = MysqlCommonQuery.insert_query(product_vo)
                   ^^^^^^^^^^^^^^^^^^^^^^^^^^^^^^^^^^^^^^^^^
  File "/home/prince/PycharmProjects/FastCRUD/base/client/mysql_common/mysql_common_query.py", line 15, in insert_query
    session.commit()
  File "/home/prince/.local/lib/python3.11/site-packages/sqlalchemy/orm/session.py", line 2032, in commit
    trans.commit(_to_root=True)
  File "<string>", line 2, in commit
  File "/home/prince/.local/lib/python3.11/site-packages/sqlalchemy/orm/state_changes.py", line 139, in _go
    ret_value = fn(self, *arg, **kw)
                ^^^^^^^^^^^^^^^^^^^^
  File "/home/prince/.local/lib/python3.11/site-packages/sqlalchemy/orm/session.py", line 1313, in commit
    self._prepare_impl()
  File "<string>", line 2, in _prepare_impl
  File "/home/prince/.local/lib/python3.11/site-packages/sqlalchemy/orm/state_changes.py", line 139, in _go
    ret_value = fn(self, *arg, **kw)
                ^^^^^^^^^^^^^^^^^^^^
  File "/home/prince/.local/lib/python3.11/site-packages/sqlalchemy/orm/session.py", line 1288, in _prepare_impl
    self.session.flush()
  File "/home/prince/.local/lib/python3.11/site-packages/sqlalchemy/orm/session.py", line 4353, in flush
    self._flush(objects)
  File "/home/prince/.local/lib/python3.11/site-packages/sqlalchemy/orm/session.py", line 4488, in _flush
    with util.safe_reraise():
  File "/home/prince/.local/lib/python3.11/site-packages/sqlalchemy/util/langhelpers.py", line 146, in __exit__
    raise exc_value.with_traceback(exc_tb)
  File "/home/prince/.local/lib/python3.11/site-packages/sqlalchemy/orm/session.py", line 4449, in _flush
    flush_context.execute()
  File "/home/prince/.local/lib/python3.11/site-packages/sqlalchemy/orm/unitofwork.py", line 466, in execute
    rec.execute(self)
  File "/home/prince/.local/lib/python3.11/site-packages/sqlalchemy/orm/unitofwork.py", line 642, in execute
    util.preloaded.orm_persistence.save_obj(
  File "/home/prince/.local/lib/python3.11/site-packages/sqlalchemy/orm/persistence.py", line 93, in save_obj
    _emit_insert_statements(
  File "/home/prince/.local/lib/python3.11/site-packages/sqlalchemy/orm/persistence.py", line 1233, in _emit_insert_statements
    result = connection.execute(
             ^^^^^^^^^^^^^^^^^^^
  File "/home/prince/.local/lib/python3.11/site-packages/sqlalchemy/engine/base.py", line 1416, in execute
    return meth(
           ^^^^^
  File "/home/prince/.local/lib/python3.11/site-packages/sqlalchemy/sql/elements.py", line 516, in _execute_on_connection
    return connection._execute_clauseelement(
           ^^^^^^^^^^^^^^^^^^^^^^^^^^^^^^^^^^
  File "/home/prince/.local/lib/python3.11/site-packages/sqlalchemy/engine/base.py", line 1638, in _execute_clauseelement
    ret = self._execute_context(
          ^^^^^^^^^^^^^^^^^^^^^^
  File "/home/prince/.local/lib/python3.11/site-packages/sqlalchemy/engine/base.py", line 1843, in _execute_context
    return self._exec_single_context(
           ^^^^^^^^^^^^^^^^^^^^^^^^^^
  File "/home/prince/.local/lib/python3.11/site-packages/sqlalchemy/engine/base.py", line 1983, in _exec_single_context
    self._handle_dbapi_exception(
  File "/home/prince/.local/lib/python3.11/site-packages/sqlalchemy/engine/base.py", line 2352, in _handle_dbapi_exception
    raise sqlalchemy_exception.with_traceback(exc_info[2]) from e
  File "/home/prince/.local/lib/python3.11/site-packages/sqlalchemy/engine/base.py", line 1964, in _exec_single_context
    self.dialect.do_execute(
  File "/home/prince/.local/lib/python3.11/site-packages/sqlalchemy/engine/default.py", line 942, in do_execute
    cursor.execute(statement, parameters)
  File "/home/prince/.local/lib/python3.11/site-packages/pymysql/cursors.py", line 153, in execute
    result = self._query(query)
             ^^^^^^^^^^^^^^^^^^
  File "/home/prince/.local/lib/python3.11/site-packages/pymysql/cursors.py", line 322, in _query
    conn.query(q)
  File "/home/prince/.local/lib/python3.11/site-packages/pymysql/connections.py", line 563, in query
    self._affected_rows = self._read_query_result(unbuffered=unbuffered)
                          ^^^^^^^^^^^^^^^^^^^^^^^^^^^^^^^^^^^^^^^^^^^^^^
  File "/home/prince/.local/lib/python3.11/site-packages/pymysql/connections.py", line 825, in _read_query_result
    result.read()
  File "/home/prince/.local/lib/python3.11/site-packages/pymysql/connections.py", line 1199, in read
    first_packet = self.connection._read_packet()
                   ^^^^^^^^^^^^^^^^^^^^^^^^^^^^^^
  File "/home/prince/.local/lib/python3.11/site-packages/pymysql/connections.py", line 775, in _read_packet
    packet.raise_for_error()
  File "/home/prince/.local/lib/python3.11/site-packages/pymysql/protocol.py", line 219, in raise_for_error
    err.raise_mysql_exception(self._data)
  File "/home/prince/.local/lib/python3.11/site-packages/pymysql/err.py", line 150, in raise_mysql_exception
    raise errorclass(errno, errval)
sqlalchemy.exc.IntegrityError: (pymysql.err.IntegrityError) (1062, "Duplicate entry 'Laptops' for key 'product_table.ix_product_table_product_name'")
[SQL: INSERT INTO product_table (product_category_id, product_subcategory_id, product_name, product_description, product_price, product_image_name, product_image_path, product_quantity, is_deleted, created_at, modified_at) VALUES (%(product_category_id)s, %(product_subcategory_id)s, %(product_name)s, %(product_description)s, %(product_price)s, %(product_image_name)s, %(product_image_path)s, %(product_quantity)s, %(is_deleted)s, %(created_at)s, %(modified_at)s)]
[parameters: {'product_category_id': 12, 'product_subcategory_id': 1, 'product_name': 'Laptops', 'product_description': 'conic high-top sneakers known for their comfort and street-style appeal.', 'product_price': 9999, 'product_image_name': 'pycharm.jpg', 'product_image_path': 'static/product_image/pycharm.jpg', 'product_quantity': 34, 'is_deleted': 0, 'created_at': 1743057082, 'modified_at': 1743057082}]
(Background on this error at: https://sqlalche.me/e/20/gkpj)
2025-03-27 12:02:19,620 - product_service.py - FastCRUD -  insert_product_service - ERROR - Error inserting product
Traceback (most recent call last):
  File "/home/prince/.local/lib/python3.11/site-packages/sqlalchemy/engine/base.py", line 1964, in _exec_single_context
    self.dialect.do_execute(
  File "/home/prince/.local/lib/python3.11/site-packages/sqlalchemy/engine/default.py", line 942, in do_execute
    cursor.execute(statement, parameters)
  File "/home/prince/.local/lib/python3.11/site-packages/pymysql/cursors.py", line 153, in execute
    result = self._query(query)
             ^^^^^^^^^^^^^^^^^^
  File "/home/prince/.local/lib/python3.11/site-packages/pymysql/cursors.py", line 322, in _query
    conn.query(q)
  File "/home/prince/.local/lib/python3.11/site-packages/pymysql/connections.py", line 563, in query
    self._affected_rows = self._read_query_result(unbuffered=unbuffered)
                          ^^^^^^^^^^^^^^^^^^^^^^^^^^^^^^^^^^^^^^^^^^^^^^
  File "/home/prince/.local/lib/python3.11/site-packages/pymysql/connections.py", line 825, in _read_query_result
    result.read()
  File "/home/prince/.local/lib/python3.11/site-packages/pymysql/connections.py", line 1199, in read
    first_packet = self.connection._read_packet()
                   ^^^^^^^^^^^^^^^^^^^^^^^^^^^^^^
  File "/home/prince/.local/lib/python3.11/site-packages/pymysql/connections.py", line 775, in _read_packet
    packet.raise_for_error()
  File "/home/prince/.local/lib/python3.11/site-packages/pymysql/protocol.py", line 219, in raise_for_error
    err.raise_mysql_exception(self._data)
  File "/home/prince/.local/lib/python3.11/site-packages/pymysql/err.py", line 150, in raise_mysql_exception
    raise errorclass(errno, errval)
pymysql.err.IntegrityError: (1062, "Duplicate entry 'Laptops' for key 'product_table.ix_product_table_product_name'")

The above exception was the direct cause of the following exception:

Traceback (most recent call last):
  File "/home/prince/PycharmProjects/FastCRUD/base/service/product/product_service.py", line 63, in insert_product_service
    product_insert_data = ProductDAO.insert_product_dao(product_vo)
                          ^^^^^^^^^^^^^^^^^^^^^^^^^^^^^^^^^^^^^^^^^
  File "/home/prince/PycharmProjects/FastCRUD/base/dao/product/product_dao.py", line 9, in insert_product_dao
    product_data = MysqlCommonQuery.insert_query(product_vo)
                   ^^^^^^^^^^^^^^^^^^^^^^^^^^^^^^^^^^^^^^^^^
  File "/home/prince/PycharmProjects/FastCRUD/base/client/mysql_common/mysql_common_query.py", line 15, in insert_query
    session.commit()
  File "/home/prince/.local/lib/python3.11/site-packages/sqlalchemy/orm/session.py", line 2032, in commit
    trans.commit(_to_root=True)
  File "<string>", line 2, in commit
  File "/home/prince/.local/lib/python3.11/site-packages/sqlalchemy/orm/state_changes.py", line 139, in _go
    ret_value = fn(self, *arg, **kw)
                ^^^^^^^^^^^^^^^^^^^^
  File "/home/prince/.local/lib/python3.11/site-packages/sqlalchemy/orm/session.py", line 1313, in commit
    self._prepare_impl()
  File "<string>", line 2, in _prepare_impl
  File "/home/prince/.local/lib/python3.11/site-packages/sqlalchemy/orm/state_changes.py", line 139, in _go
    ret_value = fn(self, *arg, **kw)
                ^^^^^^^^^^^^^^^^^^^^
  File "/home/prince/.local/lib/python3.11/site-packages/sqlalchemy/orm/session.py", line 1288, in _prepare_impl
    self.session.flush()
  File "/home/prince/.local/lib/python3.11/site-packages/sqlalchemy/orm/session.py", line 4353, in flush
    self._flush(objects)
  File "/home/prince/.local/lib/python3.11/site-packages/sqlalchemy/orm/session.py", line 4488, in _flush
    with util.safe_reraise():
  File "/home/prince/.local/lib/python3.11/site-packages/sqlalchemy/util/langhelpers.py", line 146, in __exit__
    raise exc_value.with_traceback(exc_tb)
  File "/home/prince/.local/lib/python3.11/site-packages/sqlalchemy/orm/session.py", line 4449, in _flush
    flush_context.execute()
  File "/home/prince/.local/lib/python3.11/site-packages/sqlalchemy/orm/unitofwork.py", line 466, in execute
    rec.execute(self)
  File "/home/prince/.local/lib/python3.11/site-packages/sqlalchemy/orm/unitofwork.py", line 642, in execute
    util.preloaded.orm_persistence.save_obj(
  File "/home/prince/.local/lib/python3.11/site-packages/sqlalchemy/orm/persistence.py", line 93, in save_obj
    _emit_insert_statements(
  File "/home/prince/.local/lib/python3.11/site-packages/sqlalchemy/orm/persistence.py", line 1233, in _emit_insert_statements
    result = connection.execute(
             ^^^^^^^^^^^^^^^^^^^
  File "/home/prince/.local/lib/python3.11/site-packages/sqlalchemy/engine/base.py", line 1416, in execute
    return meth(
           ^^^^^
  File "/home/prince/.local/lib/python3.11/site-packages/sqlalchemy/sql/elements.py", line 516, in _execute_on_connection
    return connection._execute_clauseelement(
           ^^^^^^^^^^^^^^^^^^^^^^^^^^^^^^^^^^
  File "/home/prince/.local/lib/python3.11/site-packages/sqlalchemy/engine/base.py", line 1638, in _execute_clauseelement
    ret = self._execute_context(
          ^^^^^^^^^^^^^^^^^^^^^^
  File "/home/prince/.local/lib/python3.11/site-packages/sqlalchemy/engine/base.py", line 1843, in _execute_context
    return self._exec_single_context(
           ^^^^^^^^^^^^^^^^^^^^^^^^^^
  File "/home/prince/.local/lib/python3.11/site-packages/sqlalchemy/engine/base.py", line 1983, in _exec_single_context
    self._handle_dbapi_exception(
  File "/home/prince/.local/lib/python3.11/site-packages/sqlalchemy/engine/base.py", line 2352, in _handle_dbapi_exception
    raise sqlalchemy_exception.with_traceback(exc_info[2]) from e
  File "/home/prince/.local/lib/python3.11/site-packages/sqlalchemy/engine/base.py", line 1964, in _exec_single_context
    self.dialect.do_execute(
  File "/home/prince/.local/lib/python3.11/site-packages/sqlalchemy/engine/default.py", line 942, in do_execute
    cursor.execute(statement, parameters)
  File "/home/prince/.local/lib/python3.11/site-packages/pymysql/cursors.py", line 153, in execute
    result = self._query(query)
             ^^^^^^^^^^^^^^^^^^
  File "/home/prince/.local/lib/python3.11/site-packages/pymysql/cursors.py", line 322, in _query
    conn.query(q)
  File "/home/prince/.local/lib/python3.11/site-packages/pymysql/connections.py", line 563, in query
    self._affected_rows = self._read_query_result(unbuffered=unbuffered)
                          ^^^^^^^^^^^^^^^^^^^^^^^^^^^^^^^^^^^^^^^^^^^^^^
  File "/home/prince/.local/lib/python3.11/site-packages/pymysql/connections.py", line 825, in _read_query_result
    result.read()
  File "/home/prince/.local/lib/python3.11/site-packages/pymysql/connections.py", line 1199, in read
    first_packet = self.connection._read_packet()
                   ^^^^^^^^^^^^^^^^^^^^^^^^^^^^^^
  File "/home/prince/.local/lib/python3.11/site-packages/pymysql/connections.py", line 775, in _read_packet
    packet.raise_for_error()
  File "/home/prince/.local/lib/python3.11/site-packages/pymysql/protocol.py", line 219, in raise_for_error
    err.raise_mysql_exception(self._data)
  File "/home/prince/.local/lib/python3.11/site-packages/pymysql/err.py", line 150, in raise_mysql_exception
    raise errorclass(errno, errval)
sqlalchemy.exc.IntegrityError: (pymysql.err.IntegrityError) (1062, "Duplicate entry 'Laptops' for key 'product_table.ix_product_table_product_name'")
[SQL: INSERT INTO product_table (product_category_id, product_subcategory_id, product_name, product_description, product_price, product_image_name, product_image_path, product_quantity, is_deleted, created_at, modified_at) VALUES (%(product_category_id)s, %(product_subcategory_id)s, %(product_name)s, %(product_description)s, %(product_price)s, %(product_image_name)s, %(product_image_path)s, %(product_quantity)s, %(is_deleted)s, %(created_at)s, %(modified_at)s)]
[parameters: {'product_category_id': 12, 'product_subcategory_id': 1, 'product_name': 'Laptops', 'product_description': 'conic high-top sneakers known for their comfort and street-style appeal.', 'product_price': 9999, 'product_image_name': 'dell.jpg', 'product_image_path': 'static/product_image/dell.jpg', 'product_quantity': 34, 'is_deleted': 0, 'created_at': 1743057139, 'modified_at': 1743057139}]
(Background on this error at: https://sqlalche.me/e/20/gkpj)
2025-03-27 12:11:34,262 - product_service.py - FastCRUD -  insert_product_service - ERROR - Error inserting product
Traceback (most recent call last):
  File "/home/prince/PycharmProjects/FastCRUD/base/service/product/product_service.py", line 28, in insert_product_service
    category = CategoryDAO.get_category_by_id_dao(product_category_id)
               ^^^^^^^^^^^^^^^^^^^^^^^^^^^^^^^^^^^^^^^^^^^^^^^^^^^^^^^
  File "/home/prince/PycharmProjects/FastCRUD/base/dao/category/category_dao.py", line 27, in get_category_by_id_dao
    category_data = MysqlCommonQuery.get_by_id_query(CategoryVO, id)
                    ^^^^^^^^^^^^^^^^^^^^^^^^^^^^^^^^^^^^^^^^^^^^^^^^
  File "/home/prince/PycharmProjects/FastCRUD/base/client/mysql_common/mysql_common_query.py", line 47, in get_by_id_query
    is_deleted=False).first()
                      ^^^^^^^
  File "/home/prince/.local/lib/python3.11/site-packages/sqlalchemy/orm/query.py", line 2754, in first
    return self.limit(1)._iter().first()  # type: ignore
           ^^^^^^^^^^^^^^^^^^^^^
  File "/home/prince/.local/lib/python3.11/site-packages/sqlalchemy/orm/query.py", line 2853, in _iter
    result: Union[ScalarResult[_T], Result[_T]] = self.session.execute(
                                                  ^^^^^^^^^^^^^^^^^^^^^
  File "/home/prince/.local/lib/python3.11/site-packages/sqlalchemy/orm/session.py", line 2365, in execute
    return self._execute_internal(
           ^^^^^^^^^^^^^^^^^^^^^^^
  File "/home/prince/.local/lib/python3.11/site-packages/sqlalchemy/orm/session.py", line 2241, in _execute_internal
    conn = self._connection_for_bind(bind)
           ^^^^^^^^^^^^^^^^^^^^^^^^^^^^^^^
  File "/home/prince/.local/lib/python3.11/site-packages/sqlalchemy/orm/session.py", line 2110, in _connection_for_bind
    return trans._connection_for_bind(engine, execution_options)
           ^^^^^^^^^^^^^^^^^^^^^^^^^^^^^^^^^^^^^^^^^^^^^^^^^^^^^
  File "<string>", line 2, in _connection_for_bind
  File "/home/prince/.local/lib/python3.11/site-packages/sqlalchemy/orm/state_changes.py", line 139, in _go
    ret_value = fn(self, *arg, **kw)
                ^^^^^^^^^^^^^^^^^^^^
  File "/home/prince/.local/lib/python3.11/site-packages/sqlalchemy/orm/session.py", line 1189, in _connection_for_bind
    conn = bind.connect()
           ^^^^^^^^^^^^^^
  File "/home/prince/.local/lib/python3.11/site-packages/sqlalchemy/engine/base.py", line 3274, in connect
    return self._connection_cls(self)
           ^^^^^^^^^^^^^^^^^^^^^^^^^^
  File "/home/prince/.local/lib/python3.11/site-packages/sqlalchemy/engine/base.py", line 146, in __init__
    self._dbapi_connection = engine.raw_connection()
                             ^^^^^^^^^^^^^^^^^^^^^^^
  File "/home/prince/.local/lib/python3.11/site-packages/sqlalchemy/engine/base.py", line 3298, in raw_connection
    return self.pool.connect()
           ^^^^^^^^^^^^^^^^^^^
  File "/home/prince/.local/lib/python3.11/site-packages/sqlalchemy/pool/base.py", line 449, in connect
    return _ConnectionFairy._checkout(self)
           ^^^^^^^^^^^^^^^^^^^^^^^^^^^^^^^^
  File "/home/prince/.local/lib/python3.11/site-packages/sqlalchemy/pool/base.py", line 1263, in _checkout
    fairy = _ConnectionRecord.checkout(pool)
            ^^^^^^^^^^^^^^^^^^^^^^^^^^^^^^^^
  File "/home/prince/.local/lib/python3.11/site-packages/sqlalchemy/pool/base.py", line 712, in checkout
    rec = pool._do_get()
          ^^^^^^^^^^^^^^
  File "/home/prince/.local/lib/python3.11/site-packages/sqlalchemy/pool/impl.py", line 168, in _do_get
    raise exc.TimeoutError(
sqlalchemy.exc.TimeoutError: QueuePool limit of size 10 overflow 0 reached, connection timed out, timeout 15.00 (Background on this error at: https://sqlalche.me/e/20/3o7r)
2025-03-27 14:36:31,392 - product_service.py - FastCRUD -  insert_product_service - ERROR - Error inserting product
Traceback (most recent call last):
  File "/home/prince/PycharmProjects/FastCRUD/base/service/product/product_service.py", line 29, in insert_product_service
    subcategory = SubcategoryDAO.get_subcategory_by_id_dao(
                  ^^^^^^^^^^^^^^^^^^^^^^^^^^^^^^^^^^^^^^^^^
  File "/home/prince/PycharmProjects/FastCRUD/base/dao/subcategory/subcategory_dao.py", line 28, in get_subcategory_by_id_dao
    if subcategory_data.subcategory_category_id == 1:
       ^^^^^^^^^^^^^^^^^^^^^^^^^^^^^^^^^^^^^^^^
AttributeError: 'NoneType' object has no attribute 'subcategory_category_id'
2025-03-27 14:37:27,149 - product_service.py - FastCRUD -  insert_product_service - ERROR - Error inserting product
Traceback (most recent call last):
  File "/home/prince/PycharmProjects/FastCRUD/base/service/product/product_service.py", line 62, in insert_product_service
    product_vo = ProductVO(**product_data)
                 ^^^^^^^^^^^^^^^^^^^^^^^^^
  File "<string>", line 4, in __init__
  File "/home/prince/.local/lib/python3.11/site-packages/sqlalchemy/orm/state.py", line 571, in _initialize_instance
    with util.safe_reraise():
  File "/home/prince/.local/lib/python3.11/site-packages/sqlalchemy/util/langhelpers.py", line 146, in __exit__
    raise exc_value.with_traceback(exc_tb)
  File "/home/prince/.local/lib/python3.11/site-packages/sqlalchemy/orm/state.py", line 569, in _initialize_instance
    manager.original_init(*mixed[1:], **kwargs)
  File "/home/prince/.local/lib/python3.11/site-packages/sqlalchemy/orm/decl_base.py", line 2175, in _declarative_constructor
    raise TypeError(
TypeError: 'product_image_name' is an invalid keyword argument for ProductVO
2025-03-27 14:40:11,429 - product_service.py - FastCRUD -  insert_product_service - ERROR - Error inserting product
Traceback (most recent call last):
  File "/home/prince/PycharmProjects/FastCRUD/base/service/product/product_service.py", line 44, in insert_product_service
    image_name, image_path =  ProductImageUploader.save_multiple_images(
                             ^^^^^^^^^^^^^^^^^^^^^^^^^^^^^^^^^^^^^^^^^^^^^^^^
  File "/home/prince/PycharmProjects/FastCRUD/base/utils/image_store.py", line 20, in save_multiple_images
    for file in upload_files:
TypeError: 'NoneType' object is not iterable
2025-03-27 14:43:47,517 - product_service.py - FastCRUD -  insert_product_service - ERROR - Error inserting product
Traceback (most recent call last):
  File "/home/prince/.local/lib/python3.11/site-packages/sqlalchemy/engine/base.py", line 1964, in _exec_single_context
    self.dialect.do_execute(
  File "/home/prince/.local/lib/python3.11/site-packages/sqlalchemy/engine/default.py", line 942, in do_execute
    cursor.execute(statement, parameters)
  File "/home/prince/.local/lib/python3.11/site-packages/pymysql/cursors.py", line 153, in execute
    result = self._query(query)
             ^^^^^^^^^^^^^^^^^^
  File "/home/prince/.local/lib/python3.11/site-packages/pymysql/cursors.py", line 322, in _query
    conn.query(q)
  File "/home/prince/.local/lib/python3.11/site-packages/pymysql/connections.py", line 563, in query
    self._affected_rows = self._read_query_result(unbuffered=unbuffered)
                          ^^^^^^^^^^^^^^^^^^^^^^^^^^^^^^^^^^^^^^^^^^^^^^
  File "/home/prince/.local/lib/python3.11/site-packages/pymysql/connections.py", line 825, in _read_query_result
    result.read()
  File "/home/prince/.local/lib/python3.11/site-packages/pymysql/connections.py", line 1199, in read
    first_packet = self.connection._read_packet()
                   ^^^^^^^^^^^^^^^^^^^^^^^^^^^^^^
  File "/home/prince/.local/lib/python3.11/site-packages/pymysql/connections.py", line 775, in _read_packet
    packet.raise_for_error()
  File "/home/prince/.local/lib/python3.11/site-packages/pymysql/protocol.py", line 219, in raise_for_error
    err.raise_mysql_exception(self._data)
  File "/home/prince/.local/lib/python3.11/site-packages/pymysql/err.py", line 150, in raise_mysql_exception
    raise errorclass(errno, errval)
pymysql.err.OperationalError: (1054, "Unknown column 'product_image_names' in 'field list'")

The above exception was the direct cause of the following exception:

Traceback (most recent call last):
  File "/home/prince/PycharmProjects/FastCRUD/base/service/product/product_service.py", line 64, in insert_product_service
    product_insert_data = ProductDAO.insert_product_dao(product_vo)
                          ^^^^^^^^^^^^^^^^^^^^^^^^^^^^^^^^^^^^^^^^^
  File "/home/prince/PycharmProjects/FastCRUD/base/dao/product/product_dao.py", line 9, in insert_product_dao
    product_data = MysqlCommonQuery.insert_query(product_vo)
                   ^^^^^^^^^^^^^^^^^^^^^^^^^^^^^^^^^^^^^^^^^
  File "/home/prince/PycharmProjects/FastCRUD/base/client/mysql_common/mysql_common_query.py", line 15, in insert_query
    session.commit()
  File "/home/prince/.local/lib/python3.11/site-packages/sqlalchemy/orm/session.py", line 2032, in commit
    trans.commit(_to_root=True)
  File "<string>", line 2, in commit
  File "/home/prince/.local/lib/python3.11/site-packages/sqlalchemy/orm/state_changes.py", line 139, in _go
    ret_value = fn(self, *arg, **kw)
                ^^^^^^^^^^^^^^^^^^^^
  File "/home/prince/.local/lib/python3.11/site-packages/sqlalchemy/orm/session.py", line 1313, in commit
    self._prepare_impl()
  File "<string>", line 2, in _prepare_impl
  File "/home/prince/.local/lib/python3.11/site-packages/sqlalchemy/orm/state_changes.py", line 139, in _go
    ret_value = fn(self, *arg, **kw)
                ^^^^^^^^^^^^^^^^^^^^
  File "/home/prince/.local/lib/python3.11/site-packages/sqlalchemy/orm/session.py", line 1288, in _prepare_impl
    self.session.flush()
  File "/home/prince/.local/lib/python3.11/site-packages/sqlalchemy/orm/session.py", line 4353, in flush
    self._flush(objects)
  File "/home/prince/.local/lib/python3.11/site-packages/sqlalchemy/orm/session.py", line 4488, in _flush
    with util.safe_reraise():
  File "/home/prince/.local/lib/python3.11/site-packages/sqlalchemy/util/langhelpers.py", line 146, in __exit__
    raise exc_value.with_traceback(exc_tb)
  File "/home/prince/.local/lib/python3.11/site-packages/sqlalchemy/orm/session.py", line 4449, in _flush
    flush_context.execute()
  File "/home/prince/.local/lib/python3.11/site-packages/sqlalchemy/orm/unitofwork.py", line 466, in execute
    rec.execute(self)
  File "/home/prince/.local/lib/python3.11/site-packages/sqlalchemy/orm/unitofwork.py", line 642, in execute
    util.preloaded.orm_persistence.save_obj(
  File "/home/prince/.local/lib/python3.11/site-packages/sqlalchemy/orm/persistence.py", line 93, in save_obj
    _emit_insert_statements(
  File "/home/prince/.local/lib/python3.11/site-packages/sqlalchemy/orm/persistence.py", line 1233, in _emit_insert_statements
    result = connection.execute(
             ^^^^^^^^^^^^^^^^^^^
  File "/home/prince/.local/lib/python3.11/site-packages/sqlalchemy/engine/base.py", line 1416, in execute
    return meth(
           ^^^^^
  File "/home/prince/.local/lib/python3.11/site-packages/sqlalchemy/sql/elements.py", line 516, in _execute_on_connection
    return connection._execute_clauseelement(
           ^^^^^^^^^^^^^^^^^^^^^^^^^^^^^^^^^^
  File "/home/prince/.local/lib/python3.11/site-packages/sqlalchemy/engine/base.py", line 1638, in _execute_clauseelement
    ret = self._execute_context(
          ^^^^^^^^^^^^^^^^^^^^^^
  File "/home/prince/.local/lib/python3.11/site-packages/sqlalchemy/engine/base.py", line 1843, in _execute_context
    return self._exec_single_context(
           ^^^^^^^^^^^^^^^^^^^^^^^^^^
  File "/home/prince/.local/lib/python3.11/site-packages/sqlalchemy/engine/base.py", line 1983, in _exec_single_context
    self._handle_dbapi_exception(
  File "/home/prince/.local/lib/python3.11/site-packages/sqlalchemy/engine/base.py", line 2352, in _handle_dbapi_exception
    raise sqlalchemy_exception.with_traceback(exc_info[2]) from e
  File "/home/prince/.local/lib/python3.11/site-packages/sqlalchemy/engine/base.py", line 1964, in _exec_single_context
    self.dialect.do_execute(
  File "/home/prince/.local/lib/python3.11/site-packages/sqlalchemy/engine/default.py", line 942, in do_execute
    cursor.execute(statement, parameters)
  File "/home/prince/.local/lib/python3.11/site-packages/pymysql/cursors.py", line 153, in execute
    result = self._query(query)
             ^^^^^^^^^^^^^^^^^^
  File "/home/prince/.local/lib/python3.11/site-packages/pymysql/cursors.py", line 322, in _query
    conn.query(q)
  File "/home/prince/.local/lib/python3.11/site-packages/pymysql/connections.py", line 563, in query
    self._affected_rows = self._read_query_result(unbuffered=unbuffered)
                          ^^^^^^^^^^^^^^^^^^^^^^^^^^^^^^^^^^^^^^^^^^^^^^
  File "/home/prince/.local/lib/python3.11/site-packages/pymysql/connections.py", line 825, in _read_query_result
    result.read()
  File "/home/prince/.local/lib/python3.11/site-packages/pymysql/connections.py", line 1199, in read
    first_packet = self.connection._read_packet()
                   ^^^^^^^^^^^^^^^^^^^^^^^^^^^^^^
  File "/home/prince/.local/lib/python3.11/site-packages/pymysql/connections.py", line 775, in _read_packet
    packet.raise_for_error()
  File "/home/prince/.local/lib/python3.11/site-packages/pymysql/protocol.py", line 219, in raise_for_error
    err.raise_mysql_exception(self._data)
  File "/home/prince/.local/lib/python3.11/site-packages/pymysql/err.py", line 150, in raise_mysql_exception
    raise errorclass(errno, errval)
sqlalchemy.exc.OperationalError: (pymysql.err.OperationalError) (1054, "Unknown column 'product_image_names' in 'field list'")
[SQL: INSERT INTO product_table (product_category_id, product_subcategory_id, product_name, product_description, product_price, product_image_names, product_image_paths, product_quantity, is_deleted, created_at, modified_at) VALUES (%(product_category_id)s, %(product_subcategory_id)s, %(product_name)s, %(product_description)s, %(product_price)s, %(product_image_names)s, %(product_image_paths)s, %(product_quantity)s, %(is_deleted)s, %(created_at)s, %(modified_at)s)]
[parameters: {'product_category_id': 12, 'product_subcategory_id': 8, 'product_name': 'niharsecsd', 'product_description': 'sabhadiya', 'product_price': 30, 'product_image_names': '[]', 'product_image_paths': '[]', 'product_quantity': 34, 'is_deleted': 0, 'created_at': 1743066827, 'modified_at': 1743066827}]
(Background on this error at: https://sqlalche.me/e/20/e3q8)
2025-03-27 14:48:58,490 - product_controller.py - FastCRUD -  insert_product_controller - INFO - Received images: None

2025-03-27 14:48:58,490 - product_controller.py - FastCRUD -  insert_product_controller - WARNING - No images received in the request

2025-03-27 14:48:58,500 - image_store.py - FastCRUD -  save_multiple_images - INFO - No files uploaded

2025-03-27 14:50:01,013 - product_controller.py - FastCRUD -  insert_product_controller - INFO - Received product images: None

2025-03-27 14:50:01,013 - product_controller.py - FastCRUD -  insert_product_controller - WARNING - No images received in API request!

2025-03-27 14:50:01,022 - image_store.py - FastCRUD -  save_multiple_images - INFO - No files uploaded

2025-03-27 14:50:14,918 - product_controller.py - FastCRUD -  insert_product_controller - INFO - Received product images: None

2025-03-27 14:50:14,918 - product_controller.py - FastCRUD -  insert_product_controller - WARNING - No images received in API request!

2025-03-27 14:50:14,930 - image_store.py - FastCRUD -  save_multiple_images - INFO - No files uploaded to the image uploader.

2025-03-27 14:50:58,480 - product_controller.py - FastCRUD -  insert_product_controller - INFO - Received product images: None

2025-03-27 14:50:58,480 - product_controller.py - FastCRUD -  insert_product_controller - WARNING - No images received in API request!

2025-03-27 14:50:58,480 - product_service.py - FastCRUD -  insert_product_service - INFO - Product Images received: None

2025-03-27 14:50:58,480 - image_store.py - FastCRUD -  save_multiple_images - INFO - No files uploaded to the image uploader.

2025-03-27 14:50:58,480 - product_service.py - FastCRUD -  insert_product_service - INFO - Saved image names: []

2025-03-27 14:50:58,480 - product_service.py - FastCRUD -  insert_product_service - INFO - Saved image paths: []

2025-03-27 14:50:58,480 - product_service.py - FastCRUD -  insert_product_service - INFO - Final product data before insertion: {'product_category_id': 12, 'product_subcategory_id': 8, 'product_name': 'niharsecsddfvdfvdfvdv', 'product_description': 'sabhadiya', 'product_price': 30, 'product_quantity': 34, 'product_image_names': [], 'product_image_paths': [], 'is_deleted': False, 'created_at': 1743067258, 'modified_at': 1743067258}

2025-03-27 15:04:04,189 - product_controller.py - FastCRUD -  insert_product_controller - INFO - Received product images: None

2025-03-27 15:04:04,189 - product_controller.py - FastCRUD -  insert_product_controller - WARNING - No images received in API request!

2025-03-27 15:05:54,976 - product_controller.py - FastCRUD -  insert_product_controller - INFO - Received product images: [UploadFile(filename='pycharm.jpg', size=238146, headers=Headers({'content-disposition': 'form-data; name="product_images"; filename="pycharm.jpg"', 'content-type': 'image/jpeg'})), UploadFile(filename='AmazonBasisSafe.jpg', size=742761, headers=Headers({'content-disposition': 'form-data; name="product_images"; filename="AmazonBasisSafe.jpg"', 'content-type': 'image/jpeg'}))]

2025-03-27 15:05:54,976 - product_controller.py - FastCRUD -  insert_product_controller - INFO - Received image file: pycharm.jpg

2025-03-27 15:05:54,976 - product_controller.py - FastCRUD -  insert_product_controller - INFO - Received image file: AmazonBasisSafe.jpg

2025-03-27 15:05:54,976 - product_service.py - FastCRUD -  insert_product_service - INFO - Product Images received: [UploadFile(filename='pycharm.jpg', size=238146, headers=Headers({'content-disposition': 'form-data; name="product_images"; filename="pycharm.jpg"', 'content-type': 'image/jpeg'})), UploadFile(filename='AmazonBasisSafe.jpg', size=742761, headers=Headers({'content-disposition': 'form-data; name="product_images"; filename="AmazonBasisSafe.jpg"', 'content-type': 'image/jpeg'}))]

2025-03-27 15:05:54,976 - image_store.py - FastCRUD -  save_multiple_images - INFO - Attempting to save file: pycharm.jpg at static/product_image/pycharm.jpg

2025-03-27 15:05:54,976 - image_store.py - FastCRUD -  save_multiple_images - INFO - File saved successfully: pycharm.jpg

2025-03-27 15:05:54,977 - image_store.py - FastCRUD -  save_multiple_images - INFO - Attempting to save file: AmazonBasisSafe.jpg at static/product_image/AmazonBasisSafe.jpg

2025-03-27 15:05:54,977 - image_store.py - FastCRUD -  save_multiple_images - INFO - File saved successfully: AmazonBasisSafe.jpg

2025-03-27 15:05:54,977 - image_store.py - FastCRUD -  save_multiple_images - INFO - Final saved images: ['pycharm.jpg', 'AmazonBasisSafe.jpg']

2025-03-27 15:05:54,977 - product_service.py - FastCRUD -  insert_product_service - INFO - Saved image names: ['pycharm.jpg', 'AmazonBasisSafe.jpg']

2025-03-27 15:05:54,977 - product_service.py - FastCRUD -  insert_product_service - INFO - Saved image paths: ['static/product_image/pycharm.jpg', 'static/product_image/AmazonBasisSafe.jpg']

2025-03-27 15:05:54,977 - product_service.py - FastCRUD -  insert_product_service - INFO - Final product data before insertion: {'product_category_id': 12, 'product_subcategory_id': 8, 'product_name': 'niharsecsddfvdfvdfvdvdvfsd', 'product_description': 'sabhadiya', 'product_price': 30, 'product_quantity': 34, 'product_image_names': ['pycharm.jpg', 'AmazonBasisSafe.jpg'], 'product_image_paths': ['static/product_image/pycharm.jpg', 'static/product_image/AmazonBasisSafe.jpg'], 'is_deleted': False, 'created_at': 1743068154, 'modified_at': 1743068154}

2025-03-27 15:23:50,520 - product_controller.py - FastCRUD -  insert_product_controller - INFO - Received product images: [UploadFile(filename='pycharm.jpg', size=238146, headers=Headers({'content-disposition': 'form-data; name="product_images"; filename="pycharm.jpg"', 'content-type': 'image/jpeg'})), UploadFile(filename='NikeAirForce1Sneakers.jpg', size=113489, headers=Headers({'content-disposition': 'form-data; name="product_images"; filename="NikeAirForce1Sneakers.jpg"', 'content-type': 'image/jpeg'})), UploadFile(filename='IMG_4360.JPG', size=4313369, headers=Headers({'content-disposition': 'form-data; name="product_images"; filename="IMG_4360.JPG"', 'content-type': 'image/jpeg'}))]

2025-03-27 15:23:50,521 - product_controller.py - FastCRUD -  insert_product_controller - INFO - Received image file: pycharm.jpg

2025-03-27 15:23:50,521 - product_controller.py - FastCRUD -  insert_product_controller - INFO - Received image file: NikeAirForce1Sneakers.jpg

2025-03-27 15:23:50,521 - product_controller.py - FastCRUD -  insert_product_controller - INFO - Received image file: IMG_4360.JPG

2025-03-27 15:23:50,530 - product_service.py - FastCRUD -  insert_product_service - INFO - Product Images received: [UploadFile(filename='pycharm.jpg', size=238146, headers=Headers({'content-disposition': 'form-data; name="product_images"; filename="pycharm.jpg"', 'content-type': 'image/jpeg'})), UploadFile(filename='NikeAirForce1Sneakers.jpg', size=113489, headers=Headers({'content-disposition': 'form-data; name="product_images"; filename="NikeAirForce1Sneakers.jpg"', 'content-type': 'image/jpeg'})), UploadFile(filename='IMG_4360.JPG', size=4313369, headers=Headers({'content-disposition': 'form-data; name="product_images"; filename="IMG_4360.JPG"', 'content-type': 'image/jpeg'}))]

2025-03-27 15:23:50,530 - image_store.py - FastCRUD -  save_multiple_images - INFO - Attempting to save file: pycharm.jpg at static/product_image/pycharm.jpg

2025-03-27 15:23:50,531 - image_store.py - FastCRUD -  save_multiple_images - INFO - File saved successfully: pycharm.jpg

2025-03-27 15:23:50,531 - image_store.py - FastCRUD -  save_multiple_images - INFO - Attempting to save file: NikeAirForce1Sneakers.jpg at static/product_image/NikeAirForce1Sneakers.jpg

2025-03-27 15:23:50,531 - image_store.py - FastCRUD -  save_multiple_images - INFO - File saved successfully: NikeAirForce1Sneakers.jpg

2025-03-27 15:23:50,531 - image_store.py - FastCRUD -  save_multiple_images - INFO - Attempting to save file: IMG_4360.JPG at static/product_image/IMG_4360.JPG

2025-03-27 15:23:50,535 - image_store.py - FastCRUD -  save_multiple_images - INFO - File saved successfully: IMG_4360.JPG

2025-03-27 15:23:50,535 - image_store.py - FastCRUD -  save_multiple_images - INFO - Final saved images: ['pycharm.jpg', 'NikeAirForce1Sneakers.jpg', 'IMG_4360.JPG']

2025-03-27 15:23:50,535 - product_service.py - FastCRUD -  insert_product_service - INFO - Saved image names: ['pycharm.jpg', 'NikeAirForce1Sneakers.jpg', 'IMG_4360.JPG']

2025-03-27 15:23:50,535 - product_service.py - FastCRUD -  insert_product_service - INFO - Saved image paths: ['static/product_image/pycharm.jpg', 'static/product_image/NikeAirForce1Sneakers.jpg', 'static/product_image/IMG_4360.JPG']

2025-03-27 15:23:50,535 - product_service.py - FastCRUD -  insert_product_service - INFO - Final product data before insertion: {'product_category_id': 12, 'product_subcategory_id': 8, 'product_name': 'stringqwd', 'product_description': 'stringwef', 'product_price': 12000, 'product_quantity': 90, 'product_image_names': ['pycharm.jpg', 'NikeAirForce1Sneakers.jpg', 'IMG_4360.JPG'], 'product_image_paths': ['static/product_image/pycharm.jpg', 'static/product_image/NikeAirForce1Sneakers.jpg', 'static/product_image/IMG_4360.JPG'], 'is_deleted': False, 'created_at': 1743069230, 'modified_at': 1743069230}

2025-03-27 15:29:58,704 - product_service.py - FastCRUD -  update_product_service - ERROR - Error updating product: 'NoneType' object has no attribute 'subcategory_category_id'
Traceback (most recent call last):
  File "/home/prince/PycharmProjects/FastCRUD/base/service/product/product_service.py", line 130, in update_product_service
    subcategory = SubcategoryDAO.get_subcategory_by_id_dao(
                  ^^^^^^^^^^^^^^^^^^^^^^^^^^^^^^^^^^^^^^^^^
  File "/home/prince/PycharmProjects/FastCRUD/base/dao/subcategory/subcategory_dao.py", line 28, in get_subcategory_by_id_dao
    if subcategory_data.subcategory_category_id == 1:
       ^^^^^^^^^^^^^^^^^^^^^^^^^^^^^^^^^^^^^^^^
AttributeError: 'NoneType' object has no attribute 'subcategory_category_id'
2025-03-27 15:35:27,957 - product_service.py - FastCRUD -  update_product_service - ERROR - Error updating product: 'NoneType' object has no attribute 'subcategory_category_id'
Traceback (most recent call last):
  File "/home/prince/PycharmProjects/FastCRUD/base/service/product/product_service.py", line 129, in update_product_service
    subcategory = SubcategoryDAO.get_subcategory_by_id_dao(
                  ^^^^^^^^^^^^^^^^^^^^^^^^^^^^^^^^^^^^^^^^^
  File "/home/prince/PycharmProjects/FastCRUD/base/dao/subcategory/subcategory_dao.py", line 28, in get_subcategory_by_id_dao
    if subcategory_data.subcategory_category_id == 1:
       ^^^^^^^^^^^^^^^^^^^^^^^^^^^^^^^^^^^^^^^^
AttributeError: 'NoneType' object has no attribute 'subcategory_category_id'
2025-03-27 15:38:27,850 - product_service.py - FastCRUD -  update_product_service - ERROR - Error updating product: 'ProductVO' object has no attribute 'product_image_name'
Traceback (most recent call last):
  File "/home/prince/PycharmProjects/FastCRUD/base/service/product/product_service.py", line 180, in update_product_service
    image_name = existing_product.product_image_name
                 ^^^^^^^^^^^^^^^^^^^^^^^^^^^^^^^^^^^
AttributeError: 'ProductVO' object has no attribute 'product_image_name'
2025-03-27 15:43:20,422 - product_service.py - FastCRUD -  update_product_service - ERROR - Error updating product: cannot access local variable 'image_names' where it is not associated with a value
Traceback (most recent call last):
  File "/home/prince/PycharmProjects/FastCRUD/base/service/product/product_service.py", line 165, in update_product_service
    "product_image_names": image_names,
                           ^^^^^^^^^^^
UnboundLocalError: cannot access local variable 'image_names' where it is not associated with a value
2025-03-27 15:43:28,282 - product_service.py - FastCRUD -  update_product_service - ERROR - Error updating product: cannot access local variable 'image_names' where it is not associated with a value
Traceback (most recent call last):
  File "/home/prince/PycharmProjects/FastCRUD/base/service/product/product_service.py", line 165, in update_product_service
    "product_image_names": image_names,
                           ^^^^^^^^^^^
UnboundLocalError: cannot access local variable 'image_names' where it is not associated with a value
2025-03-27 15:43:38,006 - product_service.py - FastCRUD -  update_product_service - ERROR - Error updating product: cannot access local variable 'image_names' where it is not associated with a value
Traceback (most recent call last):
  File "/home/prince/PycharmProjects/FastCRUD/base/service/product/product_service.py", line 165, in update_product_service
    "product_image_names": image_names,
                           ^^^^^^^^^^^
UnboundLocalError: cannot access local variable 'image_names' where it is not associated with a value
2025-03-27 16:01:14,762 - product_service.py - FastCRUD -  update_product_service - INFO - No image received, keeping existing image.

2025-03-27 16:01:49,630 - product_service.py - FastCRUD -  update_product_service - INFO - No image received, keeping existing image.

2025-03-27 16:01:49,634 - product_service.py - FastCRUD -  update_product_service - ERROR - Error updating product: (pymysql.err.IntegrityError) (1062, "Duplicate entry 'iPhone 15 Proo' for key 'product_table.ix_product_table_product_name'")
[SQL: UPDATE product_table SET product_category_id=%(product_category_id)s, product_name=%(product_name)s, product_description=%(product_description)s, product_price=%(product_price)s, product_quantity=%(product_quantity)s, modified_at=%(modified_at)s WHERE product_table.id = %(product_table_id)s]
[parameters: {'product_category_id': 14, 'product_name': 'iPhone 15 Proo', 'product_description': 'A high-end smartphone with an A17 Bionic chip, 48MP camera, and titanium body.', 'product_price': 9999, 'product_quantity': 20, 'modified_at': 1743071509, 'product_table_id': 36}]
(Background on this error at: https://sqlalche.me/e/20/gkpj)
Traceback (most recent call last):
  File "/home/prince/.local/lib/python3.11/site-packages/sqlalchemy/engine/base.py", line 1964, in _exec_single_context
    self.dialect.do_execute(
  File "/home/prince/.local/lib/python3.11/site-packages/sqlalchemy/engine/default.py", line 942, in do_execute
    cursor.execute(statement, parameters)
  File "/home/prince/.local/lib/python3.11/site-packages/pymysql/cursors.py", line 153, in execute
    result = self._query(query)
             ^^^^^^^^^^^^^^^^^^
  File "/home/prince/.local/lib/python3.11/site-packages/pymysql/cursors.py", line 322, in _query
    conn.query(q)
  File "/home/prince/.local/lib/python3.11/site-packages/pymysql/connections.py", line 563, in query
    self._affected_rows = self._read_query_result(unbuffered=unbuffered)
                          ^^^^^^^^^^^^^^^^^^^^^^^^^^^^^^^^^^^^^^^^^^^^^^
  File "/home/prince/.local/lib/python3.11/site-packages/pymysql/connections.py", line 825, in _read_query_result
    result.read()
  File "/home/prince/.local/lib/python3.11/site-packages/pymysql/connections.py", line 1199, in read
    first_packet = self.connection._read_packet()
                   ^^^^^^^^^^^^^^^^^^^^^^^^^^^^^^
  File "/home/prince/.local/lib/python3.11/site-packages/pymysql/connections.py", line 775, in _read_packet
    packet.raise_for_error()
  File "/home/prince/.local/lib/python3.11/site-packages/pymysql/protocol.py", line 219, in raise_for_error
    err.raise_mysql_exception(self._data)
  File "/home/prince/.local/lib/python3.11/site-packages/pymysql/err.py", line 150, in raise_mysql_exception
    raise errorclass(errno, errval)
pymysql.err.IntegrityError: (1062, "Duplicate entry 'iPhone 15 Proo' for key 'product_table.ix_product_table_product_name'")

The above exception was the direct cause of the following exception:

Traceback (most recent call last):
  File "/home/prince/PycharmProjects/FastCRUD/base/service/product/product_service.py", line 179, in update_product_service
    updated_product_data = ProductDAO.update_product_dao(product_vo)
                           ^^^^^^^^^^^^^^^^^^^^^^^^^^^^^^^^^^^^^^^^^
  File "/home/prince/PycharmProjects/FastCRUD/base/dao/product/product_dao.py", line 34, in update_product_dao
    product_data = MysqlCommonQuery.update_query(product)
                   ^^^^^^^^^^^^^^^^^^^^^^^^^^^^^^^^^^^^^^
  File "/home/prince/PycharmProjects/FastCRUD/base/client/mysql_common/mysql_common_query.py", line 56, in update_query
    session.flush()
  File "/home/prince/.local/lib/python3.11/site-packages/sqlalchemy/orm/session.py", line 4353, in flush
    self._flush(objects)
  File "/home/prince/.local/lib/python3.11/site-packages/sqlalchemy/orm/session.py", line 4488, in _flush
    with util.safe_reraise():
  File "/home/prince/.local/lib/python3.11/site-packages/sqlalchemy/util/langhelpers.py", line 146, in __exit__
    raise exc_value.with_traceback(exc_tb)
  File "/home/prince/.local/lib/python3.11/site-packages/sqlalchemy/orm/session.py", line 4449, in _flush
    flush_context.execute()
  File "/home/prince/.local/lib/python3.11/site-packages/sqlalchemy/orm/unitofwork.py", line 466, in execute
    rec.execute(self)
  File "/home/prince/.local/lib/python3.11/site-packages/sqlalchemy/orm/unitofwork.py", line 642, in execute
    util.preloaded.orm_persistence.save_obj(
  File "/home/prince/.local/lib/python3.11/site-packages/sqlalchemy/orm/persistence.py", line 85, in save_obj
    _emit_update_statements(
  File "/home/prince/.local/lib/python3.11/site-packages/sqlalchemy/orm/persistence.py", line 912, in _emit_update_statements
    c = connection.execute(
        ^^^^^^^^^^^^^^^^^^^
  File "/home/prince/.local/lib/python3.11/site-packages/sqlalchemy/engine/base.py", line 1416, in execute
    return meth(
           ^^^^^
  File "/home/prince/.local/lib/python3.11/site-packages/sqlalchemy/sql/elements.py", line 516, in _execute_on_connection
    return connection._execute_clauseelement(
           ^^^^^^^^^^^^^^^^^^^^^^^^^^^^^^^^^^
  File "/home/prince/.local/lib/python3.11/site-packages/sqlalchemy/engine/base.py", line 1638, in _execute_clauseelement
    ret = self._execute_context(
          ^^^^^^^^^^^^^^^^^^^^^^
  File "/home/prince/.local/lib/python3.11/site-packages/sqlalchemy/engine/base.py", line 1843, in _execute_context
    return self._exec_single_context(
           ^^^^^^^^^^^^^^^^^^^^^^^^^^
  File "/home/prince/.local/lib/python3.11/site-packages/sqlalchemy/engine/base.py", line 1983, in _exec_single_context
    self._handle_dbapi_exception(
  File "/home/prince/.local/lib/python3.11/site-packages/sqlalchemy/engine/base.py", line 2352, in _handle_dbapi_exception
    raise sqlalchemy_exception.with_traceback(exc_info[2]) from e
  File "/home/prince/.local/lib/python3.11/site-packages/sqlalchemy/engine/base.py", line 1964, in _exec_single_context
    self.dialect.do_execute(
  File "/home/prince/.local/lib/python3.11/site-packages/sqlalchemy/engine/default.py", line 942, in do_execute
    cursor.execute(statement, parameters)
  File "/home/prince/.local/lib/python3.11/site-packages/pymysql/cursors.py", line 153, in execute
    result = self._query(query)
             ^^^^^^^^^^^^^^^^^^
  File "/home/prince/.local/lib/python3.11/site-packages/pymysql/cursors.py", line 322, in _query
    conn.query(q)
  File "/home/prince/.local/lib/python3.11/site-packages/pymysql/connections.py", line 563, in query
    self._affected_rows = self._read_query_result(unbuffered=unbuffered)
                          ^^^^^^^^^^^^^^^^^^^^^^^^^^^^^^^^^^^^^^^^^^^^^^
  File "/home/prince/.local/lib/python3.11/site-packages/pymysql/connections.py", line 825, in _read_query_result
    result.read()
  File "/home/prince/.local/lib/python3.11/site-packages/pymysql/connections.py", line 1199, in read
    first_packet = self.connection._read_packet()
                   ^^^^^^^^^^^^^^^^^^^^^^^^^^^^^^
  File "/home/prince/.local/lib/python3.11/site-packages/pymysql/connections.py", line 775, in _read_packet
    packet.raise_for_error()
  File "/home/prince/.local/lib/python3.11/site-packages/pymysql/protocol.py", line 219, in raise_for_error
    err.raise_mysql_exception(self._data)
  File "/home/prince/.local/lib/python3.11/site-packages/pymysql/err.py", line 150, in raise_mysql_exception
    raise errorclass(errno, errval)
sqlalchemy.exc.IntegrityError: (pymysql.err.IntegrityError) (1062, "Duplicate entry 'iPhone 15 Proo' for key 'product_table.ix_product_table_product_name'")
[SQL: UPDATE product_table SET product_category_id=%(product_category_id)s, product_name=%(product_name)s, product_description=%(product_description)s, product_price=%(product_price)s, product_quantity=%(product_quantity)s, modified_at=%(modified_at)s WHERE product_table.id = %(product_table_id)s]
[parameters: {'product_category_id': 14, 'product_name': 'iPhone 15 Proo', 'product_description': 'A high-end smartphone with an A17 Bionic chip, 48MP camera, and titanium body.', 'product_price': 9999, 'product_quantity': 20, 'modified_at': 1743071509, 'product_table_id': 36}]
(Background on this error at: https://sqlalche.me/e/20/gkpj)
2025-03-27 16:02:19,240 - product_service.py - FastCRUD -  update_product_service - INFO - No image received, keeping existing image.

2025-03-27 16:02:36,532 - product_service.py - FastCRUD -  update_product_service - INFO - No image received, keeping existing image.

2025-03-27 16:04:32,545 - product_controller.py - FastCRUD -  update_product_controller - INFO - No images received in controller

2025-03-27 16:04:32,559 - product_service.py - FastCRUD -  update_product_service - INFO - No image received, keeping existing image.

2025-03-27 16:05:44,413 - product_controller.py - FastCRUD -  update_product_controller - INFO - No images received in controller

2025-03-27 16:05:44,427 - product_service.py - FastCRUD -  update_product_service - INFO - No image received, keeping existing image.

2025-03-27 16:07:02,946 - product_controller.py - FastCRUD -  update_product_controller - INFO - No images received in controller

2025-03-27 16:07:02,958 - product_service.py - FastCRUD -  update_product_service - INFO - No image received, keeping existing image.

2025-03-27 16:08:48,541 - product_controller.py - FastCRUD -  update_product_controller - INFO - No images received in controller

2025-03-27 16:08:48,556 - product_service.py - FastCRUD -  update_product_service - INFO - No image received, keeping existing image.

2025-03-27 16:08:48,556 - product_service.py - FastCRUD -  update_product_service - ERROR - Error updating product: name 'database' is not defined
Traceback (most recent call last):
  File "/home/prince/PycharmProjects/FastCRUD/base/service/product/product_service.py", line 175, in update_product_service
    updated_product_data = ProductDAO.update_product_dao(product_vo)
                           ^^^^^^^^^^^^^^^^^^^^^^^^^^^^^^^^^^^^^^^^^
  File "/home/prince/PycharmProjects/FastCRUD/base/dao/product/product_dao.py", line 34, in update_product_dao
    session = database.get_db_session(engine)
              ^^^^^^^^
NameError: name 'database' is not defined
2025-03-27 16:09:35,815 - product_controller.py - FastCRUD -  update_product_controller - INFO - No images received in controller

2025-03-27 16:09:35,828 - product_service.py - FastCRUD -  update_product_service - INFO - No image received, keeping existing image.

2025-03-27 16:09:56,663 - product_controller.py - FastCRUD -  update_product_controller - INFO - No images received in controller

2025-03-27 16:09:56,677 - product_service.py - FastCRUD -  update_product_service - INFO - No image received, keeping existing image.

2025-03-27 16:20:08,427 - product_controller.py - FastCRUD -  update_product_controller - INFO - No images received in controller

2025-03-27 16:20:08,444 - product_service.py - FastCRUD -  update_product_service - INFO - No new images received, keeping existing images.

2025-03-27 16:20:08,450 - product_service.py - FastCRUD -  update_product_service - ERROR - Error updating product: Instance '<ProductVO at 0x7a09db798ed0>' is not persistent within this Session
Traceback (most recent call last):
  File "/home/prince/PycharmProjects/FastCRUD/base/service/product/product_service.py", line 171, in update_product_service
    updated_product_data = ProductDAO.update_product_dao(product)
                           ^^^^^^^^^^^^^^^^^^^^^^^^^^^^^^^^^^^^^^
  File "/home/prince/PycharmProjects/FastCRUD/base/dao/product/product_dao.py", line 34, in update_product_dao
    product_data = MysqlCommonQuery.update_query(product)
                   ^^^^^^^^^^^^^^^^^^^^^^^^^^^^^^^^^^^^^^
  File "/home/prince/PycharmProjects/FastCRUD/base/client/mysql_common/mysql_common_query.py", line 57, in update_query
    session.refresh(update_record)
  File "/home/prince/.local/lib/python3.11/site-packages/sqlalchemy/orm/session.py", line 3147, in refresh
    self._expire_state(state, attribute_names)
  File "/home/prince/.local/lib/python3.11/site-packages/sqlalchemy/orm/session.py", line 3273, in _expire_state
    self._validate_persistent(state)
  File "/home/prince/.local/lib/python3.11/site-packages/sqlalchemy/orm/session.py", line 4139, in _validate_persistent
    raise sa_exc.InvalidRequestError(
sqlalchemy.exc.InvalidRequestError: Instance '<ProductVO at 0x7a09db798ed0>' is not persistent within this Session
2025-03-27 16:24:48,209 - product_controller.py - FastCRUD -  update_product_controller - INFO - No images received in controller

2025-03-27 16:24:48,222 - product_service.py - FastCRUD -  update_product_service - INFO - No new images received, keeping existing images.

2025-03-27 16:26:24,137 - product_controller.py - FastCRUD -  update_product_controller - INFO - No images received in controller

2025-03-27 16:59:08,907 - product_controller.py - FastCRUD -  update_product_controller - INFO - No images received in controller

2025-03-27 17:07:21,668 - product_controller.py - FastCRUD -  insert_product_controller - INFO - Received product images: None

2025-03-27 17:07:21,668 - product_controller.py - FastCRUD -  insert_product_controller - WARNING - No images received in API request!

2025-03-27 17:07:30,797 - product_controller.py - FastCRUD -  insert_product_controller - INFO - Received product images: None

2025-03-27 17:07:30,797 - product_controller.py - FastCRUD -  insert_product_controller - WARNING - No images received in API request!

2025-03-27 17:09:57,368 - product_controller.py - FastCRUD -  insert_product_controller - INFO - Received product images: None

2025-03-27 17:09:57,368 - product_controller.py - FastCRUD -  insert_product_controller - WARNING - No images received in API request!

2025-03-27 17:10:55,601 - product_controller.py - FastCRUD -  insert_product_controller - INFO - Received product images: None

2025-03-27 17:10:55,602 - product_controller.py - FastCRUD -  insert_product_controller - WARNING - No images received in API request!

2025-03-27 17:12:23,200 - product_service.py - FastCRUD -  insert_product_service - INFO - Product Images received: None

2025-03-27 17:12:23,200 - image_store.py - FastCRUD -  save_multiple_images - INFO - No files uploaded to the image uploader.

2025-03-27 17:12:23,200 - product_service.py - FastCRUD -  insert_product_service - INFO - Saved image names: []

2025-03-27 17:12:23,200 - product_service.py - FastCRUD -  insert_product_service - INFO - Saved image paths: []

2025-03-27 17:12:23,200 - product_service.py - FastCRUD -  insert_product_service - INFO - Final product data before insertion: {'product_category_id': 12, 'product_subcategory_id': 1, 'product_name': 'Laptops', 'product_description': 'conic high-top sneakers known for their comfort and street-style appeal.', 'product_price': 9999, 'product_quantity': 34, 'product_image_names': [], 'product_image_paths': [], 'is_deleted': False, 'created_at': 1743075743, 'modified_at': 1743075743}

2025-03-27 17:12:33,071 - product_service.py - FastCRUD -  insert_product_service - INFO - Product Images received: None

2025-03-27 17:12:33,072 - image_store.py - FastCRUD -  save_multiple_images - INFO - No files uploaded to the image uploader.

2025-03-27 17:12:33,072 - product_service.py - FastCRUD -  insert_product_service - INFO - Saved image names: []

2025-03-27 17:12:33,072 - product_service.py - FastCRUD -  insert_product_service - INFO - Saved image paths: []

2025-03-27 17:12:33,072 - product_service.py - FastCRUD -  insert_product_service - INFO - Final product data before insertion: {'product_category_id': 12, 'product_subcategory_id': 1, 'product_name': 'Laptops', 'product_description': 'conic high-top sneakers known for their comfort and street-style appeal.', 'product_price': 9999, 'product_quantity': 34, 'product_image_names': [], 'product_image_paths': [], 'is_deleted': False, 'created_at': 1743075753, 'modified_at': 1743075753}

2025-03-27 17:12:33,081 - product_service.py - FastCRUD -  insert_product_service - ERROR - Error inserting product
Traceback (most recent call last):
  File "/home/prince/.local/lib/python3.11/site-packages/sqlalchemy/engine/base.py", line 1964, in _exec_single_context
    self.dialect.do_execute(
  File "/home/prince/.local/lib/python3.11/site-packages/sqlalchemy/engine/default.py", line 942, in do_execute
    cursor.execute(statement, parameters)
  File "/home/prince/.local/lib/python3.11/site-packages/pymysql/cursors.py", line 153, in execute
    result = self._query(query)
             ^^^^^^^^^^^^^^^^^^
  File "/home/prince/.local/lib/python3.11/site-packages/pymysql/cursors.py", line 322, in _query
    conn.query(q)
  File "/home/prince/.local/lib/python3.11/site-packages/pymysql/connections.py", line 563, in query
    self._affected_rows = self._read_query_result(unbuffered=unbuffered)
                          ^^^^^^^^^^^^^^^^^^^^^^^^^^^^^^^^^^^^^^^^^^^^^^
  File "/home/prince/.local/lib/python3.11/site-packages/pymysql/connections.py", line 825, in _read_query_result
    result.read()
  File "/home/prince/.local/lib/python3.11/site-packages/pymysql/connections.py", line 1199, in read
    first_packet = self.connection._read_packet()
                   ^^^^^^^^^^^^^^^^^^^^^^^^^^^^^^
  File "/home/prince/.local/lib/python3.11/site-packages/pymysql/connections.py", line 775, in _read_packet
    packet.raise_for_error()
  File "/home/prince/.local/lib/python3.11/site-packages/pymysql/protocol.py", line 219, in raise_for_error
    err.raise_mysql_exception(self._data)
  File "/home/prince/.local/lib/python3.11/site-packages/pymysql/err.py", line 150, in raise_mysql_exception
    raise errorclass(errno, errval)
pymysql.err.IntegrityError: (1062, "Duplicate entry 'Laptops' for key 'product_table.ix_product_table_product_name'")

The above exception was the direct cause of the following exception:

Traceback (most recent call last):
  File "/home/prince/PycharmProjects/FastCRUD/base/service/product/product_service.py", line 51, in insert_product_service
    product_insert_data = ProductDAO.insert_product_dao(product_vo)
                          ^^^^^^^^^^^^^^^^^^^^^^^^^^^^^^^^^^^^^^^^^
  File "/home/prince/PycharmProjects/FastCRUD/base/dao/product/product_dao.py", line 10, in insert_product_dao
    product_data = MysqlCommonQuery.insert_query(product_vo)
                   ^^^^^^^^^^^^^^^^^^^^^^^^^^^^^^^^^^^^^^^^^
  File "/home/prince/PycharmProjects/FastCRUD/base/client/mysql_common/mysql_common_query.py", line 15, in insert_query
    session.commit()
  File "/home/prince/.local/lib/python3.11/site-packages/sqlalchemy/orm/session.py", line 2032, in commit
    trans.commit(_to_root=True)
  File "<string>", line 2, in commit
  File "/home/prince/.local/lib/python3.11/site-packages/sqlalchemy/orm/state_changes.py", line 139, in _go
    ret_value = fn(self, *arg, **kw)
                ^^^^^^^^^^^^^^^^^^^^
  File "/home/prince/.local/lib/python3.11/site-packages/sqlalchemy/orm/session.py", line 1313, in commit
    self._prepare_impl()
  File "<string>", line 2, in _prepare_impl
  File "/home/prince/.local/lib/python3.11/site-packages/sqlalchemy/orm/state_changes.py", line 139, in _go
    ret_value = fn(self, *arg, **kw)
                ^^^^^^^^^^^^^^^^^^^^
  File "/home/prince/.local/lib/python3.11/site-packages/sqlalchemy/orm/session.py", line 1288, in _prepare_impl
    self.session.flush()
  File "/home/prince/.local/lib/python3.11/site-packages/sqlalchemy/orm/session.py", line 4353, in flush
    self._flush(objects)
  File "/home/prince/.local/lib/python3.11/site-packages/sqlalchemy/orm/session.py", line 4488, in _flush
    with util.safe_reraise():
  File "/home/prince/.local/lib/python3.11/site-packages/sqlalchemy/util/langhelpers.py", line 146, in __exit__
    raise exc_value.with_traceback(exc_tb)
  File "/home/prince/.local/lib/python3.11/site-packages/sqlalchemy/orm/session.py", line 4449, in _flush
    flush_context.execute()
  File "/home/prince/.local/lib/python3.11/site-packages/sqlalchemy/orm/unitofwork.py", line 466, in execute
    rec.execute(self)
  File "/home/prince/.local/lib/python3.11/site-packages/sqlalchemy/orm/unitofwork.py", line 642, in execute
    util.preloaded.orm_persistence.save_obj(
  File "/home/prince/.local/lib/python3.11/site-packages/sqlalchemy/orm/persistence.py", line 93, in save_obj
    _emit_insert_statements(
  File "/home/prince/.local/lib/python3.11/site-packages/sqlalchemy/orm/persistence.py", line 1233, in _emit_insert_statements
    result = connection.execute(
             ^^^^^^^^^^^^^^^^^^^
  File "/home/prince/.local/lib/python3.11/site-packages/sqlalchemy/engine/base.py", line 1416, in execute
    return meth(
           ^^^^^
  File "/home/prince/.local/lib/python3.11/site-packages/sqlalchemy/sql/elements.py", line 516, in _execute_on_connection
    return connection._execute_clauseelement(
           ^^^^^^^^^^^^^^^^^^^^^^^^^^^^^^^^^^
  File "/home/prince/.local/lib/python3.11/site-packages/sqlalchemy/engine/base.py", line 1638, in _execute_clauseelement
    ret = self._execute_context(
          ^^^^^^^^^^^^^^^^^^^^^^
  File "/home/prince/.local/lib/python3.11/site-packages/sqlalchemy/engine/base.py", line 1843, in _execute_context
    return self._exec_single_context(
           ^^^^^^^^^^^^^^^^^^^^^^^^^^
  File "/home/prince/.local/lib/python3.11/site-packages/sqlalchemy/engine/base.py", line 1983, in _exec_single_context
    self._handle_dbapi_exception(
  File "/home/prince/.local/lib/python3.11/site-packages/sqlalchemy/engine/base.py", line 2352, in _handle_dbapi_exception
    raise sqlalchemy_exception.with_traceback(exc_info[2]) from e
  File "/home/prince/.local/lib/python3.11/site-packages/sqlalchemy/engine/base.py", line 1964, in _exec_single_context
    self.dialect.do_execute(
  File "/home/prince/.local/lib/python3.11/site-packages/sqlalchemy/engine/default.py", line 942, in do_execute
    cursor.execute(statement, parameters)
  File "/home/prince/.local/lib/python3.11/site-packages/pymysql/cursors.py", line 153, in execute
    result = self._query(query)
             ^^^^^^^^^^^^^^^^^^
  File "/home/prince/.local/lib/python3.11/site-packages/pymysql/cursors.py", line 322, in _query
    conn.query(q)
  File "/home/prince/.local/lib/python3.11/site-packages/pymysql/connections.py", line 563, in query
    self._affected_rows = self._read_query_result(unbuffered=unbuffered)
                          ^^^^^^^^^^^^^^^^^^^^^^^^^^^^^^^^^^^^^^^^^^^^^^
  File "/home/prince/.local/lib/python3.11/site-packages/pymysql/connections.py", line 825, in _read_query_result
    result.read()
  File "/home/prince/.local/lib/python3.11/site-packages/pymysql/connections.py", line 1199, in read
    first_packet = self.connection._read_packet()
                   ^^^^^^^^^^^^^^^^^^^^^^^^^^^^^^
  File "/home/prince/.local/lib/python3.11/site-packages/pymysql/connections.py", line 775, in _read_packet
    packet.raise_for_error()
  File "/home/prince/.local/lib/python3.11/site-packages/pymysql/protocol.py", line 219, in raise_for_error
    err.raise_mysql_exception(self._data)
  File "/home/prince/.local/lib/python3.11/site-packages/pymysql/err.py", line 150, in raise_mysql_exception
    raise errorclass(errno, errval)
sqlalchemy.exc.IntegrityError: (pymysql.err.IntegrityError) (1062, "Duplicate entry 'Laptops' for key 'product_table.ix_product_table_product_name'")
[SQL: INSERT INTO product_table (product_category_id, product_subcategory_id, product_name, product_description, product_price, product_image_names, product_image_paths, product_quantity, is_deleted, created_at, modified_at) VALUES (%(product_category_id)s, %(product_subcategory_id)s, %(product_name)s, %(product_description)s, %(product_price)s, %(product_image_names)s, %(product_image_paths)s, %(product_quantity)s, %(is_deleted)s, %(created_at)s, %(modified_at)s)]
[parameters: {'product_category_id': 12, 'product_subcategory_id': 1, 'product_name': 'Laptops', 'product_description': 'conic high-top sneakers known for their comfort and street-style appeal.', 'product_price': 9999, 'product_image_names': '[]', 'product_image_paths': '[]', 'product_quantity': 34, 'is_deleted': 0, 'created_at': 1743075753, 'modified_at': 1743075753}]
(Background on this error at: https://sqlalche.me/e/20/gkpj)
2025-03-27 17:12:40,366 - product_service.py - FastCRUD -  insert_product_service - INFO - Product Images received: None

2025-03-27 17:12:40,366 - image_store.py - FastCRUD -  save_multiple_images - INFO - No files uploaded to the image uploader.

2025-03-27 17:12:40,366 - product_service.py - FastCRUD -  insert_product_service - INFO - Saved image names: []

2025-03-27 17:12:40,366 - product_service.py - FastCRUD -  insert_product_service - INFO - Saved image paths: []

2025-03-27 17:12:40,367 - product_service.py - FastCRUD -  insert_product_service - INFO - Final product data before insertion: {'product_category_id': 12, 'product_subcategory_id': 1, 'product_name': 'Laptopss', 'product_description': 'conic high-top sneakers known for their comfort and street-style appeal.', 'product_price': 9999, 'product_quantity': 34, 'product_image_names': [], 'product_image_paths': [], 'is_deleted': False, 'created_at': 1743075760, 'modified_at': 1743075760}

2025-03-27 17:20:43,745 - product_service.py - FastCRUD -  insert_product_service - INFO - Product Images received: None

2025-03-27 17:20:43,746 - image_store.py - FastCRUD -  save_multiple_images - INFO - No files uploaded

2025-03-27 17:20:43,746 - product_service.py - FastCRUD -  insert_product_service - INFO - Saved image names: []

2025-03-27 17:20:43,746 - product_service.py - FastCRUD -  insert_product_service - INFO - Saved image paths: []

2025-03-27 17:20:43,746 - product_service.py - FastCRUD -  insert_product_service - INFO - Final product data before insertion: {'product_category_id': 12, 'product_subcategory_id': 1, 'product_name': 'Laptopsss', 'product_description': 'conic high-top sneakers known for their comfort and street-style appeal.', 'product_price': 9999, 'product_quantity': 34, 'product_image_names': [], 'product_image_paths': [], 'is_deleted': False, 'created_at': 1743076243, 'modified_at': 1743076243}

2025-03-27 17:23:40,185 - product_service.py - FastCRUD -  insert_product_service - INFO - Product Images received: None

2025-03-27 17:23:40,185 - image_store.py - FastCRUD -  save_multiple_images - INFO - No files uploaded

2025-03-27 17:23:40,185 - product_service.py - FastCRUD -  insert_product_service - INFO - Saved image names: []

2025-03-27 17:23:40,185 - product_service.py - FastCRUD -  insert_product_service - INFO - Saved image paths: []

2025-03-27 17:23:40,185 - product_service.py - FastCRUD -  insert_product_service - INFO - Final product data before insertion: {'product_category_id': 12, 'product_subcategory_id': 1, 'product_name': 'Laptopsss', 'product_description': 'conic high-top sneakers known for their comfort and street-style appeal.', 'product_price': 9999, 'product_quantity': 34, 'product_image_names': [], 'product_image_paths': [], 'is_deleted': False, 'created_at': 1743076420, 'modified_at': 1743076420}

2025-03-27 17:23:40,194 - product_service.py - FastCRUD -  insert_product_service - ERROR - Error inserting product
Traceback (most recent call last):
  File "/home/prince/.local/lib/python3.11/site-packages/sqlalchemy/engine/base.py", line 1964, in _exec_single_context
    self.dialect.do_execute(
  File "/home/prince/.local/lib/python3.11/site-packages/sqlalchemy/engine/default.py", line 942, in do_execute
    cursor.execute(statement, parameters)
  File "/home/prince/.local/lib/python3.11/site-packages/pymysql/cursors.py", line 153, in execute
    result = self._query(query)
             ^^^^^^^^^^^^^^^^^^
  File "/home/prince/.local/lib/python3.11/site-packages/pymysql/cursors.py", line 322, in _query
    conn.query(q)
  File "/home/prince/.local/lib/python3.11/site-packages/pymysql/connections.py", line 563, in query
    self._affected_rows = self._read_query_result(unbuffered=unbuffered)
                          ^^^^^^^^^^^^^^^^^^^^^^^^^^^^^^^^^^^^^^^^^^^^^^
  File "/home/prince/.local/lib/python3.11/site-packages/pymysql/connections.py", line 825, in _read_query_result
    result.read()
  File "/home/prince/.local/lib/python3.11/site-packages/pymysql/connections.py", line 1199, in read
    first_packet = self.connection._read_packet()
                   ^^^^^^^^^^^^^^^^^^^^^^^^^^^^^^
  File "/home/prince/.local/lib/python3.11/site-packages/pymysql/connections.py", line 775, in _read_packet
    packet.raise_for_error()
  File "/home/prince/.local/lib/python3.11/site-packages/pymysql/protocol.py", line 219, in raise_for_error
    err.raise_mysql_exception(self._data)
  File "/home/prince/.local/lib/python3.11/site-packages/pymysql/err.py", line 150, in raise_mysql_exception
    raise errorclass(errno, errval)
pymysql.err.IntegrityError: (1062, "Duplicate entry 'Laptopsss' for key 'product_table.ix_product_table_product_name'")

The above exception was the direct cause of the following exception:

Traceback (most recent call last):
  File "/home/prince/PycharmProjects/FastCRUD/base/service/product/product_service.py", line 53, in insert_product_service
    product_insert_data = ProductDAO.insert_product_dao(product_vo)
                          ^^^^^^^^^^^^^^^^^^^^^^^^^^^^^^^^^^^^^^^^^
  File "/home/prince/PycharmProjects/FastCRUD/base/dao/product/product_dao.py", line 10, in insert_product_dao
    product_data = MysqlCommonQuery.insert_query(product_vo)
                   ^^^^^^^^^^^^^^^^^^^^^^^^^^^^^^^^^^^^^^^^^
  File "/home/prince/PycharmProjects/FastCRUD/base/client/mysql_common/mysql_common_query.py", line 15, in insert_query
    session.commit()
  File "/home/prince/.local/lib/python3.11/site-packages/sqlalchemy/orm/session.py", line 2032, in commit
    trans.commit(_to_root=True)
  File "<string>", line 2, in commit
  File "/home/prince/.local/lib/python3.11/site-packages/sqlalchemy/orm/state_changes.py", line 139, in _go
    ret_value = fn(self, *arg, **kw)
                ^^^^^^^^^^^^^^^^^^^^
  File "/home/prince/.local/lib/python3.11/site-packages/sqlalchemy/orm/session.py", line 1313, in commit
    self._prepare_impl()
  File "<string>", line 2, in _prepare_impl
  File "/home/prince/.local/lib/python3.11/site-packages/sqlalchemy/orm/state_changes.py", line 139, in _go
    ret_value = fn(self, *arg, **kw)
                ^^^^^^^^^^^^^^^^^^^^
  File "/home/prince/.local/lib/python3.11/site-packages/sqlalchemy/orm/session.py", line 1288, in _prepare_impl
    self.session.flush()
  File "/home/prince/.local/lib/python3.11/site-packages/sqlalchemy/orm/session.py", line 4353, in flush
    self._flush(objects)
  File "/home/prince/.local/lib/python3.11/site-packages/sqlalchemy/orm/session.py", line 4488, in _flush
    with util.safe_reraise():
  File "/home/prince/.local/lib/python3.11/site-packages/sqlalchemy/util/langhelpers.py", line 146, in __exit__
    raise exc_value.with_traceback(exc_tb)
  File "/home/prince/.local/lib/python3.11/site-packages/sqlalchemy/orm/session.py", line 4449, in _flush
    flush_context.execute()
  File "/home/prince/.local/lib/python3.11/site-packages/sqlalchemy/orm/unitofwork.py", line 466, in execute
    rec.execute(self)
  File "/home/prince/.local/lib/python3.11/site-packages/sqlalchemy/orm/unitofwork.py", line 642, in execute
    util.preloaded.orm_persistence.save_obj(
  File "/home/prince/.local/lib/python3.11/site-packages/sqlalchemy/orm/persistence.py", line 93, in save_obj
    _emit_insert_statements(
  File "/home/prince/.local/lib/python3.11/site-packages/sqlalchemy/orm/persistence.py", line 1233, in _emit_insert_statements
    result = connection.execute(
             ^^^^^^^^^^^^^^^^^^^
  File "/home/prince/.local/lib/python3.11/site-packages/sqlalchemy/engine/base.py", line 1416, in execute
    return meth(
           ^^^^^
  File "/home/prince/.local/lib/python3.11/site-packages/sqlalchemy/sql/elements.py", line 516, in _execute_on_connection
    return connection._execute_clauseelement(
           ^^^^^^^^^^^^^^^^^^^^^^^^^^^^^^^^^^
  File "/home/prince/.local/lib/python3.11/site-packages/sqlalchemy/engine/base.py", line 1638, in _execute_clauseelement
    ret = self._execute_context(
          ^^^^^^^^^^^^^^^^^^^^^^
  File "/home/prince/.local/lib/python3.11/site-packages/sqlalchemy/engine/base.py", line 1843, in _execute_context
    return self._exec_single_context(
           ^^^^^^^^^^^^^^^^^^^^^^^^^^
  File "/home/prince/.local/lib/python3.11/site-packages/sqlalchemy/engine/base.py", line 1983, in _exec_single_context
    self._handle_dbapi_exception(
  File "/home/prince/.local/lib/python3.11/site-packages/sqlalchemy/engine/base.py", line 2352, in _handle_dbapi_exception
    raise sqlalchemy_exception.with_traceback(exc_info[2]) from e
  File "/home/prince/.local/lib/python3.11/site-packages/sqlalchemy/engine/base.py", line 1964, in _exec_single_context
    self.dialect.do_execute(
  File "/home/prince/.local/lib/python3.11/site-packages/sqlalchemy/engine/default.py", line 942, in do_execute
    cursor.execute(statement, parameters)
  File "/home/prince/.local/lib/python3.11/site-packages/pymysql/cursors.py", line 153, in execute
    result = self._query(query)
             ^^^^^^^^^^^^^^^^^^
  File "/home/prince/.local/lib/python3.11/site-packages/pymysql/cursors.py", line 322, in _query
    conn.query(q)
  File "/home/prince/.local/lib/python3.11/site-packages/pymysql/connections.py", line 563, in query
    self._affected_rows = self._read_query_result(unbuffered=unbuffered)
                          ^^^^^^^^^^^^^^^^^^^^^^^^^^^^^^^^^^^^^^^^^^^^^^
  File "/home/prince/.local/lib/python3.11/site-packages/pymysql/connections.py", line 825, in _read_query_result
    result.read()
  File "/home/prince/.local/lib/python3.11/site-packages/pymysql/connections.py", line 1199, in read
    first_packet = self.connection._read_packet()
                   ^^^^^^^^^^^^^^^^^^^^^^^^^^^^^^
  File "/home/prince/.local/lib/python3.11/site-packages/pymysql/connections.py", line 775, in _read_packet
    packet.raise_for_error()
  File "/home/prince/.local/lib/python3.11/site-packages/pymysql/protocol.py", line 219, in raise_for_error
    err.raise_mysql_exception(self._data)
  File "/home/prince/.local/lib/python3.11/site-packages/pymysql/err.py", line 150, in raise_mysql_exception
    raise errorclass(errno, errval)
sqlalchemy.exc.IntegrityError: (pymysql.err.IntegrityError) (1062, "Duplicate entry 'Laptopsss' for key 'product_table.ix_product_table_product_name'")
[SQL: INSERT INTO product_table (product_category_id, product_subcategory_id, product_name, product_description, product_price, product_image_names, product_image_paths, product_quantity, is_deleted, created_at, modified_at) VALUES (%(product_category_id)s, %(product_subcategory_id)s, %(product_name)s, %(product_description)s, %(product_price)s, %(product_image_names)s, %(product_image_paths)s, %(product_quantity)s, %(is_deleted)s, %(created_at)s, %(modified_at)s)]
[parameters: {'product_category_id': 12, 'product_subcategory_id': 1, 'product_name': 'Laptopsss', 'product_description': 'conic high-top sneakers known for their comfort and street-style appeal.', 'product_price': 9999, 'product_image_names': '[]', 'product_image_paths': '[]', 'product_quantity': 34, 'is_deleted': 0, 'created_at': 1743076420, 'modified_at': 1743076420}]
(Background on this error at: https://sqlalche.me/e/20/gkpj)
2025-03-27 17:23:43,509 - product_service.py - FastCRUD -  insert_product_service - INFO - Product Images received: None

2025-03-27 17:23:43,509 - image_store.py - FastCRUD -  save_multiple_images - INFO - No files uploaded

2025-03-27 17:23:43,509 - product_service.py - FastCRUD -  insert_product_service - INFO - Saved image names: []

2025-03-27 17:23:43,509 - product_service.py - FastCRUD -  insert_product_service - INFO - Saved image paths: []

2025-03-27 17:23:43,509 - product_service.py - FastCRUD -  insert_product_service - INFO - Final product data before insertion: {'product_category_id': 12, 'product_subcategory_id': 1, 'product_name': 'Laptopssss', 'product_description': 'conic high-top sneakers known for their comfort and street-style appeal.', 'product_price': 9999, 'product_quantity': 34, 'product_image_names': [], 'product_image_paths': [], 'is_deleted': False, 'created_at': 1743076423, 'modified_at': 1743076423}

2025-03-27 17:26:26,809 - product_service.py - FastCRUD -  insert_product_service - INFO - Product Images received: None

2025-03-27 17:26:26,809 - image_store.py - FastCRUD -  save_multiple_images - INFO - No files uploaded

2025-03-27 17:26:26,809 - product_service.py - FastCRUD -  insert_product_service - INFO - Saved image names: []

2025-03-27 17:26:26,809 - product_service.py - FastCRUD -  insert_product_service - INFO - Saved image paths: []

2025-03-27 17:26:26,809 - product_service.py - FastCRUD -  insert_product_service - INFO - Final product data before insertion: {'product_category_id': 12, 'product_subcategory_id': 1, 'product_name': 'Laptopsssss', 'product_description': 'conic high-top sneakers known for their comfort and street-style appeal.', 'product_price': 9999, 'product_quantity': 34, 'product_image_names': [], 'product_image_paths': [], 'is_deleted': False, 'created_at': 1743076586, 'modified_at': 1743076586}

2025-03-27 17:29:35,337 - product_service.py - FastCRUD -  insert_product_service - INFO - Product Images received: None

2025-03-27 17:29:35,337 - image_store.py - FastCRUD -  save_multiple_images - INFO - No files uploaded

2025-03-27 17:29:35,338 - product_service.py - FastCRUD -  insert_product_service - INFO - Saved image names: []

2025-03-27 17:29:35,338 - product_service.py - FastCRUD -  insert_product_service - INFO - Saved image paths: []

2025-03-27 17:29:35,338 - product_service.py - FastCRUD -  insert_product_service - INFO - Final product data before insertion: {'product_category_id': 12, 'product_subcategory_id': 1, 'product_name': 'Laptopssssss', 'product_description': 'conic high-top sneakers known for their comfort and street-style appeal.', 'product_price': 9999, 'product_quantity': 34, 'product_image_names': [], 'product_image_paths': [], 'is_deleted': False, 'created_at': 1743076775, 'modified_at': 1743076775}

2025-03-27 17:35:58,215 - product_service.py - FastCRUD -  insert_product_service - ERROR - Error inserting product
Traceback (most recent call last):
  File "/home/prince/PycharmProjects/FastCRUD/base/service/product/product_service.py", line 62, in insert_product_service
    product_vo = ProductVO(**product_data)
                 ^^^^^^^^^^^^^^^^^^^^^^^^^
  File "<string>", line 4, in __init__
  File "/home/prince/.local/lib/python3.11/site-packages/sqlalchemy/orm/state.py", line 571, in _initialize_instance
    with util.safe_reraise():
  File "/home/prince/.local/lib/python3.11/site-packages/sqlalchemy/util/langhelpers.py", line 146, in __exit__
    raise exc_value.with_traceback(exc_tb)
  File "/home/prince/.local/lib/python3.11/site-packages/sqlalchemy/orm/state.py", line 569, in _initialize_instance
    manager.original_init(*mixed[1:], **kwargs)
  File "/home/prince/.local/lib/python3.11/site-packages/sqlalchemy/orm/decl_base.py", line 2175, in _declarative_constructor
    raise TypeError(
TypeError: 'product_image_name' is an invalid keyword argument for ProductVO
2025-03-27 17:36:50,227 - product_service.py - FastCRUD -  insert_product_service - ERROR - Error inserting product
Traceback (most recent call last):
  File "/home/prince/PycharmProjects/FastCRUD/base/service/product/product_service.py", line 62, in insert_product_service
    product_vo = ProductVO(**product_data)
                 ^^^^^^^^^^^^^^^^^^^^^^^^^
  File "<string>", line 4, in __init__
  File "/home/prince/.local/lib/python3.11/site-packages/sqlalchemy/orm/state.py", line 571, in _initialize_instance
    with util.safe_reraise():
  File "/home/prince/.local/lib/python3.11/site-packages/sqlalchemy/util/langhelpers.py", line 146, in __exit__
    raise exc_value.with_traceback(exc_tb)
  File "/home/prince/.local/lib/python3.11/site-packages/sqlalchemy/orm/state.py", line 569, in _initialize_instance
    manager.original_init(*mixed[1:], **kwargs)
  File "/home/prince/.local/lib/python3.11/site-packages/sqlalchemy/orm/decl_base.py", line 2175, in _declarative_constructor
    raise TypeError(
TypeError: 'product_image_name' is an invalid keyword argument for ProductVO
2025-03-27 17:48:53,720 - product_service.py - FastCRUD -  insert_product_service - ERROR - Error inserting product
Traceback (most recent call last):
  File "/home/prince/PycharmProjects/FastCRUD/base/service/product/product_service.py", line 58, in insert_product_service
    product_vo = ProductVO(product_data)
                 ^^^^^^^^^^^^^^^^^^^^^^^
TypeError: __init__() takes 1 positional argument but 2 were given
2025-03-27 18:02:05,322 - product_service.py - FastCRUD -  insert_product_service - ERROR - Error inserting product
Traceback (most recent call last):
  File "/home/prince/.local/lib/python3.11/site-packages/sqlalchemy/engine/base.py", line 1964, in _exec_single_context
    self.dialect.do_execute(
  File "/home/prince/.local/lib/python3.11/site-packages/sqlalchemy/engine/default.py", line 942, in do_execute
    cursor.execute(statement, parameters)
  File "/home/prince/.local/lib/python3.11/site-packages/pymysql/cursors.py", line 153, in execute
    result = self._query(query)
             ^^^^^^^^^^^^^^^^^^
  File "/home/prince/.local/lib/python3.11/site-packages/pymysql/cursors.py", line 322, in _query
    conn.query(q)
  File "/home/prince/.local/lib/python3.11/site-packages/pymysql/connections.py", line 563, in query
    self._affected_rows = self._read_query_result(unbuffered=unbuffered)
                          ^^^^^^^^^^^^^^^^^^^^^^^^^^^^^^^^^^^^^^^^^^^^^^
  File "/home/prince/.local/lib/python3.11/site-packages/pymysql/connections.py", line 825, in _read_query_result
    result.read()
  File "/home/prince/.local/lib/python3.11/site-packages/pymysql/connections.py", line 1199, in read
    first_packet = self.connection._read_packet()
                   ^^^^^^^^^^^^^^^^^^^^^^^^^^^^^^
  File "/home/prince/.local/lib/python3.11/site-packages/pymysql/connections.py", line 775, in _read_packet
    packet.raise_for_error()
  File "/home/prince/.local/lib/python3.11/site-packages/pymysql/protocol.py", line 219, in raise_for_error
    err.raise_mysql_exception(self._data)
  File "/home/prince/.local/lib/python3.11/site-packages/pymysql/err.py", line 150, in raise_mysql_exception
    raise errorclass(errno, errval)
pymysql.err.IntegrityError: (1062, "Duplicate entry 'fashionssdfx' for key 'product_table.ix_product_table_product_name'")

The above exception was the direct cause of the following exception:

Traceback (most recent call last):
  File "/home/prince/PycharmProjects/FastCRUD/base/service/product/product_service.py", line 60, in insert_product_service
    product_insert_data = ProductDAO.insert_product_dao(product_vo)
                          ^^^^^^^^^^^^^^^^^^^^^^^^^^^^^^^^^^^^^^^^^
  File "/home/prince/PycharmProjects/FastCRUD/base/dao/product/product_dao.py", line 9, in insert_product_dao
    product_data = MysqlCommonQuery.insert_query(product_vo)
                   ^^^^^^^^^^^^^^^^^^^^^^^^^^^^^^^^^^^^^^^^^
  File "/home/prince/PycharmProjects/FastCRUD/base/client/mysql_common/mysql_common_query.py", line 15, in insert_query
    session.commit()
  File "/home/prince/.local/lib/python3.11/site-packages/sqlalchemy/orm/session.py", line 2032, in commit
    trans.commit(_to_root=True)
  File "<string>", line 2, in commit
  File "/home/prince/.local/lib/python3.11/site-packages/sqlalchemy/orm/state_changes.py", line 139, in _go
    ret_value = fn(self, *arg, **kw)
                ^^^^^^^^^^^^^^^^^^^^
  File "/home/prince/.local/lib/python3.11/site-packages/sqlalchemy/orm/session.py", line 1313, in commit
    self._prepare_impl()
  File "<string>", line 2, in _prepare_impl
  File "/home/prince/.local/lib/python3.11/site-packages/sqlalchemy/orm/state_changes.py", line 139, in _go
    ret_value = fn(self, *arg, **kw)
                ^^^^^^^^^^^^^^^^^^^^
  File "/home/prince/.local/lib/python3.11/site-packages/sqlalchemy/orm/session.py", line 1288, in _prepare_impl
    self.session.flush()
  File "/home/prince/.local/lib/python3.11/site-packages/sqlalchemy/orm/session.py", line 4353, in flush
    self._flush(objects)
  File "/home/prince/.local/lib/python3.11/site-packages/sqlalchemy/orm/session.py", line 4488, in _flush
    with util.safe_reraise():
  File "/home/prince/.local/lib/python3.11/site-packages/sqlalchemy/util/langhelpers.py", line 146, in __exit__
    raise exc_value.with_traceback(exc_tb)
  File "/home/prince/.local/lib/python3.11/site-packages/sqlalchemy/orm/session.py", line 4449, in _flush
    flush_context.execute()
  File "/home/prince/.local/lib/python3.11/site-packages/sqlalchemy/orm/unitofwork.py", line 466, in execute
    rec.execute(self)
  File "/home/prince/.local/lib/python3.11/site-packages/sqlalchemy/orm/unitofwork.py", line 642, in execute
    util.preloaded.orm_persistence.save_obj(
  File "/home/prince/.local/lib/python3.11/site-packages/sqlalchemy/orm/persistence.py", line 93, in save_obj
    _emit_insert_statements(
  File "/home/prince/.local/lib/python3.11/site-packages/sqlalchemy/orm/persistence.py", line 1233, in _emit_insert_statements
    result = connection.execute(
             ^^^^^^^^^^^^^^^^^^^
  File "/home/prince/.local/lib/python3.11/site-packages/sqlalchemy/engine/base.py", line 1416, in execute
    return meth(
           ^^^^^
  File "/home/prince/.local/lib/python3.11/site-packages/sqlalchemy/sql/elements.py", line 516, in _execute_on_connection
    return connection._execute_clauseelement(
           ^^^^^^^^^^^^^^^^^^^^^^^^^^^^^^^^^^
  File "/home/prince/.local/lib/python3.11/site-packages/sqlalchemy/engine/base.py", line 1638, in _execute_clauseelement
    ret = self._execute_context(
          ^^^^^^^^^^^^^^^^^^^^^^
  File "/home/prince/.local/lib/python3.11/site-packages/sqlalchemy/engine/base.py", line 1843, in _execute_context
    return self._exec_single_context(
           ^^^^^^^^^^^^^^^^^^^^^^^^^^
  File "/home/prince/.local/lib/python3.11/site-packages/sqlalchemy/engine/base.py", line 1983, in _exec_single_context
    self._handle_dbapi_exception(
  File "/home/prince/.local/lib/python3.11/site-packages/sqlalchemy/engine/base.py", line 2352, in _handle_dbapi_exception
    raise sqlalchemy_exception.with_traceback(exc_info[2]) from e
  File "/home/prince/.local/lib/python3.11/site-packages/sqlalchemy/engine/base.py", line 1964, in _exec_single_context
    self.dialect.do_execute(
  File "/home/prince/.local/lib/python3.11/site-packages/sqlalchemy/engine/default.py", line 942, in do_execute
    cursor.execute(statement, parameters)
  File "/home/prince/.local/lib/python3.11/site-packages/pymysql/cursors.py", line 153, in execute
    result = self._query(query)
             ^^^^^^^^^^^^^^^^^^
  File "/home/prince/.local/lib/python3.11/site-packages/pymysql/cursors.py", line 322, in _query
    conn.query(q)
  File "/home/prince/.local/lib/python3.11/site-packages/pymysql/connections.py", line 563, in query
    self._affected_rows = self._read_query_result(unbuffered=unbuffered)
                          ^^^^^^^^^^^^^^^^^^^^^^^^^^^^^^^^^^^^^^^^^^^^^^
  File "/home/prince/.local/lib/python3.11/site-packages/pymysql/connections.py", line 825, in _read_query_result
    result.read()
  File "/home/prince/.local/lib/python3.11/site-packages/pymysql/connections.py", line 1199, in read
    first_packet = self.connection._read_packet()
                   ^^^^^^^^^^^^^^^^^^^^^^^^^^^^^^
  File "/home/prince/.local/lib/python3.11/site-packages/pymysql/connections.py", line 775, in _read_packet
    packet.raise_for_error()
  File "/home/prince/.local/lib/python3.11/site-packages/pymysql/protocol.py", line 219, in raise_for_error
    err.raise_mysql_exception(self._data)
  File "/home/prince/.local/lib/python3.11/site-packages/pymysql/err.py", line 150, in raise_mysql_exception
    raise errorclass(errno, errval)
sqlalchemy.exc.IntegrityError: (pymysql.err.IntegrityError) (1062, "Duplicate entry 'fashionssdfx' for key 'product_table.ix_product_table_product_name'")
[SQL: INSERT INTO product_table (product_category_id, product_subcategory_id, product_name, product_description, product_price, product_image_names, product_image_paths, product_quantity, is_deleted, created_at, modified_at) VALUES (%(product_category_id)s, %(product_subcategory_id)s, %(product_name)s, %(product_description)s, %(product_price)s, %(product_image_names)s, %(product_image_paths)s, %(product_quantity)s, %(is_deleted)s, %(created_at)s, %(modified_at)s)]
[parameters: {'product_category_id': 3, 'product_subcategory_id': 1, 'product_name': 'fashionssdfx', 'product_description': 'stringcsdvs', 'product_price': 886, 'product_image_names': '"NikeAirForce1Sneakers.jpg"', 'product_image_paths': '"static/product_image/NikeAirForce1Sneakers.jpg"', 'product_quantity': 78876, 'is_deleted': 0, 'created_at': 1743078725, 'modified_at': 1743078725}]
(Background on this error at: https://sqlalche.me/e/20/gkpj)
2025-03-28 22:46:31,120 - product_service.py - FastCRUD -  update_product_service - ERROR - Error updating product: 'ProductVO' object has no attribute 'product_image_name'
Traceback (most recent call last):
  File "/home/prince/PycharmProjects/FastCRUD/base/service/product/product_service.py", line 158, in update_product_service
    image_name = existing_product.product_image_name
                 ^^^^^^^^^^^^^^^^^^^^^^^^^^^^^^^^^^^
AttributeError: 'ProductVO' object has no attribute 'product_image_name'
2025-03-28 22:46:58,879 - product_service.py - FastCRUD -  update_product_service - ERROR - Error updating product: 'product_image_name' is an invalid keyword argument for ProductVO
Traceback (most recent call last):
  File "/home/prince/PycharmProjects/FastCRUD/base/service/product/product_service.py", line 180, in update_product_service
    product_vo = ProductVO(**product_data)
                 ^^^^^^^^^^^^^^^^^^^^^^^^^
  File "<string>", line 4, in __init__
  File "/home/prince/.local/lib/python3.11/site-packages/sqlalchemy/orm/state.py", line 571, in _initialize_instance
    with util.safe_reraise():
  File "/home/prince/.local/lib/python3.11/site-packages/sqlalchemy/util/langhelpers.py", line 146, in __exit__
    raise exc_value.with_traceback(exc_tb)
  File "/home/prince/.local/lib/python3.11/site-packages/sqlalchemy/orm/state.py", line 569, in _initialize_instance
    manager.original_init(*mixed[1:], **kwargs)
  File "/home/prince/.local/lib/python3.11/site-packages/sqlalchemy/orm/decl_base.py", line 2175, in _declarative_constructor
    raise TypeError(
TypeError: 'product_image_name' is an invalid keyword argument for ProductVO
2025-03-28 22:48:45,965 - product_service.py - FastCRUD -  update_product_service - ERROR - Error updating product: not enough values to unpack (expected 2, got 1)
Traceback (most recent call last):
  File "/home/prince/PycharmProjects/FastCRUD/base/service/product/product_service.py", line 162, in update_product_service
    image_name, image_path =  ProductImageUploader.save_image(
    ^^^^^^^^^^^^^^^^^^^^^^
ValueError: not enough values to unpack (expected 2, got 1)
2025-03-28 22:58:56,468 - product_service.py - FastCRUD -  update_product_service - ERROR - Error updating product: not enough values to unpack (expected 2, got 1)
Traceback (most recent call last):
  File "/home/prince/PycharmProjects/FastCRUD/base/service/product/product_service.py", line 161, in update_product_service
    image_name, image_path =  ProductImageUploader.save_image(image)
    ^^^^^^^^^^^^^^^^^^^^^^
ValueError: not enough values to unpack (expected 2, got 1)
2025-03-28 23:11:43,731 - product_service.py - FastCRUD -  update_product_service - ERROR - Error updating product: not enough values to unpack (expected 2, got 1)
Traceback (most recent call last):
  File "/home/prince/PycharmProjects/FastCRUD/base/service/product/product_service.py", line 161, in update_product_service
    image_name, image_path =  ProductImageUploader.save_image(image)
    ^^^^^^^^^^^^^^^^^^^^^^
ValueError: not enough values to unpack (expected 2, got 1)
2025-03-31 10:33:10,612 - register_service.py - FastCRUD -  insert_register_service - ERROR - Error inserting register
Traceback (most recent call last):
  File "/home/prince/PycharmProjects/FastCRUD/base/service/register/register_service.py", line 21, in insert_register_service
    login_vo.login_username = register_dao_data.login_username
                              ^^^^^^^^^^^^^^^^^^^^^^^^^^^^^^^^
  File "/home/prince/.local/lib/python3.11/site-packages/pydantic/main.py", line 891, in __getattr__
    raise AttributeError(f'{type(self).__name__!r} object has no attribute {item!r}')
AttributeError: 'RegisterDTO' object has no attribute 'login_username'
2025-03-31 10:34:12,932 - register_service.py - FastCRUD -  insert_register_service - ERROR - Error inserting register
Traceback (most recent call last):
  File "/home/prince/.local/lib/python3.11/site-packages/sqlalchemy/sql/coercions.py", line 803, in _literal_coercion
    return expr._bind_param(operator, element, type_=bindparam_type)
           ^^^^^^^^^^^^^^^^^^^^^^^^^^^^^^^^^^^^^^^^^^^^^^^^^^^^^^^^^
  File "/home/prince/.local/lib/python3.11/site-packages/sqlalchemy/sql/elements.py", line 4606, in _bind_param
    return BindParameter(
           ^^^^^^^^^^^^^^
  File "/home/prince/.local/lib/python3.11/site-packages/sqlalchemy/sql/elements.py", line 2036, in __init__
    self.type = _compared_to_type.coerce_compared_value(
                ^^^^^^^^^^^^^^^^^^^^^^^^^^^^^^^^^^^^^^^^
  File "/home/prince/.local/lib/python3.11/site-packages/sqlalchemy/sql/type_api.py", line 1044, in coerce_compared_value
    _coerced_type = _resolve_value_to_type(value)
                    ^^^^^^^^^^^^^^^^^^^^^^^^^^^^^
  File "/home/prince/.local/lib/python3.11/site-packages/sqlalchemy/sql/sqltypes.py", line 3816, in _resolve_value_to_type
    raise exc.ArgumentError(
sqlalchemy.exc.ArgumentError: Object <base.vo.login_vo.LoginVO object at 0x7b41548a5b50> is not legal as a SQL literal value

The above exception was the direct cause of the following exception:

Traceback (most recent call last):
  File "/home/prince/PycharmProjects/FastCRUD/base/service/register/register_service.py", line 23, in insert_register_service
    login_insert_data = LoginDAO.get_login_id(login_vo)
                        ^^^^^^^^^^^^^^^^^^^^^^^^^^^^^^^
  File "/home/prince/PycharmProjects/FastCRUD/base/dao/login/login_dao.py", line 9, in get_login_id
    get_data = MysqlCommonQuery.get_user_by_username(LoginVO, login_username)
               ^^^^^^^^^^^^^^^^^^^^^^^^^^^^^^^^^^^^^^^^^^^^^^^^^^^^^^^^^^^^^^
  File "/home/prince/PycharmProjects/FastCRUD/base/client/mysql_common/mysql_common_query.py", line 63, in get_user_by_username
    user_data = session.query(table_name).filter_by(login_username=username).first()
                ^^^^^^^^^^^^^^^^^^^^^^^^^^^^^^^^^^^^^^^^^^^^^^^^^^^^^^^^^^^^
  File "/home/prince/.local/lib/python3.11/site-packages/sqlalchemy/orm/query.py", line 1986, in filter_by
    clauses = [
              ^
  File "/home/prince/.local/lib/python3.11/site-packages/sqlalchemy/orm/query.py", line 1987, in <listcomp>
    _entity_namespace_key(from_entity, key) == value
  File "/home/prince/.local/lib/python3.11/site-packages/sqlalchemy/sql/operators.py", line 584, in __eq__
    return self.operate(eq, other)
           ^^^^^^^^^^^^^^^^^^^^^^^
  File "/home/prince/.local/lib/python3.11/site-packages/sqlalchemy/orm/attributes.py", line 453, in operate
    return op(self.comparator, *other, **kwargs)  # type: ignore[no-any-return]  # noqa: E501
           ^^^^^^^^^^^^^^^^^^^^^^^^^^^^^^^^^^^^^
  File "/home/prince/.local/lib/python3.11/site-packages/sqlalchemy/sql/operators.py", line 584, in __eq__
    return self.operate(eq, other)
           ^^^^^^^^^^^^^^^^^^^^^^^
  File "/home/prince/.local/lib/python3.11/site-packages/sqlalchemy/orm/properties.py", line 477, in operate
    return op(self.__clause_element__(), *other, **kwargs)  # type: ignore[no-any-return]  # noqa: E501
           ^^^^^^^^^^^^^^^^^^^^^^^^^^^^^^^^^^^^^^^^^^^^^^^
  File "/home/prince/.local/lib/python3.11/site-packages/sqlalchemy/sql/annotation.py", line 371, in __eq__
    return self.__element.__class__.__eq__(self, other)
           ^^^^^^^^^^^^^^^^^^^^^^^^^^^^^^^^^^^^^^^^^^^^
  File "/home/prince/.local/lib/python3.11/site-packages/sqlalchemy/sql/operators.py", line 584, in __eq__
    return self.operate(eq, other)
           ^^^^^^^^^^^^^^^^^^^^^^^
  File "/home/prince/.local/lib/python3.11/site-packages/sqlalchemy/sql/elements.py", line 1516, in operate
    return op(self.comparator, *other, **kwargs)  # type: ignore[no-any-return]  # noqa: E501
           ^^^^^^^^^^^^^^^^^^^^^^^^^^^^^^^^^^^^^
  File "/home/prince/.local/lib/python3.11/site-packages/sqlalchemy/sql/operators.py", line 584, in __eq__
    return self.operate(eq, other)
           ^^^^^^^^^^^^^^^^^^^^^^^
  File "/home/prince/.local/lib/python3.11/site-packages/sqlalchemy/sql/type_api.py", line 197, in operate
    return op_fn(self.expr, op, *other, **addtl_kw)
           ^^^^^^^^^^^^^^^^^^^^^^^^^^^^^^^^^^^^^^^^
  File "/home/prince/.local/lib/python3.11/site-packages/sqlalchemy/sql/default_comparator.py", line 121, in _boolean_compare
    obj = coercions.expect(
          ^^^^^^^^^^^^^^^^^
  File "/home/prince/.local/lib/python3.11/site-packages/sqlalchemy/sql/coercions.py", line 395, in expect
    resolved = impl._literal_coercion(
               ^^^^^^^^^^^^^^^^^^^^^^^
  File "/home/prince/.local/lib/python3.11/site-packages/sqlalchemy/sql/coercions.py", line 805, in _literal_coercion
    self._raise_for_expected(element, err=err)
  File "/home/prince/.local/lib/python3.11/site-packages/sqlalchemy/sql/coercions.py", line 784, in _raise_for_expected
    return super()._raise_for_expected(
           ^^^^^^^^^^^^^^^^^^^^^^^^^^^^
  File "/home/prince/.local/lib/python3.11/site-packages/sqlalchemy/sql/coercions.py", line 518, in _raise_for_expected
    raise exc.ArgumentError(msg, code=code) from err
sqlalchemy.exc.ArgumentError: SQL expression element or literal value expected, got <base.vo.login_vo.LoginVO object at 0x7b41548a5b50>.
2025-03-31 10:34:22,356 - register_service.py - FastCRUD -  insert_register_service - ERROR - Error inserting register
Traceback (most recent call last):
  File "/home/prince/.local/lib/python3.11/site-packages/sqlalchemy/sql/coercions.py", line 803, in _literal_coercion
    return expr._bind_param(operator, element, type_=bindparam_type)
           ^^^^^^^^^^^^^^^^^^^^^^^^^^^^^^^^^^^^^^^^^^^^^^^^^^^^^^^^^
  File "/home/prince/.local/lib/python3.11/site-packages/sqlalchemy/sql/elements.py", line 4606, in _bind_param
    return BindParameter(
           ^^^^^^^^^^^^^^
  File "/home/prince/.local/lib/python3.11/site-packages/sqlalchemy/sql/elements.py", line 2036, in __init__
    self.type = _compared_to_type.coerce_compared_value(
                ^^^^^^^^^^^^^^^^^^^^^^^^^^^^^^^^^^^^^^^^
  File "/home/prince/.local/lib/python3.11/site-packages/sqlalchemy/sql/type_api.py", line 1044, in coerce_compared_value
    _coerced_type = _resolve_value_to_type(value)
                    ^^^^^^^^^^^^^^^^^^^^^^^^^^^^^
  File "/home/prince/.local/lib/python3.11/site-packages/sqlalchemy/sql/sqltypes.py", line 3816, in _resolve_value_to_type
    raise exc.ArgumentError(
sqlalchemy.exc.ArgumentError: Object <base.vo.login_vo.LoginVO object at 0x7ccbabab72d0> is not legal as a SQL literal value

The above exception was the direct cause of the following exception:

Traceback (most recent call last):
  File "/home/prince/PycharmProjects/FastCRUD/base/service/register/register_service.py", line 23, in insert_register_service
    login_insert_data = LoginDAO.get_login_id(login_vo)
                        ^^^^^^^^^^^^^^^^^^^^^^^^^^^^^^^
  File "/home/prince/PycharmProjects/FastCRUD/base/dao/login/login_dao.py", line 9, in get_login_id
    get_data = MysqlCommonQuery.get_user_by_username(LoginVO, login_username)
               ^^^^^^^^^^^^^^^^^^^^^^^^^^^^^^^^^^^^^^^^^^^^^^^^^^^^^^^^^^^^^^
  File "/home/prince/PycharmProjects/FastCRUD/base/client/mysql_common/mysql_common_query.py", line 63, in get_user_by_username
    user_data = session.query(table_name).filter_by(login_username=username).first()
                ^^^^^^^^^^^^^^^^^^^^^^^^^^^^^^^^^^^^^^^^^^^^^^^^^^^^^^^^^^^^
  File "/home/prince/.local/lib/python3.11/site-packages/sqlalchemy/orm/query.py", line 1986, in filter_by
    clauses = [
              ^
  File "/home/prince/.local/lib/python3.11/site-packages/sqlalchemy/orm/query.py", line 1987, in <listcomp>
    _entity_namespace_key(from_entity, key) == value
  File "/home/prince/.local/lib/python3.11/site-packages/sqlalchemy/sql/operators.py", line 584, in __eq__
    return self.operate(eq, other)
           ^^^^^^^^^^^^^^^^^^^^^^^
  File "/home/prince/.local/lib/python3.11/site-packages/sqlalchemy/orm/attributes.py", line 453, in operate
    return op(self.comparator, *other, **kwargs)  # type: ignore[no-any-return]  # noqa: E501
           ^^^^^^^^^^^^^^^^^^^^^^^^^^^^^^^^^^^^^
  File "/home/prince/.local/lib/python3.11/site-packages/sqlalchemy/sql/operators.py", line 584, in __eq__
    return self.operate(eq, other)
           ^^^^^^^^^^^^^^^^^^^^^^^
  File "/home/prince/.local/lib/python3.11/site-packages/sqlalchemy/orm/properties.py", line 477, in operate
    return op(self.__clause_element__(), *other, **kwargs)  # type: ignore[no-any-return]  # noqa: E501
           ^^^^^^^^^^^^^^^^^^^^^^^^^^^^^^^^^^^^^^^^^^^^^^^
  File "/home/prince/.local/lib/python3.11/site-packages/sqlalchemy/sql/annotation.py", line 371, in __eq__
    return self.__element.__class__.__eq__(self, other)
           ^^^^^^^^^^^^^^^^^^^^^^^^^^^^^^^^^^^^^^^^^^^^
  File "/home/prince/.local/lib/python3.11/site-packages/sqlalchemy/sql/operators.py", line 584, in __eq__
    return self.operate(eq, other)
           ^^^^^^^^^^^^^^^^^^^^^^^
  File "/home/prince/.local/lib/python3.11/site-packages/sqlalchemy/sql/elements.py", line 1516, in operate
    return op(self.comparator, *other, **kwargs)  # type: ignore[no-any-return]  # noqa: E501
           ^^^^^^^^^^^^^^^^^^^^^^^^^^^^^^^^^^^^^
  File "/home/prince/.local/lib/python3.11/site-packages/sqlalchemy/sql/operators.py", line 584, in __eq__
    return self.operate(eq, other)
           ^^^^^^^^^^^^^^^^^^^^^^^
  File "/home/prince/.local/lib/python3.11/site-packages/sqlalchemy/sql/type_api.py", line 197, in operate
    return op_fn(self.expr, op, *other, **addtl_kw)
           ^^^^^^^^^^^^^^^^^^^^^^^^^^^^^^^^^^^^^^^^
  File "/home/prince/.local/lib/python3.11/site-packages/sqlalchemy/sql/default_comparator.py", line 121, in _boolean_compare
    obj = coercions.expect(
          ^^^^^^^^^^^^^^^^^
  File "/home/prince/.local/lib/python3.11/site-packages/sqlalchemy/sql/coercions.py", line 395, in expect
    resolved = impl._literal_coercion(
               ^^^^^^^^^^^^^^^^^^^^^^^
  File "/home/prince/.local/lib/python3.11/site-packages/sqlalchemy/sql/coercions.py", line 805, in _literal_coercion
    self._raise_for_expected(element, err=err)
  File "/home/prince/.local/lib/python3.11/site-packages/sqlalchemy/sql/coercions.py", line 784, in _raise_for_expected
    return super()._raise_for_expected(
           ^^^^^^^^^^^^^^^^^^^^^^^^^^^^
  File "/home/prince/.local/lib/python3.11/site-packages/sqlalchemy/sql/coercions.py", line 518, in _raise_for_expected
    raise exc.ArgumentError(msg, code=code) from err
sqlalchemy.exc.ArgumentError: SQL expression element or literal value expected, got <base.vo.login_vo.LoginVO object at 0x7ccbabab72d0>.
2025-03-31 10:34:59,990 - register_service.py - FastCRUD -  insert_register_service - ERROR - Error inserting register
Traceback (most recent call last):
  File "/home/prince/.local/lib/python3.11/site-packages/sqlalchemy/engine/base.py", line 1964, in _exec_single_context
    self.dialect.do_execute(
  File "/home/prince/.local/lib/python3.11/site-packages/sqlalchemy/engine/default.py", line 942, in do_execute
    cursor.execute(statement, parameters)
  File "/home/prince/.local/lib/python3.11/site-packages/pymysql/cursors.py", line 153, in execute
    result = self._query(query)
             ^^^^^^^^^^^^^^^^^^
  File "/home/prince/.local/lib/python3.11/site-packages/pymysql/cursors.py", line 322, in _query
    conn.query(q)
  File "/home/prince/.local/lib/python3.11/site-packages/pymysql/connections.py", line 563, in query
    self._affected_rows = self._read_query_result(unbuffered=unbuffered)
                          ^^^^^^^^^^^^^^^^^^^^^^^^^^^^^^^^^^^^^^^^^^^^^^
  File "/home/prince/.local/lib/python3.11/site-packages/pymysql/connections.py", line 825, in _read_query_result
    result.read()
  File "/home/prince/.local/lib/python3.11/site-packages/pymysql/connections.py", line 1199, in read
    first_packet = self.connection._read_packet()
                   ^^^^^^^^^^^^^^^^^^^^^^^^^^^^^^
  File "/home/prince/.local/lib/python3.11/site-packages/pymysql/connections.py", line 775, in _read_packet
    packet.raise_for_error()
  File "/home/prince/.local/lib/python3.11/site-packages/pymysql/protocol.py", line 219, in raise_for_error
    err.raise_mysql_exception(self._data)
  File "/home/prince/.local/lib/python3.11/site-packages/pymysql/err.py", line 150, in raise_mysql_exception
    raise errorclass(errno, errval)
pymysql.err.ProgrammingError: (1146, "Table 'FASTCRUD_DB.login_table' doesn't exist")

The above exception was the direct cause of the following exception:

Traceback (most recent call last):
  File "/home/prince/PycharmProjects/FastCRUD/base/service/register/register_service.py", line 23, in insert_register_service
    login_insert_data = LoginDAO.get_login_id(login_vo.login_username)
                        ^^^^^^^^^^^^^^^^^^^^^^^^^^^^^^^^^^^^^^^^^^^^^^
  File "/home/prince/PycharmProjects/FastCRUD/base/dao/login/login_dao.py", line 9, in get_login_id
    get_data = MysqlCommonQuery.get_user_by_username(LoginVO, login_username)
               ^^^^^^^^^^^^^^^^^^^^^^^^^^^^^^^^^^^^^^^^^^^^^^^^^^^^^^^^^^^^^^
  File "/home/prince/PycharmProjects/FastCRUD/base/client/mysql_common/mysql_common_query.py", line 63, in get_user_by_username
    user_data = session.query(table_name).filter_by(login_username=username).first()
                ^^^^^^^^^^^^^^^^^^^^^^^^^^^^^^^^^^^^^^^^^^^^^^^^^^^^^^^^^^^^^^^^^^^^
  File "/home/prince/.local/lib/python3.11/site-packages/sqlalchemy/orm/query.py", line 2754, in first
    return self.limit(1)._iter().first()  # type: ignore
           ^^^^^^^^^^^^^^^^^^^^^
  File "/home/prince/.local/lib/python3.11/site-packages/sqlalchemy/orm/query.py", line 2853, in _iter
    result: Union[ScalarResult[_T], Result[_T]] = self.session.execute(
                                                  ^^^^^^^^^^^^^^^^^^^^^
  File "/home/prince/.local/lib/python3.11/site-packages/sqlalchemy/orm/session.py", line 2365, in execute
    return self._execute_internal(
           ^^^^^^^^^^^^^^^^^^^^^^^
  File "/home/prince/.local/lib/python3.11/site-packages/sqlalchemy/orm/session.py", line 2251, in _execute_internal
    result: Result[Any] = compile_state_cls.orm_execute_statement(
                          ^^^^^^^^^^^^^^^^^^^^^^^^^^^^^^^^^^^^^^^^
  File "/home/prince/.local/lib/python3.11/site-packages/sqlalchemy/orm/context.py", line 305, in orm_execute_statement
    result = conn.execute(
             ^^^^^^^^^^^^^
  File "/home/prince/.local/lib/python3.11/site-packages/sqlalchemy/engine/base.py", line 1416, in execute
    return meth(
           ^^^^^
  File "/home/prince/.local/lib/python3.11/site-packages/sqlalchemy/sql/elements.py", line 516, in _execute_on_connection
    return connection._execute_clauseelement(
           ^^^^^^^^^^^^^^^^^^^^^^^^^^^^^^^^^^
  File "/home/prince/.local/lib/python3.11/site-packages/sqlalchemy/engine/base.py", line 1638, in _execute_clauseelement
    ret = self._execute_context(
          ^^^^^^^^^^^^^^^^^^^^^^
  File "/home/prince/.local/lib/python3.11/site-packages/sqlalchemy/engine/base.py", line 1843, in _execute_context
    return self._exec_single_context(
           ^^^^^^^^^^^^^^^^^^^^^^^^^^
  File "/home/prince/.local/lib/python3.11/site-packages/sqlalchemy/engine/base.py", line 1983, in _exec_single_context
    self._handle_dbapi_exception(
  File "/home/prince/.local/lib/python3.11/site-packages/sqlalchemy/engine/base.py", line 2352, in _handle_dbapi_exception
    raise sqlalchemy_exception.with_traceback(exc_info[2]) from e
  File "/home/prince/.local/lib/python3.11/site-packages/sqlalchemy/engine/base.py", line 1964, in _exec_single_context
    self.dialect.do_execute(
  File "/home/prince/.local/lib/python3.11/site-packages/sqlalchemy/engine/default.py", line 942, in do_execute
    cursor.execute(statement, parameters)
  File "/home/prince/.local/lib/python3.11/site-packages/pymysql/cursors.py", line 153, in execute
    result = self._query(query)
             ^^^^^^^^^^^^^^^^^^
  File "/home/prince/.local/lib/python3.11/site-packages/pymysql/cursors.py", line 322, in _query
    conn.query(q)
  File "/home/prince/.local/lib/python3.11/site-packages/pymysql/connections.py", line 563, in query
    self._affected_rows = self._read_query_result(unbuffered=unbuffered)
                          ^^^^^^^^^^^^^^^^^^^^^^^^^^^^^^^^^^^^^^^^^^^^^^
  File "/home/prince/.local/lib/python3.11/site-packages/pymysql/connections.py", line 825, in _read_query_result
    result.read()
  File "/home/prince/.local/lib/python3.11/site-packages/pymysql/connections.py", line 1199, in read
    first_packet = self.connection._read_packet()
                   ^^^^^^^^^^^^^^^^^^^^^^^^^^^^^^
  File "/home/prince/.local/lib/python3.11/site-packages/pymysql/connections.py", line 775, in _read_packet
    packet.raise_for_error()
  File "/home/prince/.local/lib/python3.11/site-packages/pymysql/protocol.py", line 219, in raise_for_error
    err.raise_mysql_exception(self._data)
  File "/home/prince/.local/lib/python3.11/site-packages/pymysql/err.py", line 150, in raise_mysql_exception
    raise errorclass(errno, errval)
sqlalchemy.exc.ProgrammingError: (pymysql.err.ProgrammingError) (1146, "Table 'FASTCRUD_DB.login_table' doesn't exist")
[SQL: SELECT login_table.id AS login_table_id, login_table.login_username AS login_table_login_username, login_table.login_password AS login_table_login_password, login_table.login_status AS login_table_login_status, login_table.created_at AS login_table_created_at, login_table.modified_at AS login_table_modified_at 
FROM login_table 
WHERE login_table.login_username = %(login_username_1)s 
 LIMIT %(param_1)s]
[parameters: {'login_username_1': 'prince', 'param_1': 1}]
(Background on this error at: https://sqlalche.me/e/20/f405)
2025-03-31 10:36:29,275 - register_service.py - FastCRUD -  insert_register_service - ERROR - Error inserting register
Traceback (most recent call last):
  File "/home/prince/.local/lib/python3.11/site-packages/sqlalchemy/engine/base.py", line 1964, in _exec_single_context
    self.dialect.do_execute(
  File "/home/prince/.local/lib/python3.11/site-packages/sqlalchemy/engine/default.py", line 942, in do_execute
    cursor.execute(statement, parameters)
  File "/home/prince/.local/lib/python3.11/site-packages/pymysql/cursors.py", line 153, in execute
    result = self._query(query)
             ^^^^^^^^^^^^^^^^^^
  File "/home/prince/.local/lib/python3.11/site-packages/pymysql/cursors.py", line 322, in _query
    conn.query(q)
  File "/home/prince/.local/lib/python3.11/site-packages/pymysql/connections.py", line 563, in query
    self._affected_rows = self._read_query_result(unbuffered=unbuffered)
                          ^^^^^^^^^^^^^^^^^^^^^^^^^^^^^^^^^^^^^^^^^^^^^^
  File "/home/prince/.local/lib/python3.11/site-packages/pymysql/connections.py", line 825, in _read_query_result
    result.read()
  File "/home/prince/.local/lib/python3.11/site-packages/pymysql/connections.py", line 1199, in read
    first_packet = self.connection._read_packet()
                   ^^^^^^^^^^^^^^^^^^^^^^^^^^^^^^
  File "/home/prince/.local/lib/python3.11/site-packages/pymysql/connections.py", line 775, in _read_packet
    packet.raise_for_error()
  File "/home/prince/.local/lib/python3.11/site-packages/pymysql/protocol.py", line 219, in raise_for_error
    err.raise_mysql_exception(self._data)
  File "/home/prince/.local/lib/python3.11/site-packages/pymysql/err.py", line 150, in raise_mysql_exception
    raise errorclass(errno, errval)
pymysql.err.ProgrammingError: (1146, "Table 'FASTCRUD_DB.login_table' doesn't exist")

The above exception was the direct cause of the following exception:

Traceback (most recent call last):
  File "/home/prince/PycharmProjects/FastCRUD/base/service/register/register_service.py", line 23, in insert_register_service
    login_insert_data = LoginDAO.get_login_id(login_vo.login_username)
                        ^^^^^^^^^^^^^^^^^^^^^^^^^^^^^^^^^^^^^^^^^^^^^^
  File "/home/prince/PycharmProjects/FastCRUD/base/dao/login/login_dao.py", line 9, in get_login_id
    get_data = MysqlCommonQuery.get_user_by_username(LoginVO, login_username)
               ^^^^^^^^^^^^^^^^^^^^^^^^^^^^^^^^^^^^^^^^^^^^^^^^^^^^^^^^^^^^^^
  File "/home/prince/PycharmProjects/FastCRUD/base/client/mysql_common/mysql_common_query.py", line 63, in get_user_by_username
    user_data = session.query(table_name).filter_by(login_username=username).first()
                ^^^^^^^^^^^^^^^^^^^^^^^^^^^^^^^^^^^^^^^^^^^^^^^^^^^^^^^^^^^^^^^^^^^^
  File "/home/prince/.local/lib/python3.11/site-packages/sqlalchemy/orm/query.py", line 2754, in first
    return self.limit(1)._iter().first()  # type: ignore
           ^^^^^^^^^^^^^^^^^^^^^
  File "/home/prince/.local/lib/python3.11/site-packages/sqlalchemy/orm/query.py", line 2853, in _iter
    result: Union[ScalarResult[_T], Result[_T]] = self.session.execute(
                                                  ^^^^^^^^^^^^^^^^^^^^^
  File "/home/prince/.local/lib/python3.11/site-packages/sqlalchemy/orm/session.py", line 2365, in execute
    return self._execute_internal(
           ^^^^^^^^^^^^^^^^^^^^^^^
  File "/home/prince/.local/lib/python3.11/site-packages/sqlalchemy/orm/session.py", line 2251, in _execute_internal
    result: Result[Any] = compile_state_cls.orm_execute_statement(
                          ^^^^^^^^^^^^^^^^^^^^^^^^^^^^^^^^^^^^^^^^
  File "/home/prince/.local/lib/python3.11/site-packages/sqlalchemy/orm/context.py", line 305, in orm_execute_statement
    result = conn.execute(
             ^^^^^^^^^^^^^
  File "/home/prince/.local/lib/python3.11/site-packages/sqlalchemy/engine/base.py", line 1416, in execute
    return meth(
           ^^^^^
  File "/home/prince/.local/lib/python3.11/site-packages/sqlalchemy/sql/elements.py", line 516, in _execute_on_connection
    return connection._execute_clauseelement(
           ^^^^^^^^^^^^^^^^^^^^^^^^^^^^^^^^^^
  File "/home/prince/.local/lib/python3.11/site-packages/sqlalchemy/engine/base.py", line 1638, in _execute_clauseelement
    ret = self._execute_context(
          ^^^^^^^^^^^^^^^^^^^^^^
  File "/home/prince/.local/lib/python3.11/site-packages/sqlalchemy/engine/base.py", line 1843, in _execute_context
    return self._exec_single_context(
           ^^^^^^^^^^^^^^^^^^^^^^^^^^
  File "/home/prince/.local/lib/python3.11/site-packages/sqlalchemy/engine/base.py", line 1983, in _exec_single_context
    self._handle_dbapi_exception(
  File "/home/prince/.local/lib/python3.11/site-packages/sqlalchemy/engine/base.py", line 2352, in _handle_dbapi_exception
    raise sqlalchemy_exception.with_traceback(exc_info[2]) from e
  File "/home/prince/.local/lib/python3.11/site-packages/sqlalchemy/engine/base.py", line 1964, in _exec_single_context
    self.dialect.do_execute(
  File "/home/prince/.local/lib/python3.11/site-packages/sqlalchemy/engine/default.py", line 942, in do_execute
    cursor.execute(statement, parameters)
  File "/home/prince/.local/lib/python3.11/site-packages/pymysql/cursors.py", line 153, in execute
    result = self._query(query)
             ^^^^^^^^^^^^^^^^^^
  File "/home/prince/.local/lib/python3.11/site-packages/pymysql/cursors.py", line 322, in _query
    conn.query(q)
  File "/home/prince/.local/lib/python3.11/site-packages/pymysql/connections.py", line 563, in query
    self._affected_rows = self._read_query_result(unbuffered=unbuffered)
                          ^^^^^^^^^^^^^^^^^^^^^^^^^^^^^^^^^^^^^^^^^^^^^^
  File "/home/prince/.local/lib/python3.11/site-packages/pymysql/connections.py", line 825, in _read_query_result
    result.read()
  File "/home/prince/.local/lib/python3.11/site-packages/pymysql/connections.py", line 1199, in read
    first_packet = self.connection._read_packet()
                   ^^^^^^^^^^^^^^^^^^^^^^^^^^^^^^
  File "/home/prince/.local/lib/python3.11/site-packages/pymysql/connections.py", line 775, in _read_packet
    packet.raise_for_error()
  File "/home/prince/.local/lib/python3.11/site-packages/pymysql/protocol.py", line 219, in raise_for_error
    err.raise_mysql_exception(self._data)
  File "/home/prince/.local/lib/python3.11/site-packages/pymysql/err.py", line 150, in raise_mysql_exception
    raise errorclass(errno, errval)
sqlalchemy.exc.ProgrammingError: (pymysql.err.ProgrammingError) (1146, "Table 'FASTCRUD_DB.login_table' doesn't exist")
[SQL: SELECT login_table.id AS login_table_id, login_table.login_username AS login_table_login_username, login_table.login_password AS login_table_login_password, login_table.login_status AS login_table_login_status, login_table.created_at AS login_table_created_at, login_table.modified_at AS login_table_modified_at 
FROM login_table 
WHERE login_table.login_username = %(login_username_1)s 
 LIMIT %(param_1)s]
[parameters: {'login_username_1': 'prince', 'param_1': 1}]
(Background on this error at: https://sqlalche.me/e/20/f405)
2025-03-31 10:37:12,455 - register_service.py - FastCRUD -  insert_register_service - ERROR - Error inserting register
Traceback (most recent call last):
  File "/home/prince/PycharmProjects/FastCRUD/base/service/register/register_service.py", line 24, in insert_register_service
    login_id = login_insert_data.id
               ^^^^^^^^^^^^^^^^^^^^
AttributeError: 'NoneType' object has no attribute 'id'
2025-03-31 10:47:17,239 - register_service.py - FastCRUD -  insert_register_service - ERROR - Error inserting register
Traceback (most recent call last):
  File "/home/prince/PycharmProjects/FastCRUD/base/service/register/register_service.py", line 24, in insert_register_service
    login_id = login_insert_data.login_username
               ^^^^^^^^^^^^^^^^^^^^^^^^^^^^^^^^
AttributeError: 'NoneType' object has no attribute 'login_username'
2025-03-31 10:47:24,310 - register_service.py - FastCRUD -  insert_register_service - ERROR - Error inserting register
Traceback (most recent call last):
  File "/home/prince/PycharmProjects/FastCRUD/base/service/register/register_service.py", line 24, in insert_register_service
    login_id = login_insert_data.login_username
               ^^^^^^^^^^^^^^^^^^^^^^^^^^^^^^^^
AttributeError: 'NoneType' object has no attribute 'login_username'
=======================
2025-03-31 13:00:44,293 - register_controller.py - FastCRUD -  insert_register_controller - ERROR - Error inserting register
Traceback (most recent call last):
  File "/home/prince/PycharmProjects/FastCRUD/base/api/controller/register/register_controller.py", line 30, in insert_register_controller
    result =  RegisterService.register_user(register_dto)
             ^^^^^^^^^^^^^^^^^^^^^^^^^^^^^^^^^^^^^^^^^^^^^^^^^
  File "/home/prince/PycharmProjects/FastCRUD/base/service/register/register_service.py", line 55, in register_user
    RegisterDAO.insert_register_user(register_user)
TypeError: RegisterDAO.insert_register_user() missing 1 required positional argument: 'register_vo'
2025-03-31 13:02:24,987 - register_controller.py - FastCRUD -  insert_register_controller - ERROR - Error inserting register
Traceback (most recent call last):
  File "/home/prince/.local/lib/python3.11/site-packages/sqlalchemy/engine/base.py", line 1964, in _exec_single_context
    self.dialect.do_execute(
  File "/home/prince/.local/lib/python3.11/site-packages/sqlalchemy/engine/default.py", line 942, in do_execute
    cursor.execute(statement, parameters)
  File "/home/prince/.local/lib/python3.11/site-packages/pymysql/cursors.py", line 153, in execute
    result = self._query(query)
             ^^^^^^^^^^^^^^^^^^
  File "/home/prince/.local/lib/python3.11/site-packages/pymysql/cursors.py", line 322, in _query
    conn.query(q)
  File "/home/prince/.local/lib/python3.11/site-packages/pymysql/connections.py", line 563, in query
    self._affected_rows = self._read_query_result(unbuffered=unbuffered)
                          ^^^^^^^^^^^^^^^^^^^^^^^^^^^^^^^^^^^^^^^^^^^^^^
  File "/home/prince/.local/lib/python3.11/site-packages/pymysql/connections.py", line 825, in _read_query_result
    result.read()
  File "/home/prince/.local/lib/python3.11/site-packages/pymysql/connections.py", line 1199, in read
    first_packet = self.connection._read_packet()
                   ^^^^^^^^^^^^^^^^^^^^^^^^^^^^^^
  File "/home/prince/.local/lib/python3.11/site-packages/pymysql/connections.py", line 775, in _read_packet
    packet.raise_for_error()
  File "/home/prince/.local/lib/python3.11/site-packages/pymysql/protocol.py", line 219, in raise_for_error
    err.raise_mysql_exception(self._data)
  File "/home/prince/.local/lib/python3.11/site-packages/pymysql/err.py", line 150, in raise_mysql_exception
    raise errorclass(errno, errval)
pymysql.err.IntegrityError: (1062, "Duplicate entry 'string' for key 'login_table.ix_login_table_login_username'")

The above exception was the direct cause of the following exception:

Traceback (most recent call last):
  File "/home/prince/PycharmProjects/FastCRUD/base/api/controller/register/register_controller.py", line 30, in insert_register_controller
    result =  RegisterService.register_user(register_dto)
             ^^^^^^^^^^^^^^^^^^^^^^^^^^^^^^^^^^^^^^^^^^^^^^^^^
  File "/home/prince/PycharmProjects/FastCRUD/base/service/register/register_service.py", line 35, in register_user
    login_record = LoginDAO.insert_login_user(login_user)
                   ^^^^^^^^^^^^^^^^^^^^^^^^^^^^^^^^^^^^^^
  File "/home/prince/PycharmProjects/FastCRUD/base/dao/login/login_dao.py", line 15, in insert_login_user
    return MysqlCommonQuery.insert_query(login_vo)
           ^^^^^^^^^^^^^^^^^^^^^^^^^^^^^^^^^^^^^^^
  File "/home/prince/PycharmProjects/FastCRUD/base/client/mysql_common/mysql_common_query.py", line 15, in insert_query
    session.commit()
  File "/home/prince/.local/lib/python3.11/site-packages/sqlalchemy/orm/session.py", line 2032, in commit
    trans.commit(_to_root=True)
  File "<string>", line 2, in commit
  File "/home/prince/.local/lib/python3.11/site-packages/sqlalchemy/orm/state_changes.py", line 139, in _go
    ret_value = fn(self, *arg, **kw)
                ^^^^^^^^^^^^^^^^^^^^
  File "/home/prince/.local/lib/python3.11/site-packages/sqlalchemy/orm/session.py", line 1313, in commit
    self._prepare_impl()
  File "<string>", line 2, in _prepare_impl
  File "/home/prince/.local/lib/python3.11/site-packages/sqlalchemy/orm/state_changes.py", line 139, in _go
    ret_value = fn(self, *arg, **kw)
                ^^^^^^^^^^^^^^^^^^^^
  File "/home/prince/.local/lib/python3.11/site-packages/sqlalchemy/orm/session.py", line 1288, in _prepare_impl
    self.session.flush()
  File "/home/prince/.local/lib/python3.11/site-packages/sqlalchemy/orm/session.py", line 4353, in flush
    self._flush(objects)
  File "/home/prince/.local/lib/python3.11/site-packages/sqlalchemy/orm/session.py", line 4488, in _flush
    with util.safe_reraise():
  File "/home/prince/.local/lib/python3.11/site-packages/sqlalchemy/util/langhelpers.py", line 146, in __exit__
    raise exc_value.with_traceback(exc_tb)
  File "/home/prince/.local/lib/python3.11/site-packages/sqlalchemy/orm/session.py", line 4449, in _flush
    flush_context.execute()
  File "/home/prince/.local/lib/python3.11/site-packages/sqlalchemy/orm/unitofwork.py", line 466, in execute
    rec.execute(self)
  File "/home/prince/.local/lib/python3.11/site-packages/sqlalchemy/orm/unitofwork.py", line 642, in execute
    util.preloaded.orm_persistence.save_obj(
  File "/home/prince/.local/lib/python3.11/site-packages/sqlalchemy/orm/persistence.py", line 93, in save_obj
    _emit_insert_statements(
  File "/home/prince/.local/lib/python3.11/site-packages/sqlalchemy/orm/persistence.py", line 1233, in _emit_insert_statements
    result = connection.execute(
             ^^^^^^^^^^^^^^^^^^^
  File "/home/prince/.local/lib/python3.11/site-packages/sqlalchemy/engine/base.py", line 1416, in execute
    return meth(
           ^^^^^
  File "/home/prince/.local/lib/python3.11/site-packages/sqlalchemy/sql/elements.py", line 516, in _execute_on_connection
    return connection._execute_clauseelement(
           ^^^^^^^^^^^^^^^^^^^^^^^^^^^^^^^^^^
  File "/home/prince/.local/lib/python3.11/site-packages/sqlalchemy/engine/base.py", line 1638, in _execute_clauseelement
    ret = self._execute_context(
          ^^^^^^^^^^^^^^^^^^^^^^
  File "/home/prince/.local/lib/python3.11/site-packages/sqlalchemy/engine/base.py", line 1843, in _execute_context
    return self._exec_single_context(
           ^^^^^^^^^^^^^^^^^^^^^^^^^^
  File "/home/prince/.local/lib/python3.11/site-packages/sqlalchemy/engine/base.py", line 1983, in _exec_single_context
    self._handle_dbapi_exception(
  File "/home/prince/.local/lib/python3.11/site-packages/sqlalchemy/engine/base.py", line 2352, in _handle_dbapi_exception
    raise sqlalchemy_exception.with_traceback(exc_info[2]) from e
  File "/home/prince/.local/lib/python3.11/site-packages/sqlalchemy/engine/base.py", line 1964, in _exec_single_context
    self.dialect.do_execute(
  File "/home/prince/.local/lib/python3.11/site-packages/sqlalchemy/engine/default.py", line 942, in do_execute
    cursor.execute(statement, parameters)
  File "/home/prince/.local/lib/python3.11/site-packages/pymysql/cursors.py", line 153, in execute
    result = self._query(query)
             ^^^^^^^^^^^^^^^^^^
  File "/home/prince/.local/lib/python3.11/site-packages/pymysql/cursors.py", line 322, in _query
    conn.query(q)
  File "/home/prince/.local/lib/python3.11/site-packages/pymysql/connections.py", line 563, in query
    self._affected_rows = self._read_query_result(unbuffered=unbuffered)
                          ^^^^^^^^^^^^^^^^^^^^^^^^^^^^^^^^^^^^^^^^^^^^^^
  File "/home/prince/.local/lib/python3.11/site-packages/pymysql/connections.py", line 825, in _read_query_result
    result.read()
  File "/home/prince/.local/lib/python3.11/site-packages/pymysql/connections.py", line 1199, in read
    first_packet = self.connection._read_packet()
                   ^^^^^^^^^^^^^^^^^^^^^^^^^^^^^^
  File "/home/prince/.local/lib/python3.11/site-packages/pymysql/connections.py", line 775, in _read_packet
    packet.raise_for_error()
  File "/home/prince/.local/lib/python3.11/site-packages/pymysql/protocol.py", line 219, in raise_for_error
    err.raise_mysql_exception(self._data)
  File "/home/prince/.local/lib/python3.11/site-packages/pymysql/err.py", line 150, in raise_mysql_exception
    raise errorclass(errno, errval)
sqlalchemy.exc.IntegrityError: (pymysql.err.IntegrityError) (1062, "Duplicate entry 'string' for key 'login_table.ix_login_table_login_username'")
[SQL: INSERT INTO login_table (login_username, login_password, login_status, created_at, modified_at) VALUES (%(login_username)s, %(login_password)s, %(login_status)s, %(created_at)s, %(modified_at)s)]
[parameters: {'login_username': 'string', 'login_password': 'string', 'login_status': 0, 'created_at': '2025-03-31 07:32:24.981251', 'modified_at': '2025-03-31 07:32:24.981266'}]
(Background on this error at: https://sqlalche.me/e/20/gkpj)
2025-03-31 13:20:56,945 - login_controller.py - FastCRUD -  user_login - ERROR - Login Error: type object 'LoginService' has no attribute 'insert_login_user_service'

====================

2025-03-31 13:21:24,839 - login_controller.py - FastCRUD -  user_login - ERROR - Login Error: type object 'LoginService' has no attribute 'insert_login_user_service'

2025-03-31 13:23:01,002 - login_controller.py - FastCRUD -  user_login - ERROR - Login Error: LoginService.login_user() missing 3 required positional arguments: 'username', 'password', and 'db'

2025-03-31 15:30:48,858 - login_controller.py - FastCRUD -  user_login - ERROR - Login Error: LoginService.login_user() missing 1 required positional argument: 'login_dto'

2025-03-31 15:32:30,322 - login_controller.py - FastCRUD -  user_login - ERROR - Login Error: LoginService.login_user() missing 1 required positional argument: 'login_dto'

2025-03-31 15:32:53,665 - login_controller.py - FastCRUD -  user_login - ERROR - Login Error: LoginService.login_user() missing 1 required positional argument: 'login_dto'

2025-03-31 15:38:39,858 - login_controller.py - FastCRUD -  user_login - ERROR - Login Error: LoginService.login_user() missing 1 required positional argument: 'response'

2025-03-31 15:39:55,524 - login_controller.py - FastCRUD -  user_login - ERROR - Login Error: LoginService.login_user() missing 1 required positional argument: 'response'

2025-03-31 15:41:42,575 - login_controller.py - FastCRUD -  user_login - ERROR - Login Error: attribute name must be string, not 'InstrumentedAttribute'

2025-03-31 15:42:32,454 - login_controller.py - FastCRUD -  user_login - ERROR - Login Error: attribute name must be string, not 'InstrumentedAttribute'

2025-03-31 15:43:31,056 - login_controller.py - FastCRUD -  user_login - ERROR - Login Error: attribute name must be string, not 'InstrumentedAttribute'

2025-03-31 15:43:36,329 - login_controller.py - FastCRUD -  user_login - ERROR - Login Error: attribute name must be string, not 'InstrumentedAttribute'

2025-03-31 15:45:19,498 - login_controller.py - FastCRUD -  user_login - ERROR - Login Error: Instance '<LoginVO at 0x78aee59eebd0>' is not persistent within this Session

2025-03-31 15:45:53,228 - login_controller.py - FastCRUD -  user_login - ERROR - Login Error: Instance '<LoginVO at 0x7f6ce0ff74d0>' is not persistent within this Session

2025-03-31 15:47:39,107 - login_controller.py - FastCRUD -  user_login - ERROR - Login Error: type object 'MysqlCommonQuery' has no attribute 'update_record'

2025-03-31 15:50:49,869 - login_controller.py - FastCRUD -  user_login - ERROR - Login Error: 401: Invalid credentials

2025-03-31 15:53:55,065 - login_controller.py - FastCRUD -  user_login - ERROR - Login Error: 401: User not found

2025-03-31 16:02:42,481 - login_controller.py - FastCRUD -  user_login - ERROR - Login Error: 401: User not found

2025-03-31 16:03:47,256 - login_controller.py - FastCRUD -  user_login - ERROR - Login Error: 401: User not found

2025-03-31 16:05:54,676 - login_controller.py - FastCRUD -  user_login - ERROR - Login Error: 401: User not found

2025-03-31 16:09:46,820 - login_controller.py - FastCRUD -  user_login - ERROR - Login Error: 401: User not found

2025-03-31 16:15:14,853 - login_controller.py - FastCRUD -  user_login - ERROR - Login Error: object NoneType can't be used in '' expression

2025-03-31 16:15:19,731 - login_controller.py - FastCRUD -  user_login - ERROR - Login Error: object NoneType can't be used in '' expression

2025-03-31 16:29:03,335 - login_controller.py - FastCRUD -  user_login - ERROR - Login Error: object LoginVO can't be used in '' expression

2025-03-31 16:29:09,220 - login_controller.py - FastCRUD -  user_login - ERROR - Login Error: object LoginVO can't be used in '' expression

2025-03-31 16:29:43,865 - login_controller.py - FastCRUD -  user_login - ERROR - Login Error: 'Session' object does not support the hronous context manager protocol

2025-03-31 16:30:47,882 - login_controller.py - FastCRUD -  user_login - ERROR - Login Error: 'Session' object does not support the hronous context manager protocol

2025-03-31 16:30:59,834 - login_controller.py - FastCRUD -  user_login - ERROR - Login Error: 'Session' object does not support the hronous context manager protocol

2025-03-31 16:31:41,860 - login_controller.py - FastCRUD -  user_login - ERROR - Login Error: object LoginVO can't be used in '' expression

2025-03-31 16:32:48,889 - login_controller.py - FastCRUD -  user_login - ERROR - Login Error: object LoginVO can't be used in '' expression

2025-03-31 16:32:58,659 - login_controller.py - FastCRUD -  user_login - ERROR - Login Error: object LoginVO can't be used in '' expression

    2025-03-31 16:33:10,466 - login_controller.py - FastCRUD -  user_login - ERROR - Login Error: hash could not be identified

2025-03-31 16:35:20,248 - login_controller.py - FastCRUD -  user_login - ERROR - Login Error: 401: Invalid password or hash format error

2025-03-31 16:36:21,484 - login_controller.py - FastCRUD -  user_login - ERROR - Login Error: 401: Invalid password or hash format error

2025-03-31 16:36:38,201 - login_controller.py - FastCRUD -  user_login - ERROR - Login Error: 401: Invalid password or hash format error

2025-03-31 16:37:41,846 - login_controller.py - FastCRUD -  user_login - ERROR - Login Error: 401: Invalid password or hash format error

2025-03-31 16:39:02,788 - login_controller.py - FastCRUD -  user_login - ERROR - Login Error: 401: Invalid password or hash format error

2025-03-31 16:41:37,076 - login_controller.py - FastCRUD -  user_login - ERROR - Login Error: 401: Invalid password or hash format error

2025-03-31 16:42:07,759 - login_controller.py - FastCRUD -  user_login - ERROR - Login Error: 401: Invalid password or hash format error

2025-03-31 16:42:57,273 - login_controller.py - FastCRUD -  user_login - ERROR - Login Error: 401: Invalid password or hash format error

2025-03-31 16:43:06,167 - login_controller.py - FastCRUD -  user_login - ERROR - Login Error: 401: Invalid password or hash format error

2025-03-31 16:45:32,703 - login_controller.py - FastCRUD -  user_login - ERROR - Login Error: 401: Invalid password or hash format error

2025-03-31 16:47:55,528 - login_controller.py - FastCRUD -  user_login - ERROR - Login Error: 401: Invalid password or hash format error

2025-03-31 16:48:56,962 - login_controller.py - FastCRUD -  user_login - ERROR - Login Error: MysqlCommonQuery.update_login_status() missing 1 required positional argument: 'status'

2025-03-31 16:54:33,742 - register_controller.py - FastCRUD -  insert_register_controller - ERROR - Error inserting register
Traceback (most recent call last):
  File "/home/prince/PycharmProjects/FastCRUD/base/api/controller/register/register_controller.py", line 30, in insert_register_controller
    result =  RegisterService.register_user(register_dto)
             ^^^^^^^^^^^^^^^^^^^^^^^^^^^^^^^^^^^^^^^^^^^^^^^^^
TypeError: object dict can't be used in '' expression
2025-04-01 11:53:38,789 - register_controller.py - FastCRUD -  insert_register_controller - ERROR - Error inserting register
Traceback (most recent call last):
  File "/home/prince/.local/lib/python3.11/site-packages/sqlalchemy/engine/base.py", line 1964, in _exec_single_context
    self.dialect.do_execute(
  File "/home/prince/.local/lib/python3.11/site-packages/sqlalchemy/engine/default.py", line 942, in do_execute
    cursor.execute(statement, parameters)
  File "/home/prince/.local/lib/python3.11/site-packages/pymysql/cursors.py", line 153, in execute
    result = self._query(query)
             ^^^^^^^^^^^^^^^^^^
  File "/home/prince/.local/lib/python3.11/site-packages/pymysql/cursors.py", line 322, in _query
    conn.query(q)
  File "/home/prince/.local/lib/python3.11/site-packages/pymysql/connections.py", line 563, in query
    self._affected_rows = self._read_query_result(unbuffered=unbuffered)
                          ^^^^^^^^^^^^^^^^^^^^^^^^^^^^^^^^^^^^^^^^^^^^^^
  File "/home/prince/.local/lib/python3.11/site-packages/pymysql/connections.py", line 825, in _read_query_result
    result.read()
  File "/home/prince/.local/lib/python3.11/site-packages/pymysql/connections.py", line 1199, in read
    first_packet = self.connection._read_packet()
                   ^^^^^^^^^^^^^^^^^^^^^^^^^^^^^^
  File "/home/prince/.local/lib/python3.11/site-packages/pymysql/connections.py", line 775, in _read_packet
    packet.raise_for_error()
  File "/home/prince/.local/lib/python3.11/site-packages/pymysql/protocol.py", line 219, in raise_for_error
    err.raise_mysql_exception(self._data)
  File "/home/prince/.local/lib/python3.11/site-packages/pymysql/err.py", line 150, in raise_mysql_exception
    raise errorclass(errno, errval)
pymysql.err.OperationalError: (1054, "Unknown column 'role' in 'field list'")

The above exception was the direct cause of the following exception:

Traceback (most recent call last):
  File "/home/prince/PycharmProjects/FastCRUD/base/api/controller/register/register_controller.py", line 30, in insert_register_controller
    result =  RegisterService.register_user(register_dto)
             ^^^^^^^^^^^^^^^^^^^^^^^^^^^^^^^^^^^^^^^^^^^^^^^^^
  File "/home/prince/PycharmProjects/FastCRUD/base/service/register/register_service.py", line 55, in register_user
    register_record = RegisterDAO.insert_register_user(register_user)
                      ^^^^^^^^^^^^^^^^^^^^^^^^^^^^^^^^^^^^^^^^^^^^^^^
  File "/home/prince/PycharmProjects/FastCRUD/base/dao/register/register_dao.py", line 16, in insert_register_user
    return MysqlCommonQuery.insert_query(register_vo)
           ^^^^^^^^^^^^^^^^^^^^^^^^^^^^^^^^^^^^^^^^^^
  File "/home/prince/PycharmProjects/FastCRUD/base/client/mysql_common/mysql_common_query.py", line 15, in insert_query
    session.commit()
  File "/home/prince/.local/lib/python3.11/site-packages/sqlalchemy/orm/session.py", line 2032, in commit
    trans.commit(_to_root=True)
  File "<string>", line 2, in commit
  File "/home/prince/.local/lib/python3.11/site-packages/sqlalchemy/orm/state_changes.py", line 139, in _go
    ret_value = fn(self, *arg, **kw)
                ^^^^^^^^^^^^^^^^^^^^
  File "/home/prince/.local/lib/python3.11/site-packages/sqlalchemy/orm/session.py", line 1313, in commit
    self._prepare_impl()
  File "<string>", line 2, in _prepare_impl
  File "/home/prince/.local/lib/python3.11/site-packages/sqlalchemy/orm/state_changes.py", line 139, in _go
    ret_value = fn(self, *arg, **kw)
                ^^^^^^^^^^^^^^^^^^^^
  File "/home/prince/.local/lib/python3.11/site-packages/sqlalchemy/orm/session.py", line 1288, in _prepare_impl
    self.session.flush()
  File "/home/prince/.local/lib/python3.11/site-packages/sqlalchemy/orm/session.py", line 4353, in flush
    self._flush(objects)
  File "/home/prince/.local/lib/python3.11/site-packages/sqlalchemy/orm/session.py", line 4488, in _flush
    with util.safe_reraise():
  File "/home/prince/.local/lib/python3.11/site-packages/sqlalchemy/util/langhelpers.py", line 146, in __exit__
    raise exc_value.with_traceback(exc_tb)
  File "/home/prince/.local/lib/python3.11/site-packages/sqlalchemy/orm/session.py", line 4449, in _flush
    flush_context.execute()
  File "/home/prince/.local/lib/python3.11/site-packages/sqlalchemy/orm/unitofwork.py", line 466, in execute
    rec.execute(self)
  File "/home/prince/.local/lib/python3.11/site-packages/sqlalchemy/orm/unitofwork.py", line 642, in execute
    util.preloaded.orm_persistence.save_obj(
  File "/home/prince/.local/lib/python3.11/site-packages/sqlalchemy/orm/persistence.py", line 93, in save_obj
    _emit_insert_statements(
  File "/home/prince/.local/lib/python3.11/site-packages/sqlalchemy/orm/persistence.py", line 1233, in _emit_insert_statements
    result = connection.execute(
             ^^^^^^^^^^^^^^^^^^^
  File "/home/prince/.local/lib/python3.11/site-packages/sqlalchemy/engine/base.py", line 1416, in execute
    return meth(
           ^^^^^
  File "/home/prince/.local/lib/python3.11/site-packages/sqlalchemy/sql/elements.py", line 516, in _execute_on_connection
    return connection._execute_clauseelement(
           ^^^^^^^^^^^^^^^^^^^^^^^^^^^^^^^^^^
  File "/home/prince/.local/lib/python3.11/site-packages/sqlalchemy/engine/base.py", line 1638, in _execute_clauseelement
    ret = self._execute_context(
          ^^^^^^^^^^^^^^^^^^^^^^
  File "/home/prince/.local/lib/python3.11/site-packages/sqlalchemy/engine/base.py", line 1843, in _execute_context
    return self._exec_single_context(
           ^^^^^^^^^^^^^^^^^^^^^^^^^^
  File "/home/prince/.local/lib/python3.11/site-packages/sqlalchemy/engine/base.py", line 1983, in _exec_single_context
    self._handle_dbapi_exception(
  File "/home/prince/.local/lib/python3.11/site-packages/sqlalchemy/engine/base.py", line 2352, in _handle_dbapi_exception
    raise sqlalchemy_exception.with_traceback(exc_info[2]) from e
  File "/home/prince/.local/lib/python3.11/site-packages/sqlalchemy/engine/base.py", line 1964, in _exec_single_context
    self.dialect.do_execute(
  File "/home/prince/.local/lib/python3.11/site-packages/sqlalchemy/engine/default.py", line 942, in do_execute
    cursor.execute(statement, parameters)
  File "/home/prince/.local/lib/python3.11/site-packages/pymysql/cursors.py", line 153, in execute
    result = self._query(query)
             ^^^^^^^^^^^^^^^^^^
  File "/home/prince/.local/lib/python3.11/site-packages/pymysql/cursors.py", line 322, in _query
    conn.query(q)
  File "/home/prince/.local/lib/python3.11/site-packages/pymysql/connections.py", line 563, in query
    self._affected_rows = self._read_query_result(unbuffered=unbuffered)
                          ^^^^^^^^^^^^^^^^^^^^^^^^^^^^^^^^^^^^^^^^^^^^^^
  File "/home/prince/.local/lib/python3.11/site-packages/pymysql/connections.py", line 825, in _read_query_result
    result.read()
  File "/home/prince/.local/lib/python3.11/site-packages/pymysql/connections.py", line 1199, in read
    first_packet = self.connection._read_packet()
                   ^^^^^^^^^^^^^^^^^^^^^^^^^^^^^^
  File "/home/prince/.local/lib/python3.11/site-packages/pymysql/connections.py", line 775, in _read_packet
    packet.raise_for_error()
  File "/home/prince/.local/lib/python3.11/site-packages/pymysql/protocol.py", line 219, in raise_for_error
    err.raise_mysql_exception(self._data)
  File "/home/prince/.local/lib/python3.11/site-packages/pymysql/err.py", line 150, in raise_mysql_exception
    raise errorclass(errno, errval)
sqlalchemy.exc.OperationalError: (pymysql.err.OperationalError) (1054, "Unknown column 'role' in 'field list'")
[SQL: INSERT INTO register_table (register_login_vo, register_firstname, register_lastname, register_email, register_gender, register_phone, `role`, is_delete, created_at, modified_at) VALUES (%(register_login_vo)s, %(register_firstname)s, %(register_lastname)s, %(register_email)s, %(register_gender)s, %(register_phone)s, %(role)s, %(is_delete)s, %(created_at)s, %(modified_at)s)]
[parameters: {'register_login_vo': 8, 'register_firstname': 'Swastik', 'register_lastname': 'Savaliya', 'register_email': 'swastik@gmail.com', 'register_gender': 'male', 'register_phone': '6359461981', 'role': None, 'is_delete': 0, 'created_at': 1743488618, 'modified_at': 1743488618}]
(Background on this error at: https://sqlalche.me/e/20/e3q8)
2025-04-01 12:16:06,010 - register_controller.py - FastCRUD -  insert_register_controller - ERROR - Error inserting register
Traceback (most recent call last):
  File "/home/prince/PycharmProjects/FastCRUD/base/api/controller/register/register_controller.py", line 30, in insert_register_controller
    result =  RegisterService.register_user(register_dto)
             ^^^^^^^^^^^^^^^^^^^^^^^^^^^^^^^^^^^^^^^^^^^^^^^^^
  File "/home/prince/PycharmProjects/FastCRUD/base/service/register/register_service.py", line 44, in register_user
    register_dtorole = StaticVariables.ADMIN_ROLE
    ^^^^^^^^^^^^^^^^^
  File "/home/prince/.local/lib/python3.11/site-packages/pydantic/main.py", line 925, in __setattr__
    raise ValueError(f'"{self.__class__.__name__}" object has no field "{name}"')
ValueError: "RegisterDTO" object has no field "role"
^^^^^^^^^^^^^^^^^^^^^^^^^^^^^^^^^^^^^^^^^^^^^^^^^^^^^^^^^^^^^^^^^^^^^^^^^^^^^^^^^^^^
2025-04-01 12:22:16,526 - register_controller.py - FastCRUD -  insert_register_controller - ERROR - Error inserting register
Traceback (most recent call last):
  File "/home/prince/PycharmProjects/FastCRUD/base/api/controller/register/register_controller.py", line 30, in insert_register_controller
    result =  RegisterService.register_user(register_dto)
             ^^^^^^^^^^^^^^^^^^^^^^^^^^^^^^^^^^^^^^^^^^^^^^^^^
  File "/home/prince/PycharmProjects/FastCRUD/base/service/register/register_service.py", line 47, in register_user
    register_user = RegisterVO(
                    ^^^^^^^^^^^
  File "<string>", line 4, in __init__
  File "/home/prince/.local/lib/python3.11/site-packages/sqlalchemy/orm/state.py", line 571, in _initialize_instance
    with util.safe_reraise():
  File "/home/prince/.local/lib/python3.11/site-packages/sqlalchemy/util/langhelpers.py", line 146, in __exit__
    raise exc_value.with_traceback(exc_tb)
  File "/home/prince/.local/lib/python3.11/site-packages/sqlalchemy/orm/state.py", line 569, in _initialize_instance
    manager.original_init(*mixed[1:], **kwargs)
  File "/home/prince/.local/lib/python3.11/site-packages/sqlalchemy/orm/decl_base.py", line 2175, in _declarative_constructor
    raise TypeError(
TypeError: 'register_login_vo' is an invalid keyword argument for RegisterVO
2025-04-01 12:23:02,235 - register_controller.py - FastCRUD -  insert_register_controller - ERROR - Error inserting register
Traceback (most recent call last):
  File "/home/prince/.local/lib/python3.11/site-packages/sqlalchemy/engine/base.py", line 1964, in _exec_single_context
    self.dialect.do_execute(
  File "/home/prince/.local/lib/python3.11/site-packages/sqlalchemy/engine/default.py", line 942, in do_execute
    cursor.execute(statement, parameters)
  File "/home/prince/.local/lib/python3.11/site-packages/pymysql/cursors.py", line 153, in execute
    result = self._query(query)
             ^^^^^^^^^^^^^^^^^^
  File "/home/prince/.local/lib/python3.11/site-packages/pymysql/cursors.py", line 322, in _query
    conn.query(q)
  File "/home/prince/.local/lib/python3.11/site-packages/pymysql/connections.py", line 563, in query
    self._affected_rows = self._read_query_result(unbuffered=unbuffered)
                          ^^^^^^^^^^^^^^^^^^^^^^^^^^^^^^^^^^^^^^^^^^^^^^
  File "/home/prince/.local/lib/python3.11/site-packages/pymysql/connections.py", line 825, in _read_query_result
    result.read()
  File "/home/prince/.local/lib/python3.11/site-packages/pymysql/connections.py", line 1199, in read
    first_packet = self.connection._read_packet()
                   ^^^^^^^^^^^^^^^^^^^^^^^^^^^^^^
  File "/home/prince/.local/lib/python3.11/site-packages/pymysql/connections.py", line 775, in _read_packet
    packet.raise_for_error()
  File "/home/prince/.local/lib/python3.11/site-packages/pymysql/protocol.py", line 219, in raise_for_error
    err.raise_mysql_exception(self._data)
  File "/home/prince/.local/lib/python3.11/site-packages/pymysql/err.py", line 150, in raise_mysql_exception
    raise errorclass(errno, errval)
pymysql.err.DataError: (1366, "Incorrect integer value: 'ADMIN' for column 'role' at row 1")

The above exception was the direct cause of the following exception:

Traceback (most recent call last):
  File "/home/prince/PycharmProjects/FastCRUD/base/api/controller/register/register_controller.py", line 30, in insert_register_controller
    result =  RegisterService.register_user(register_dto)
             ^^^^^^^^^^^^^^^^^^^^^^^^^^^^^^^^^^^^^^^^^^^^^^^^^
  File "/home/prince/PycharmProjects/FastCRUD/base/service/register/register_service.py", line 59, in register_user
    register_record = RegisterDAO.insert_register_user(register_user)
                      ^^^^^^^^^^^^^^^^^^^^^^^^^^^^^^^^^^^^^^^^^^^^^^^
  File "/home/prince/PycharmProjects/FastCRUD/base/dao/register/register_dao.py", line 16, in insert_register_user
    return MysqlCommonQuery.insert_query(register_vo)
           ^^^^^^^^^^^^^^^^^^^^^^^^^^^^^^^^^^^^^^^^^^
  File "/home/prince/PycharmProjects/FastCRUD/base/client/mysql_common/mysql_common_query.py", line 15, in insert_query
    session.commit()
  File "/home/prince/.local/lib/python3.11/site-packages/sqlalchemy/orm/session.py", line 2032, in commit
    trans.commit(_to_root=True)
  File "<string>", line 2, in commit
  File "/home/prince/.local/lib/python3.11/site-packages/sqlalchemy/orm/state_changes.py", line 139, in _go
    ret_value = fn(self, *arg, **kw)
                ^^^^^^^^^^^^^^^^^^^^
  File "/home/prince/.local/lib/python3.11/site-packages/sqlalchemy/orm/session.py", line 1313, in commit
    self._prepare_impl()
  File "<string>", line 2, in _prepare_impl
  File "/home/prince/.local/lib/python3.11/site-packages/sqlalchemy/orm/state_changes.py", line 139, in _go
    ret_value = fn(self, *arg, **kw)
                ^^^^^^^^^^^^^^^^^^^^
  File "/home/prince/.local/lib/python3.11/site-packages/sqlalchemy/orm/session.py", line 1288, in _prepare_impl
    self.session.flush()
  File "/home/prince/.local/lib/python3.11/site-packages/sqlalchemy/orm/session.py", line 4353, in flush
    self._flush(objects)
  File "/home/prince/.local/lib/python3.11/site-packages/sqlalchemy/orm/session.py", line 4488, in _flush
    with util.safe_reraise():
  File "/home/prince/.local/lib/python3.11/site-packages/sqlalchemy/util/langhelpers.py", line 146, in __exit__
    raise exc_value.with_traceback(exc_tb)
  File "/home/prince/.local/lib/python3.11/site-packages/sqlalchemy/orm/session.py", line 4449, in _flush
    flush_context.execute()
  File "/home/prince/.local/lib/python3.11/site-packages/sqlalchemy/orm/unitofwork.py", line 466, in execute
    rec.execute(self)
  File "/home/prince/.local/lib/python3.11/site-packages/sqlalchemy/orm/unitofwork.py", line 642, in execute
    util.preloaded.orm_persistence.save_obj(
  File "/home/prince/.local/lib/python3.11/site-packages/sqlalchemy/orm/persistence.py", line 93, in save_obj
    _emit_insert_statements(
  File "/home/prince/.local/lib/python3.11/site-packages/sqlalchemy/orm/persistence.py", line 1233, in _emit_insert_statements
    result = connection.execute(
             ^^^^^^^^^^^^^^^^^^^
  File "/home/prince/.local/lib/python3.11/site-packages/sqlalchemy/engine/base.py", line 1416, in execute
    return meth(
           ^^^^^
  File "/home/prince/.local/lib/python3.11/site-packages/sqlalchemy/sql/elements.py", line 516, in _execute_on_connection
    return connection._execute_clauseelement(
           ^^^^^^^^^^^^^^^^^^^^^^^^^^^^^^^^^^
  File "/home/prince/.local/lib/python3.11/site-packages/sqlalchemy/engine/base.py", line 1638, in _execute_clauseelement
    ret = self._execute_context(
          ^^^^^^^^^^^^^^^^^^^^^^
  File "/home/prince/.local/lib/python3.11/site-packages/sqlalchemy/engine/base.py", line 1843, in _execute_context
    return self._exec_single_context(
           ^^^^^^^^^^^^^^^^^^^^^^^^^^
  File "/home/prince/.local/lib/python3.11/site-packages/sqlalchemy/engine/base.py", line 1983, in _exec_single_context
    self._handle_dbapi_exception(
  File "/home/prince/.local/lib/python3.11/site-packages/sqlalchemy/engine/base.py", line 2352, in _handle_dbapi_exception
    raise sqlalchemy_exception.with_traceback(exc_info[2]) from e
  File "/home/prince/.local/lib/python3.11/site-packages/sqlalchemy/engine/base.py", line 1964, in _exec_single_context
    self.dialect.do_execute(
  File "/home/prince/.local/lib/python3.11/site-packages/sqlalchemy/engine/default.py", line 942, in do_execute
    cursor.execute(statement, parameters)
  File "/home/prince/.local/lib/python3.11/site-packages/pymysql/cursors.py", line 153, in execute
    result = self._query(query)
             ^^^^^^^^^^^^^^^^^^
  File "/home/prince/.local/lib/python3.11/site-packages/pymysql/cursors.py", line 322, in _query
    conn.query(q)
  File "/home/prince/.local/lib/python3.11/site-packages/pymysql/connections.py", line 563, in query
    self._affected_rows = self._read_query_result(unbuffered=unbuffered)
                          ^^^^^^^^^^^^^^^^^^^^^^^^^^^^^^^^^^^^^^^^^^^^^^
  File "/home/prince/.local/lib/python3.11/site-packages/pymysql/connections.py", line 825, in _read_query_result
    result.read()
  File "/home/prince/.local/lib/python3.11/site-packages/pymysql/connections.py", line 1199, in read
    first_packet = self.connection._read_packet()
                   ^^^^^^^^^^^^^^^^^^^^^^^^^^^^^^
  File "/home/prince/.local/lib/python3.11/site-packages/pymysql/connections.py", line 775, in _read_packet
    packet.raise_for_error()
  File "/home/prince/.local/lib/python3.11/site-packages/pymysql/protocol.py", line 219, in raise_for_error
    err.raise_mysql_exception(self._data)
  File "/home/prince/.local/lib/python3.11/site-packages/pymysql/err.py", line 150, in raise_mysql_exception
    raise errorclass(errno, errval)
sqlalchemy.exc.DataError: (pymysql.err.DataError) (1366, "Incorrect integer value: 'ADMIN' for column 'role' at row 1")
[SQL: INSERT INTO register_table (register_login_vo, register_firstname, register_lastname, register_email, register_gender, register_phone, `role`, is_delete, created_at, modified_at) VALUES (%(register_login_vo)s, %(register_firstname)s, %(register_lastname)s, %(register_email)s, %(register_gender)s, %(register_phone)s, %(role)s, %(is_delete)s, %(created_at)s, %(modified_at)s)]
[parameters: {'register_login_vo': 3, 'register_firstname': 'Swastik', 'register_lastname': 'Savaliya', 'register_email': 'swastik@gmail.com', 'register_gender': 'male', 'register_phone': '6359461981', 'role': 'ADMIN', 'is_delete': 0, 'created_at': 1743490382, 'modified_at': 1743490382}]
(Background on this error at: https://sqlalche.me/e/20/9h9h)
2025-04-01 12:25:17,100 - register_controller.py - FastCRUD -  insert_register_controller - ERROR - Error inserting register
Traceback (most recent call last):
  File "/home/prince/.local/lib/python3.11/site-packages/sqlalchemy/engine/base.py", line 1964, in _exec_single_context
    self.dialect.do_execute(
  File "/home/prince/.local/lib/python3.11/site-packages/sqlalchemy/engine/default.py", line 942, in do_execute
    cursor.execute(statement, parameters)
  File "/home/prince/.local/lib/python3.11/site-packages/pymysql/cursors.py", line 153, in execute
    result = self._query(query)
             ^^^^^^^^^^^^^^^^^^
  File "/home/prince/.local/lib/python3.11/site-packages/pymysql/cursors.py", line 322, in _query
    conn.query(q)
  File "/home/prince/.local/lib/python3.11/site-packages/pymysql/connections.py", line 563, in query
    self._affected_rows = self._read_query_result(unbuffered=unbuffered)
                          ^^^^^^^^^^^^^^^^^^^^^^^^^^^^^^^^^^^^^^^^^^^^^^
  File "/home/prince/.local/lib/python3.11/site-packages/pymysql/connections.py", line 825, in _read_query_result
    result.read()
  File "/home/prince/.local/lib/python3.11/site-packages/pymysql/connections.py", line 1199, in read
    first_packet = self.connection._read_packet()
                   ^^^^^^^^^^^^^^^^^^^^^^^^^^^^^^
  File "/home/prince/.local/lib/python3.11/site-packages/pymysql/connections.py", line 775, in _read_packet
    packet.raise_for_error()
  File "/home/prince/.local/lib/python3.11/site-packages/pymysql/protocol.py", line 219, in raise_for_error
    err.raise_mysql_exception(self._data)
  File "/home/prince/.local/lib/python3.11/site-packages/pymysql/err.py", line 150, in raise_mysql_exception
    raise errorclass(errno, errval)
pymysql.err.DataError: (1366, "Incorrect integer value: 'ADMIN' for column 'role' at row 1")

The above exception was the direct cause of the following exception:

Traceback (most recent call last):
  File "/home/prince/PycharmProjects/FastCRUD/base/api/controller/register/register_controller.py", line 30, in insert_register_controller
    result =  RegisterService.register_user(register_dto)
             ^^^^^^^^^^^^^^^^^^^^^^^^^^^^^^^^^^^^^^^^^^^^^^^^^
  File "/home/prince/PycharmProjects/FastCRUD/base/service/register/register_service.py", line 59, in register_user
    register_record = RegisterDAO.insert_register_user(register_user)
                      ^^^^^^^^^^^^^^^^^^^^^^^^^^^^^^^^^^^^^^^^^^^^^^^
  File "/home/prince/PycharmProjects/FastCRUD/base/dao/register/register_dao.py", line 16, in insert_register_user
    return MysqlCommonQuery.insert_query(register_vo)
           ^^^^^^^^^^^^^^^^^^^^^^^^^^^^^^^^^^^^^^^^^^
  File "/home/prince/PycharmProjects/FastCRUD/base/client/mysql_common/mysql_common_query.py", line 15, in insert_query
    session.commit()
  File "/home/prince/.local/lib/python3.11/site-packages/sqlalchemy/orm/session.py", line 2032, in commit
    trans.commit(_to_root=True)
  File "<string>", line 2, in commit
  File "/home/prince/.local/lib/python3.11/site-packages/sqlalchemy/orm/state_changes.py", line 139, in _go
    ret_value = fn(self, *arg, **kw)
                ^^^^^^^^^^^^^^^^^^^^
  File "/home/prince/.local/lib/python3.11/site-packages/sqlalchemy/orm/session.py", line 1313, in commit
    self._prepare_impl()
  File "<string>", line 2, in _prepare_impl
  File "/home/prince/.local/lib/python3.11/site-packages/sqlalchemy/orm/state_changes.py", line 139, in _go
    ret_value = fn(self, *arg, **kw)
                ^^^^^^^^^^^^^^^^^^^^
  File "/home/prince/.local/lib/python3.11/site-packages/sqlalchemy/orm/session.py", line 1288, in _prepare_impl
    self.session.flush()
  File "/home/prince/.local/lib/python3.11/site-packages/sqlalchemy/orm/session.py", line 4353, in flush
    self._flush(objects)
  File "/home/prince/.local/lib/python3.11/site-packages/sqlalchemy/orm/session.py", line 4488, in _flush
    with util.safe_reraise():
  File "/home/prince/.local/lib/python3.11/site-packages/sqlalchemy/util/langhelpers.py", line 146, in __exit__
    raise exc_value.with_traceback(exc_tb)
  File "/home/prince/.local/lib/python3.11/site-packages/sqlalchemy/orm/session.py", line 4449, in _flush
    flush_context.execute()
  File "/home/prince/.local/lib/python3.11/site-packages/sqlalchemy/orm/unitofwork.py", line 466, in execute
    rec.execute(self)
  File "/home/prince/.local/lib/python3.11/site-packages/sqlalchemy/orm/unitofwork.py", line 642, in execute
    util.preloaded.orm_persistence.save_obj(
  File "/home/prince/.local/lib/python3.11/site-packages/sqlalchemy/orm/persistence.py", line 93, in save_obj
    _emit_insert_statements(
  File "/home/prince/.local/lib/python3.11/site-packages/sqlalchemy/orm/persistence.py", line 1233, in _emit_insert_statements
    result = connection.execute(
             ^^^^^^^^^^^^^^^^^^^
  File "/home/prince/.local/lib/python3.11/site-packages/sqlalchemy/engine/base.py", line 1416, in execute
    return meth(
           ^^^^^
  File "/home/prince/.local/lib/python3.11/site-packages/sqlalchemy/sql/elements.py", line 516, in _execute_on_connection
    return connection._execute_clauseelement(
           ^^^^^^^^^^^^^^^^^^^^^^^^^^^^^^^^^^
  File "/home/prince/.local/lib/python3.11/site-packages/sqlalchemy/engine/base.py", line 1638, in _execute_clauseelement
    ret = self._execute_context(
          ^^^^^^^^^^^^^^^^^^^^^^
  File "/home/prince/.local/lib/python3.11/site-packages/sqlalchemy/engine/base.py", line 1843, in _execute_context
    return self._exec_single_context(
           ^^^^^^^^^^^^^^^^^^^^^^^^^^
  File "/home/prince/.local/lib/python3.11/site-packages/sqlalchemy/engine/base.py", line 1983, in _exec_single_context
    self._handle_dbapi_exception(
  File "/home/prince/.local/lib/python3.11/site-packages/sqlalchemy/engine/base.py", line 2352, in _handle_dbapi_exception
    raise sqlalchemy_exception.with_traceback(exc_info[2]) from e
  File "/home/prince/.local/lib/python3.11/site-packages/sqlalchemy/engine/base.py", line 1964, in _exec_single_context
    self.dialect.do_execute(
  File "/home/prince/.local/lib/python3.11/site-packages/sqlalchemy/engine/default.py", line 942, in do_execute
    cursor.execute(statement, parameters)
  File "/home/prince/.local/lib/python3.11/site-packages/pymysql/cursors.py", line 153, in execute
    result = self._query(query)
             ^^^^^^^^^^^^^^^^^^
  File "/home/prince/.local/lib/python3.11/site-packages/pymysql/cursors.py", line 322, in _query
    conn.query(q)
  File "/home/prince/.local/lib/python3.11/site-packages/pymysql/connections.py", line 563, in query
    self._affected_rows = self._read_query_result(unbuffered=unbuffered)
                          ^^^^^^^^^^^^^^^^^^^^^^^^^^^^^^^^^^^^^^^^^^^^^^
  File "/home/prince/.local/lib/python3.11/site-packages/pymysql/connections.py", line 825, in _read_query_result
    result.read()
  File "/home/prince/.local/lib/python3.11/site-packages/pymysql/connections.py", line 1199, in read
    first_packet = self.connection._read_packet()
                   ^^^^^^^^^^^^^^^^^^^^^^^^^^^^^^
  File "/home/prince/.local/lib/python3.11/site-packages/pymysql/connections.py", line 775, in _read_packet
    packet.raise_for_error()
  File "/home/prince/.local/lib/python3.11/site-packages/pymysql/protocol.py", line 219, in raise_for_error
    err.raise_mysql_exception(self._data)
  File "/home/prince/.local/lib/python3.11/site-packages/pymysql/err.py", line 150, in raise_mysql_exception
    raise errorclass(errno, errval)
sqlalchemy.exc.DataError: (pymysql.err.DataError) (1366, "Incorrect integer value: 'ADMIN' for column 'role' at row 1")
[SQL: INSERT INTO register_table (register_login_vo, register_firstname, register_lastname, register_email, register_gender, register_phone, `role`, is_delete, created_at, modified_at) VALUES (%(register_login_vo)s, %(register_firstname)s, %(register_lastname)s, %(register_email)s, %(register_gender)s, %(register_phone)s, %(role)s, %(is_delete)s, %(created_at)s, %(modified_at)s)]
[parameters: {'register_login_vo': 4, 'register_firstname': 'Swastik', 'register_lastname': 'Savaliya', 'register_email': 'swastik@gmail.com', 'register_gender': 'male', 'register_phone': '6359461981', 'role': 'ADMIN', 'is_delete': 0, 'created_at': 1743490511, 'modified_at': 1743490513}]
(Background on this error at: https://sqlalche.me/e/20/9h9h)
2025-04-01 12:27:02,903 - register_controller.py - FastCRUD -  insert_register_controller - ERROR - Error inserting register
Traceback (most recent call last):
  File "/home/prince/.local/lib/python3.11/site-packages/sqlalchemy/engine/base.py", line 1964, in _exec_single_context
    self.dialect.do_execute(
  File "/home/prince/.local/lib/python3.11/site-packages/sqlalchemy/engine/default.py", line 942, in do_execute
    cursor.execute(statement, parameters)
  File "/home/prince/.local/lib/python3.11/site-packages/pymysql/cursors.py", line 153, in execute
    result = self._query(query)
             ^^^^^^^^^^^^^^^^^^
  File "/home/prince/.local/lib/python3.11/site-packages/pymysql/cursors.py", line 322, in _query
    conn.query(q)
  File "/home/prince/.local/lib/python3.11/site-packages/pymysql/connections.py", line 563, in query
    self._affected_rows = self._read_query_result(unbuffered=unbuffered)
                          ^^^^^^^^^^^^^^^^^^^^^^^^^^^^^^^^^^^^^^^^^^^^^^
  File "/home/prince/.local/lib/python3.11/site-packages/pymysql/connections.py", line 825, in _read_query_result
    result.read()
  File "/home/prince/.local/lib/python3.11/site-packages/pymysql/connections.py", line 1199, in read
    first_packet = self.connection._read_packet()
                   ^^^^^^^^^^^^^^^^^^^^^^^^^^^^^^
  File "/home/prince/.local/lib/python3.11/site-packages/pymysql/connections.py", line 775, in _read_packet
    packet.raise_for_error()
  File "/home/prince/.local/lib/python3.11/site-packages/pymysql/protocol.py", line 219, in raise_for_error
    err.raise_mysql_exception(self._data)
  File "/home/prince/.local/lib/python3.11/site-packages/pymysql/err.py", line 150, in raise_mysql_exception
    raise errorclass(errno, errval)
pymysql.err.DataError: (1366, "Incorrect integer value: 'ADMIN' for column 'role' at row 1")

The above exception was the direct cause of the following exception:

Traceback (most recent call last):
  File "/home/prince/PycharmProjects/FastCRUD/base/api/controller/register/register_controller.py", line 30, in insert_register_controller
    result =  RegisterService.register_user(register_dto)
             ^^^^^^^^^^^^^^^^^^^^^^^^^^^^^^^^^^^^^^^^^^^^^^^^^
  File "/home/prince/PycharmProjects/FastCRUD/base/service/register/register_service.py", line 59, in register_user
    register_record = RegisterDAO.insert_register_user(register_user)
                      ^^^^^^^^^^^^^^^^^^^^^^^^^^^^^^^^^^^^^^^^^^^^^^^
  File "/home/prince/PycharmProjects/FastCRUD/base/dao/register/register_dao.py", line 16, in insert_register_user
    return MysqlCommonQuery.insert_query(register_vo)
           ^^^^^^^^^^^^^^^^^^^^^^^^^^^^^^^^^^^^^^^^^^
  File "/home/prince/PycharmProjects/FastCRUD/base/client/mysql_common/mysql_common_query.py", line 15, in insert_query
    session.commit()
  File "/home/prince/.local/lib/python3.11/site-packages/sqlalchemy/orm/session.py", line 2032, in commit
    trans.commit(_to_root=True)
  File "<string>", line 2, in commit
  File "/home/prince/.local/lib/python3.11/site-packages/sqlalchemy/orm/state_changes.py", line 139, in _go
    ret_value = fn(self, *arg, **kw)
                ^^^^^^^^^^^^^^^^^^^^
  File "/home/prince/.local/lib/python3.11/site-packages/sqlalchemy/orm/session.py", line 1313, in commit
    self._prepare_impl()
  File "<string>", line 2, in _prepare_impl
  File "/home/prince/.local/lib/python3.11/site-packages/sqlalchemy/orm/state_changes.py", line 139, in _go
    ret_value = fn(self, *arg, **kw)
                ^^^^^^^^^^^^^^^^^^^^
  File "/home/prince/.local/lib/python3.11/site-packages/sqlalchemy/orm/session.py", line 1288, in _prepare_impl
    self.session.flush()
  File "/home/prince/.local/lib/python3.11/site-packages/sqlalchemy/orm/session.py", line 4353, in flush
    self._flush(objects)
  File "/home/prince/.local/lib/python3.11/site-packages/sqlalchemy/orm/session.py", line 4488, in _flush
    with util.safe_reraise():
  File "/home/prince/.local/lib/python3.11/site-packages/sqlalchemy/util/langhelpers.py", line 146, in __exit__
    raise exc_value.with_traceback(exc_tb)
  File "/home/prince/.local/lib/python3.11/site-packages/sqlalchemy/orm/session.py", line 4449, in _flush
    flush_context.execute()
  File "/home/prince/.local/lib/python3.11/site-packages/sqlalchemy/orm/unitofwork.py", line 466, in execute
    rec.execute(self)
  File "/home/prince/.local/lib/python3.11/site-packages/sqlalchemy/orm/unitofwork.py", line 642, in execute
    util.preloaded.orm_persistence.save_obj(
  File "/home/prince/.local/lib/python3.11/site-packages/sqlalchemy/orm/persistence.py", line 93, in save_obj
    _emit_insert_statements(
  File "/home/prince/.local/lib/python3.11/site-packages/sqlalchemy/orm/persistence.py", line 1233, in _emit_insert_statements
    result = connection.execute(
             ^^^^^^^^^^^^^^^^^^^
  File "/home/prince/.local/lib/python3.11/site-packages/sqlalchemy/engine/base.py", line 1416, in execute
    return meth(
           ^^^^^
  File "/home/prince/.local/lib/python3.11/site-packages/sqlalchemy/sql/elements.py", line 516, in _execute_on_connection
    return connection._execute_clauseelement(
           ^^^^^^^^^^^^^^^^^^^^^^^^^^^^^^^^^^
  File "/home/prince/.local/lib/python3.11/site-packages/sqlalchemy/engine/base.py", line 1638, in _execute_clauseelement
    ret = self._execute_context(
          ^^^^^^^^^^^^^^^^^^^^^^
  File "/home/prince/.local/lib/python3.11/site-packages/sqlalchemy/engine/base.py", line 1843, in _execute_context
    return self._exec_single_context(
           ^^^^^^^^^^^^^^^^^^^^^^^^^^
  File "/home/prince/.local/lib/python3.11/site-packages/sqlalchemy/engine/base.py", line 1983, in _exec_single_context
    self._handle_dbapi_exception(
  File "/home/prince/.local/lib/python3.11/site-packages/sqlalchemy/engine/base.py", line 2352, in _handle_dbapi_exception
    raise sqlalchemy_exception.with_traceback(exc_info[2]) from e
  File "/home/prince/.local/lib/python3.11/site-packages/sqlalchemy/engine/base.py", line 1964, in _exec_single_context
    self.dialect.do_execute(
  File "/home/prince/.local/lib/python3.11/site-packages/sqlalchemy/engine/default.py", line 942, in do_execute
    cursor.execute(statement, parameters)
  File "/home/prince/.local/lib/python3.11/site-packages/pymysql/cursors.py", line 153, in execute
    result = self._query(query)
             ^^^^^^^^^^^^^^^^^^
  File "/home/prince/.local/lib/python3.11/site-packages/pymysql/cursors.py", line 322, in _query
    conn.query(q)
  File "/home/prince/.local/lib/python3.11/site-packages/pymysql/connections.py", line 563, in query
    self._affected_rows = self._read_query_result(unbuffered=unbuffered)
                          ^^^^^^^^^^^^^^^^^^^^^^^^^^^^^^^^^^^^^^^^^^^^^^
  File "/home/prince/.local/lib/python3.11/site-packages/pymysql/connections.py", line 825, in _read_query_result
    result.read()
  File "/home/prince/.local/lib/python3.11/site-packages/pymysql/connections.py", line 1199, in read
    first_packet = self.connection._read_packet()
                   ^^^^^^^^^^^^^^^^^^^^^^^^^^^^^^
  File "/home/prince/.local/lib/python3.11/site-packages/pymysql/connections.py", line 775, in _read_packet
    packet.raise_for_error()
  File "/home/prince/.local/lib/python3.11/site-packages/pymysql/protocol.py", line 219, in raise_for_error
    err.raise_mysql_exception(self._data)
  File "/home/prince/.local/lib/python3.11/site-packages/pymysql/err.py", line 150, in raise_mysql_exception
    raise errorclass(errno, errval)
sqlalchemy.exc.DataError: (pymysql.err.DataError) (1366, "Incorrect integer value: 'ADMIN' for column 'role' at row 1")
[SQL: INSERT INTO register_table (register_login_vo, register_firstname, register_lastname, register_email, register_gender, register_phone, `role`, is_delete, created_at, modified_at) VALUES (%(register_login_vo)s, %(register_firstname)s, %(register_lastname)s, %(register_email)s, %(register_gender)s, %(register_phone)s, %(role)s, %(is_delete)s, %(created_at)s, %(modified_at)s)]
[parameters: {'register_login_vo': 5, 'register_firstname': 'Swastik', 'register_lastname': 'Savaliya', 'register_email': 'swastik@gmail.com', 'register_gender': 'male', 'register_phone': '6359461981', 'role': 'ADMIN', 'is_delete': 0, 'created_at': 1743490598, 'modified_at': 1743490599}]
(Background on this error at: https://sqlalche.me/e/20/9h9h)
2025-04-01 12:28:45,556 - register_controller.py - FastCRUD -  insert_register_controller - ERROR - Error inserting register
Traceback (most recent call last):
  File "/home/prince/PycharmProjects/FastCRUD/base/api/controller/register/register_controller.py", line 30, in insert_register_controller
    result =  RegisterService.register_user(register_dto)
             ^^^^^^^^^^^^^^^^^^^^^^^^^^^^^^^^^^^^^^^^^^^^^^^^^
  File "/home/prince/PycharmProjects/FastCRUD/base/service/register/register_service.py", line 45, in register_user
    role_vo = RegisterVO(
              ^^^^^^^^^^^
  File "<string>", line 4, in __init__
  File "/home/prince/.local/lib/python3.11/site-packages/sqlalchemy/orm/state.py", line 571, in _initialize_instance
    with util.safe_reraise():
  File "/home/prince/.local/lib/python3.11/site-packages/sqlalchemy/util/langhelpers.py", line 146, in __exit__
    raise exc_value.with_traceback(exc_tb)
  File "/home/prince/.local/lib/python3.11/site-packages/sqlalchemy/orm/state.py", line 569, in _initialize_instance
    manager.original_init(*mixed[1:], **kwargs)
  File "/home/prince/.local/lib/python3.11/site-packages/sqlalchemy/orm/decl_base.py", line 2175, in _declarative_constructor
    raise TypeError(
TypeError: 'role_name' is an invalid keyword argument for RegisterVO
2025-04-01 12:29:10,541 - register_controller.py - FastCRUD -  insert_register_controller - ERROR - Error inserting register
Traceback (most recent call last):
  File "/home/prince/.local/lib/python3.11/site-packages/sqlalchemy/engine/base.py", line 1964, in _exec_single_context
    self.dialect.do_execute(
  File "/home/prince/.local/lib/python3.11/site-packages/sqlalchemy/engine/default.py", line 942, in do_execute
    cursor.execute(statement, parameters)
  File "/home/prince/.local/lib/python3.11/site-packages/pymysql/cursors.py", line 153, in execute
    result = self._query(query)
             ^^^^^^^^^^^^^^^^^^
  File "/home/prince/.local/lib/python3.11/site-packages/pymysql/cursors.py", line 322, in _query
    conn.query(q)
  File "/home/prince/.local/lib/python3.11/site-packages/pymysql/connections.py", line 563, in query
    self._affected_rows = self._read_query_result(unbuffered=unbuffered)
                          ^^^^^^^^^^^^^^^^^^^^^^^^^^^^^^^^^^^^^^^^^^^^^^
  File "/home/prince/.local/lib/python3.11/site-packages/pymysql/connections.py", line 825, in _read_query_result
    result.read()
  File "/home/prince/.local/lib/python3.11/site-packages/pymysql/connections.py", line 1199, in read
    first_packet = self.connection._read_packet()
                   ^^^^^^^^^^^^^^^^^^^^^^^^^^^^^^
  File "/home/prince/.local/lib/python3.11/site-packages/pymysql/connections.py", line 775, in _read_packet
    packet.raise_for_error()
  File "/home/prince/.local/lib/python3.11/site-packages/pymysql/protocol.py", line 219, in raise_for_error
    err.raise_mysql_exception(self._data)
  File "/home/prince/.local/lib/python3.11/site-packages/pymysql/err.py", line 150, in raise_mysql_exception
    raise errorclass(errno, errval)
pymysql.err.IntegrityError: (1048, "Column 'role' cannot be null")

The above exception was the direct cause of the following exception:

Traceback (most recent call last):
  File "/home/prince/PycharmProjects/FastCRUD/base/api/controller/register/register_controller.py", line 30, in insert_register_controller
    result =  RegisterService.register_user(register_dto)
             ^^^^^^^^^^^^^^^^^^^^^^^^^^^^^^^^^^^^^^^^^^^^^^^^^
  File "/home/prince/PycharmProjects/FastCRUD/base/service/register/register_service.py", line 62, in register_user
    register_record = RegisterDAO.insert_register_user(register_user)
                      ^^^^^^^^^^^^^^^^^^^^^^^^^^^^^^^^^^^^^^^^^^^^^^^
  File "/home/prince/PycharmProjects/FastCRUD/base/dao/register/register_dao.py", line 16, in insert_register_user
    return MysqlCommonQuery.insert_query(register_vo)
           ^^^^^^^^^^^^^^^^^^^^^^^^^^^^^^^^^^^^^^^^^^
  File "/home/prince/PycharmProjects/FastCRUD/base/client/mysql_common/mysql_common_query.py", line 15, in insert_query
    session.commit()
  File "/home/prince/.local/lib/python3.11/site-packages/sqlalchemy/orm/session.py", line 2032, in commit
    trans.commit(_to_root=True)
  File "<string>", line 2, in commit
  File "/home/prince/.local/lib/python3.11/site-packages/sqlalchemy/orm/state_changes.py", line 139, in _go
    ret_value = fn(self, *arg, **kw)
                ^^^^^^^^^^^^^^^^^^^^
  File "/home/prince/.local/lib/python3.11/site-packages/sqlalchemy/orm/session.py", line 1313, in commit
    self._prepare_impl()
  File "<string>", line 2, in _prepare_impl
  File "/home/prince/.local/lib/python3.11/site-packages/sqlalchemy/orm/state_changes.py", line 139, in _go
    ret_value = fn(self, *arg, **kw)
                ^^^^^^^^^^^^^^^^^^^^
  File "/home/prince/.local/lib/python3.11/site-packages/sqlalchemy/orm/session.py", line 1288, in _prepare_impl
    self.session.flush()
  File "/home/prince/.local/lib/python3.11/site-packages/sqlalchemy/orm/session.py", line 4353, in flush
    self._flush(objects)
  File "/home/prince/.local/lib/python3.11/site-packages/sqlalchemy/orm/session.py", line 4488, in _flush
    with util.safe_reraise():
  File "/home/prince/.local/lib/python3.11/site-packages/sqlalchemy/util/langhelpers.py", line 146, in __exit__
    raise exc_value.with_traceback(exc_tb)
  File "/home/prince/.local/lib/python3.11/site-packages/sqlalchemy/orm/session.py", line 4449, in _flush
    flush_context.execute()
  File "/home/prince/.local/lib/python3.11/site-packages/sqlalchemy/orm/unitofwork.py", line 466, in execute
    rec.execute(self)
  File "/home/prince/.local/lib/python3.11/site-packages/sqlalchemy/orm/unitofwork.py", line 642, in execute
    util.preloaded.orm_persistence.save_obj(
  File "/home/prince/.local/lib/python3.11/site-packages/sqlalchemy/orm/persistence.py", line 93, in save_obj
    _emit_insert_statements(
  File "/home/prince/.local/lib/python3.11/site-packages/sqlalchemy/orm/persistence.py", line 1233, in _emit_insert_statements
    result = connection.execute(
             ^^^^^^^^^^^^^^^^^^^
  File "/home/prince/.local/lib/python3.11/site-packages/sqlalchemy/engine/base.py", line 1416, in execute
    return meth(
           ^^^^^
  File "/home/prince/.local/lib/python3.11/site-packages/sqlalchemy/sql/elements.py", line 516, in _execute_on_connection
    return connection._execute_clauseelement(
           ^^^^^^^^^^^^^^^^^^^^^^^^^^^^^^^^^^
  File "/home/prince/.local/lib/python3.11/site-packages/sqlalchemy/engine/base.py", line 1638, in _execute_clauseelement
    ret = self._execute_context(
          ^^^^^^^^^^^^^^^^^^^^^^
  File "/home/prince/.local/lib/python3.11/site-packages/sqlalchemy/engine/base.py", line 1843, in _execute_context
    return self._exec_single_context(
           ^^^^^^^^^^^^^^^^^^^^^^^^^^
  File "/home/prince/.local/lib/python3.11/site-packages/sqlalchemy/engine/base.py", line 1983, in _exec_single_context
    self._handle_dbapi_exception(
  File "/home/prince/.local/lib/python3.11/site-packages/sqlalchemy/engine/base.py", line 2352, in _handle_dbapi_exception
    raise sqlalchemy_exception.with_traceback(exc_info[2]) from e
  File "/home/prince/.local/lib/python3.11/site-packages/sqlalchemy/engine/base.py", line 1964, in _exec_single_context
    self.dialect.do_execute(
  File "/home/prince/.local/lib/python3.11/site-packages/sqlalchemy/engine/default.py", line 942, in do_execute
    cursor.execute(statement, parameters)
  File "/home/prince/.local/lib/python3.11/site-packages/pymysql/cursors.py", line 153, in execute
    result = self._query(query)
             ^^^^^^^^^^^^^^^^^^
  File "/home/prince/.local/lib/python3.11/site-packages/pymysql/cursors.py", line 322, in _query
    conn.query(q)
  File "/home/prince/.local/lib/python3.11/site-packages/pymysql/connections.py", line 563, in query
    self._affected_rows = self._read_query_result(unbuffered=unbuffered)
                          ^^^^^^^^^^^^^^^^^^^^^^^^^^^^^^^^^^^^^^^^^^^^^^
  File "/home/prince/.local/lib/python3.11/site-packages/pymysql/connections.py", line 825, in _read_query_result
    result.read()
  File "/home/prince/.local/lib/python3.11/site-packages/pymysql/connections.py", line 1199, in read
    first_packet = self.connection._read_packet()
                   ^^^^^^^^^^^^^^^^^^^^^^^^^^^^^^
  File "/home/prince/.local/lib/python3.11/site-packages/pymysql/connections.py", line 775, in _read_packet
    packet.raise_for_error()
  File "/home/prince/.local/lib/python3.11/site-packages/pymysql/protocol.py", line 219, in raise_for_error
    err.raise_mysql_exception(self._data)
  File "/home/prince/.local/lib/python3.11/site-packages/pymysql/err.py", line 150, in raise_mysql_exception
    raise errorclass(errno, errval)
sqlalchemy.exc.IntegrityError: (pymysql.err.IntegrityError) (1048, "Column 'role' cannot be null")
[SQL: INSERT INTO register_table (register_login_vo, register_firstname, register_lastname, register_email, register_gender, register_phone, `role`, is_delete, created_at, modified_at) VALUES (%(register_login_vo)s, %(register_firstname)s, %(register_lastname)s, %(register_email)s, %(register_gender)s, %(register_phone)s, %(role)s, %(is_delete)s, %(created_at)s, %(modified_at)s)]
[parameters: {'register_login_vo': 7, 'register_firstname': 'Swastik', 'register_lastname': 'Savaliya', 'register_email': 'swastik@gmail.com', 'register_gender': 'male', 'register_phone': '6359461981', 'role': None, 'is_delete': 0, 'created_at': 1743490750, 'modified_at': 1743490750}]
(Background on this error at: https://sqlalche.me/e/20/gkpj)
2025-04-01 12:42:10,013 - register_controller.py - FastCRUD -  insert_register_controller - ERROR - Error inserting register
Traceback (most recent call last):
  File "/home/prince/PycharmProjects/FastCRUD/base/api/controller/register/register_controller.py", line 30, in insert_register_controller
    result =  RegisterService.register_user(register_dto)
             ^^^^^^^^^^^^^^^^^^^^^^^^^^^^^^^^^^^^^^^^^^^^^^^^^
  File "/home/prince/PycharmProjects/FastCRUD/base/service/register/register_service.py", line 58, in register_user
    role=role_vo.role_id,
         ^^^^^^^^^^^^^^^
AttributeError: 'RoleVO' object has no attribute 'role_id'
2025-04-01 12:49:24,818 - register_controller.py - FastCRUD -  insert_register_controller - ERROR - Error inserting register
Traceback (most recent call last):
  File "/home/prince/PycharmProjects/FastCRUD/base/api/controller/register/register_controller.py", line 30, in insert_register_controller
    result =  RegisterService.register_user(register_dto)
             ^^^^^^^^^^^^^^^^^^^^^^^^^^^^^^^^^^^^^^^^^^^^^^^^^
  File "/home/prince/PycharmProjects/FastCRUD/base/service/register/register_service.py", line 58, in register_user
    role=role_vo.role_id,
         ^^^^^^^^^^^^^^^
AttributeError: 'RoleVO' object has no attribute 'role_id'
2025-04-01 12:50:24,111 - register_controller.py - FastCRUD -  insert_register_controller - ERROR - Error inserting register
Traceback (most recent call last):
  File "/home/prince/PycharmProjects/FastCRUD/base/api/controller/register/register_controller.py", line 30, in insert_register_controller
    result =  RegisterService.register_user(register_dto)
             ^^^^^^^^^^^^^^^^^^^^^^^^^^^^^^^^^^^^^^^^^^^^^^^^^
  File "/home/prince/PycharmProjects/FastCRUD/base/service/register/register_service.py", line 63, in register_user
    register_record = RegisterDAO.insert_register_user(register_user)
                      ^^^^^^^^^^^^^^^^^^^^^^^^^^^^^^^^^^^^^^^^^^^^^^^
  File "/home/prince/PycharmProjects/FastCRUD/base/dao/register/register_dao.py", line 16, in insert_register_user
    return MysqlCommonQuery.insert_query(register_vo)
           ^^^^^^^^^^^^^^^^^^^^^^^^^^^^^^^^^^^^^^^^^^
  File "/home/prince/PycharmProjects/FastCRUD/base/client/mysql_common/mysql_common_query.py", line 15, in insert_query
    session.commit()
  File "/home/prince/.local/lib/python3.11/site-packages/sqlalchemy/orm/session.py", line 2032, in commit
    trans.commit(_to_root=True)
  File "<string>", line 2, in commit
  File "/home/prince/.local/lib/python3.11/site-packages/sqlalchemy/orm/state_changes.py", line 139, in _go
    ret_value = fn(self, *arg, **kw)
                ^^^^^^^^^^^^^^^^^^^^
  File "/home/prince/.local/lib/python3.11/site-packages/sqlalchemy/orm/session.py", line 1313, in commit
    self._prepare_impl()
  File "<string>", line 2, in _prepare_impl
  File "/home/prince/.local/lib/python3.11/site-packages/sqlalchemy/orm/state_changes.py", line 139, in _go
    ret_value = fn(self, *arg, **kw)
                ^^^^^^^^^^^^^^^^^^^^
  File "/home/prince/.local/lib/python3.11/site-packages/sqlalchemy/orm/session.py", line 1288, in _prepare_impl
    self.session.flush()
  File "/home/prince/.local/lib/python3.11/site-packages/sqlalchemy/orm/session.py", line 4353, in flush
    self._flush(objects)
  File "/home/prince/.local/lib/python3.11/site-packages/sqlalchemy/orm/session.py", line 4488, in _flush
    with util.safe_reraise():
  File "/home/prince/.local/lib/python3.11/site-packages/sqlalchemy/util/langhelpers.py", line 146, in __exit__
    raise exc_value.with_traceback(exc_tb)
  File "/home/prince/.local/lib/python3.11/site-packages/sqlalchemy/orm/session.py", line 4449, in _flush
    flush_context.execute()
  File "/home/prince/.local/lib/python3.11/site-packages/sqlalchemy/orm/unitofwork.py", line 466, in execute
    rec.execute(self)
  File "/home/prince/.local/lib/python3.11/site-packages/sqlalchemy/orm/unitofwork.py", line 642, in execute
    util.preloaded.orm_persistence.save_obj(
  File "/home/prince/.local/lib/python3.11/site-packages/sqlalchemy/orm/persistence.py", line 76, in save_obj
    for table, mapper in base_mapper._sorted_tables.items():
                         ^^^^^^^^^^^^^^^^^^^^^^^^^^
  File "/home/prince/.local/lib/python3.11/site-packages/sqlalchemy/util/langhelpers.py", line 1257, in __get__
    obj.__dict__[self.__name__] = result = self.fget(obj)
                                           ^^^^^^^^^^^^^^
  File "/home/prince/.local/lib/python3.11/site-packages/sqlalchemy/orm/mapper.py", line 4059, in _sorted_tables
    sorted_ = sql_util.sort_tables(
              ^^^^^^^^^^^^^^^^^^^^^
  File "/home/prince/.local/lib/python3.11/site-packages/sqlalchemy/sql/ddl.py", line 1262, in sort_tables
    for (t, fkcs) in sort_tables_and_constraints(
                     ^^^^^^^^^^^^^^^^^^^^^^^^^^^^
  File "/home/prince/.local/lib/python3.11/site-packages/sqlalchemy/sql/ddl.py", line 1332, in sort_tables_and_constraints
    filtered = filter_fn(fkc)
               ^^^^^^^^^^^^^^
  File "/home/prince/.local/lib/python3.11/site-packages/sqlalchemy/sql/ddl.py", line 1252, in _skip_fn
    if fixed_skip_fn(fk):
       ^^^^^^^^^^^^^^^^^
  File "/home/prince/.local/lib/python3.11/site-packages/sqlalchemy/orm/mapper.py", line 4042, in skip
    dep = table_to_mapper.get(fk.column.table)
                              ^^^^^^^^^
  File "/home/prince/.local/lib/python3.11/site-packages/sqlalchemy/util/langhelpers.py", line 1145, in __get__
    obj.__dict__[self.__name__] = result = self.fget(obj)
                                           ^^^^^^^^^^^^^^
  File "/home/prince/.local/lib/python3.11/site-packages/sqlalchemy/sql/schema.py", line 3191, in column
    return self._resolve_column()
           ^^^^^^^^^^^^^^^^^^^^^^
  File "/home/prince/.local/lib/python3.11/site-packages/sqlalchemy/sql/schema.py", line 3214, in _resolve_column
    raise exc.NoReferencedTableError(
sqlalchemy.exc.NoReferencedTableError: Foreign key associated with column 'register_table.role' could not find table 'role_table' with which to generate a foreign key to target column 'id'
2025-04-01 12:54:04,982 - register_controller.py - FastCRUD -  insert_register_controller - ERROR - Error inserting register
Traceback (most recent call last):
  File "/home/prince/PycharmProjects/FastCRUD/base/api/controller/register/register_controller.py", line 30, in insert_register_controller
    result =  RegisterService.register_user(register_dto)
             ^^^^^^^^^^^^^^^^^^^^^^^^^^^^^^^^^^^^^^^^^^^^^^^^^
  File "/home/prince/PycharmProjects/FastCRUD/base/service/register/register_service.py", line 46, in register_user
    role_record = RegisterDAO.insert_role(
                  ^^^^^^^^^^^^^^^^^^^^^^^
AttributeError: type object 'RegisterDAO' has no attribute 'insert_role'
2025-04-01 12:56:19,833 - register_controller.py - FastCRUD -  insert_register_controller - ERROR - Error inserting register
Traceback (most recent call last):
  File "/home/prince/PycharmProjects/FastCRUD/base/api/controller/register/register_controller.py", line 30, in insert_register_controller
    result =  RegisterService.register_user(register_dto)
             ^^^^^^^^^^^^^^^^^^^^^^^^^^^^^^^^^^^^^^^^^^^^^^^^^
  File "/home/prince/PycharmProjects/FastCRUD/base/service/register/register_service.py", line 74, in register_user
    register_record = RegisterDAO.insert_register_user(register_user)
                      ^^^^^^^^^^^^^^^^^^^^^^^^^^^^^^^^^^^^^^^^^^^^^^^
  File "/home/prince/PycharmProjects/FastCRUD/base/dao/register/register_dao.py", line 16, in insert_register_user
    return MysqlCommonQuery.insert_query(register_vo)
           ^^^^^^^^^^^^^^^^^^^^^^^^^^^^^^^^^^^^^^^^^^
  File "/home/prince/PycharmProjects/FastCRUD/base/client/mysql_common/mysql_common_query.py", line 15, in insert_query
    session.commit()
  File "/home/prince/.local/lib/python3.11/site-packages/sqlalchemy/orm/session.py", line 2032, in commit
    trans.commit(_to_root=True)
  File "<string>", line 2, in commit
  File "/home/prince/.local/lib/python3.11/site-packages/sqlalchemy/orm/state_changes.py", line 139, in _go
    ret_value = fn(self, *arg, **kw)
                ^^^^^^^^^^^^^^^^^^^^
  File "/home/prince/.local/lib/python3.11/site-packages/sqlalchemy/orm/session.py", line 1313, in commit
    self._prepare_impl()
  File "<string>", line 2, in _prepare_impl
  File "/home/prince/.local/lib/python3.11/site-packages/sqlalchemy/orm/state_changes.py", line 139, in _go
    ret_value = fn(self, *arg, **kw)
                ^^^^^^^^^^^^^^^^^^^^
  File "/home/prince/.local/lib/python3.11/site-packages/sqlalchemy/orm/session.py", line 1288, in _prepare_impl
    self.session.flush()
  File "/home/prince/.local/lib/python3.11/site-packages/sqlalchemy/orm/session.py", line 4353, in flush
    self._flush(objects)
  File "/home/prince/.local/lib/python3.11/site-packages/sqlalchemy/orm/session.py", line 4488, in _flush
    with util.safe_reraise():
  File "/home/prince/.local/lib/python3.11/site-packages/sqlalchemy/util/langhelpers.py", line 146, in __exit__
    raise exc_value.with_traceback(exc_tb)
  File "/home/prince/.local/lib/python3.11/site-packages/sqlalchemy/orm/session.py", line 4449, in _flush
    flush_context.execute()
  File "/home/prince/.local/lib/python3.11/site-packages/sqlalchemy/orm/unitofwork.py", line 466, in execute
    rec.execute(self)
  File "/home/prince/.local/lib/python3.11/site-packages/sqlalchemy/orm/unitofwork.py", line 642, in execute
    util.preloaded.orm_persistence.save_obj(
  File "/home/prince/.local/lib/python3.11/site-packages/sqlalchemy/orm/persistence.py", line 76, in save_obj
    for table, mapper in base_mapper._sorted_tables.items():
                         ^^^^^^^^^^^^^^^^^^^^^^^^^^
  File "/home/prince/.local/lib/python3.11/site-packages/sqlalchemy/util/langhelpers.py", line 1257, in __get__
    obj.__dict__[self.__name__] = result = self.fget(obj)
                                           ^^^^^^^^^^^^^^
  File "/home/prince/.local/lib/python3.11/site-packages/sqlalchemy/orm/mapper.py", line 4059, in _sorted_tables
    sorted_ = sql_util.sort_tables(
              ^^^^^^^^^^^^^^^^^^^^^
  File "/home/prince/.local/lib/python3.11/site-packages/sqlalchemy/sql/ddl.py", line 1262, in sort_tables
    for (t, fkcs) in sort_tables_and_constraints(
                     ^^^^^^^^^^^^^^^^^^^^^^^^^^^^
  File "/home/prince/.local/lib/python3.11/site-packages/sqlalchemy/sql/ddl.py", line 1332, in sort_tables_and_constraints
    filtered = filter_fn(fkc)
               ^^^^^^^^^^^^^^
  File "/home/prince/.local/lib/python3.11/site-packages/sqlalchemy/sql/ddl.py", line 1252, in _skip_fn
    if fixed_skip_fn(fk):
       ^^^^^^^^^^^^^^^^^
  File "/home/prince/.local/lib/python3.11/site-packages/sqlalchemy/orm/mapper.py", line 4042, in skip
    dep = table_to_mapper.get(fk.column.table)
                              ^^^^^^^^^
  File "/home/prince/.local/lib/python3.11/site-packages/sqlalchemy/util/langhelpers.py", line 1145, in __get__
    obj.__dict__[self.__name__] = result = self.fget(obj)
                                           ^^^^^^^^^^^^^^
  File "/home/prince/.local/lib/python3.11/site-packages/sqlalchemy/sql/schema.py", line 3191, in column
    return self._resolve_column()
           ^^^^^^^^^^^^^^^^^^^^^^
  File "/home/prince/.local/lib/python3.11/site-packages/sqlalchemy/sql/schema.py", line 3214, in _resolve_column
    raise exc.NoReferencedTableError(
sqlalchemy.exc.NoReferencedTableError: Foreign key associated with column 'register_table.role' could not find table 'role_table' with which to generate a foreign key to target column 'id'
2025-04-01 12:57:09,474 - register_controller.py - FastCRUD -  insert_register_controller - ERROR - Error inserting register
Traceback (most recent call last):
  File "/home/prince/PycharmProjects/FastCRUD/base/api/controller/register/register_controller.py", line 30, in insert_register_controller
    result =  RegisterService.register_user(register_dto)
             ^^^^^^^^^^^^^^^^^^^^^^^^^^^^^^^^^^^^^^^^^^^^^^^^^
  File "/home/prince/PycharmProjects/FastCRUD/base/service/register/register_service.py", line 74, in register_user
    register_record = RegisterDAO.insert_register_user(register_user)
                      ^^^^^^^^^^^^^^^^^^^^^^^^^^^^^^^^^^^^^^^^^^^^^^^
  File "/home/prince/PycharmProjects/FastCRUD/base/dao/register/register_dao.py", line 16, in insert_register_user
    return MysqlCommonQuery.insert_query(register_vo)
           ^^^^^^^^^^^^^^^^^^^^^^^^^^^^^^^^^^^^^^^^^^
  File "/home/prince/PycharmProjects/FastCRUD/base/client/mysql_common/mysql_common_query.py", line 15, in insert_query
    session.commit()
  File "/home/prince/.local/lib/python3.11/site-packages/sqlalchemy/orm/session.py", line 2032, in commit
    trans.commit(_to_root=True)
  File "<string>", line 2, in commit
  File "/home/prince/.local/lib/python3.11/site-packages/sqlalchemy/orm/state_changes.py", line 139, in _go
    ret_value = fn(self, *arg, **kw)
                ^^^^^^^^^^^^^^^^^^^^
  File "/home/prince/.local/lib/python3.11/site-packages/sqlalchemy/orm/session.py", line 1313, in commit
    self._prepare_impl()
  File "<string>", line 2, in _prepare_impl
  File "/home/prince/.local/lib/python3.11/site-packages/sqlalchemy/orm/state_changes.py", line 139, in _go
    ret_value = fn(self, *arg, **kw)
                ^^^^^^^^^^^^^^^^^^^^
  File "/home/prince/.local/lib/python3.11/site-packages/sqlalchemy/orm/session.py", line 1288, in _prepare_impl
    self.session.flush()
  File "/home/prince/.local/lib/python3.11/site-packages/sqlalchemy/orm/session.py", line 4353, in flush
    self._flush(objects)
  File "/home/prince/.local/lib/python3.11/site-packages/sqlalchemy/orm/session.py", line 4488, in _flush
    with util.safe_reraise():
  File "/home/prince/.local/lib/python3.11/site-packages/sqlalchemy/util/langhelpers.py", line 146, in __exit__
    raise exc_value.with_traceback(exc_tb)
  File "/home/prince/.local/lib/python3.11/site-packages/sqlalchemy/orm/session.py", line 4449, in _flush
    flush_context.execute()
  File "/home/prince/.local/lib/python3.11/site-packages/sqlalchemy/orm/unitofwork.py", line 466, in execute
    rec.execute(self)
  File "/home/prince/.local/lib/python3.11/site-packages/sqlalchemy/orm/unitofwork.py", line 642, in execute
    util.preloaded.orm_persistence.save_obj(
  File "/home/prince/.local/lib/python3.11/site-packages/sqlalchemy/orm/persistence.py", line 76, in save_obj
    for table, mapper in base_mapper._sorted_tables.items():
                         ^^^^^^^^^^^^^^^^^^^^^^^^^^
  File "/home/prince/.local/lib/python3.11/site-packages/sqlalchemy/util/langhelpers.py", line 1257, in __get__
    obj.__dict__[self.__name__] = result = self.fget(obj)
                                           ^^^^^^^^^^^^^^
  File "/home/prince/.local/lib/python3.11/site-packages/sqlalchemy/orm/mapper.py", line 4059, in _sorted_tables
    sorted_ = sql_util.sort_tables(
              ^^^^^^^^^^^^^^^^^^^^^
  File "/home/prince/.local/lib/python3.11/site-packages/sqlalchemy/sql/ddl.py", line 1262, in sort_tables
    for (t, fkcs) in sort_tables_and_constraints(
                     ^^^^^^^^^^^^^^^^^^^^^^^^^^^^
  File "/home/prince/.local/lib/python3.11/site-packages/sqlalchemy/sql/ddl.py", line 1332, in sort_tables_and_constraints
    filtered = filter_fn(fkc)
               ^^^^^^^^^^^^^^
  File "/home/prince/.local/lib/python3.11/site-packages/sqlalchemy/sql/ddl.py", line 1252, in _skip_fn
    if fixed_skip_fn(fk):
       ^^^^^^^^^^^^^^^^^
  File "/home/prince/.local/lib/python3.11/site-packages/sqlalchemy/orm/mapper.py", line 4042, in skip
    dep = table_to_mapper.get(fk.column.table)
                              ^^^^^^^^^
  File "/home/prince/.local/lib/python3.11/site-packages/sqlalchemy/util/langhelpers.py", line 1145, in __get__
    obj.__dict__[self.__name__] = result = self.fget(obj)
                                           ^^^^^^^^^^^^^^
  File "/home/prince/.local/lib/python3.11/site-packages/sqlalchemy/sql/schema.py", line 3191, in column
    return self._resolve_column()
           ^^^^^^^^^^^^^^^^^^^^^^
  File "/home/prince/.local/lib/python3.11/site-packages/sqlalchemy/sql/schema.py", line 3214, in _resolve_column
    raise exc.NoReferencedTableError(
sqlalchemy.exc.NoReferencedTableError: Foreign key associated with column 'register_table.role' could not find table 'role_table' with which to generate a foreign key to target column 'id'
2025-04-01 13:02:05,570 - register_controller.py - FastCRUD -  insert_register_controller - ERROR - Error inserting register
Traceback (most recent call last):
  File "/home/prince/PycharmProjects/FastCRUD/base/api/controller/register/register_controller.py", line 30, in insert_register_controller
    result =  RegisterService.register_user(register_dto)
             ^^^^^^^^^^^^^^^^^^^^^^^^^^^^^^^^^^^^^^^^^^^^^^^^^
  File "/home/prince/PycharmProjects/FastCRUD/base/service/register/register_service.py", line 74, in register_user
    register_record = RegisterDAO.insert_register_user(register_user)
                      ^^^^^^^^^^^^^^^^^^^^^^^^^^^^^^^^^^^^^^^^^^^^^^^
  File "/home/prince/PycharmProjects/FastCRUD/base/dao/register/register_dao.py", line 16, in insert_register_user
    return MysqlCommonQuery.insert_query(register_vo)
           ^^^^^^^^^^^^^^^^^^^^^^^^^^^^^^^^^^^^^^^^^^
  File "/home/prince/PycharmProjects/FastCRUD/base/client/mysql_common/mysql_common_query.py", line 15, in insert_query
    session.commit()
  File "/home/prince/.local/lib/python3.11/site-packages/sqlalchemy/orm/session.py", line 2032, in commit
    trans.commit(_to_root=True)
  File "<string>", line 2, in commit
  File "/home/prince/.local/lib/python3.11/site-packages/sqlalchemy/orm/state_changes.py", line 139, in _go
    ret_value = fn(self, *arg, **kw)
                ^^^^^^^^^^^^^^^^^^^^
  File "/home/prince/.local/lib/python3.11/site-packages/sqlalchemy/orm/session.py", line 1313, in commit
    self._prepare_impl()
  File "<string>", line 2, in _prepare_impl
  File "/home/prince/.local/lib/python3.11/site-packages/sqlalchemy/orm/state_changes.py", line 139, in _go
    ret_value = fn(self, *arg, **kw)
                ^^^^^^^^^^^^^^^^^^^^
  File "/home/prince/.local/lib/python3.11/site-packages/sqlalchemy/orm/session.py", line 1288, in _prepare_impl
    self.session.flush()
  File "/home/prince/.local/lib/python3.11/site-packages/sqlalchemy/orm/session.py", line 4353, in flush
    self._flush(objects)
  File "/home/prince/.local/lib/python3.11/site-packages/sqlalchemy/orm/session.py", line 4488, in _flush
    with util.safe_reraise():
  File "/home/prince/.local/lib/python3.11/site-packages/sqlalchemy/util/langhelpers.py", line 146, in __exit__
    raise exc_value.with_traceback(exc_tb)
  File "/home/prince/.local/lib/python3.11/site-packages/sqlalchemy/orm/session.py", line 4449, in _flush
    flush_context.execute()
  File "/home/prince/.local/lib/python3.11/site-packages/sqlalchemy/orm/unitofwork.py", line 466, in execute
    rec.execute(self)
  File "/home/prince/.local/lib/python3.11/site-packages/sqlalchemy/orm/unitofwork.py", line 642, in execute
    util.preloaded.orm_persistence.save_obj(
  File "/home/prince/.local/lib/python3.11/site-packages/sqlalchemy/orm/persistence.py", line 76, in save_obj
    for table, mapper in base_mapper._sorted_tables.items():
                         ^^^^^^^^^^^^^^^^^^^^^^^^^^
  File "/home/prince/.local/lib/python3.11/site-packages/sqlalchemy/util/langhelpers.py", line 1257, in __get__
    obj.__dict__[self.__name__] = result = self.fget(obj)
                                           ^^^^^^^^^^^^^^
  File "/home/prince/.local/lib/python3.11/site-packages/sqlalchemy/orm/mapper.py", line 4059, in _sorted_tables
    sorted_ = sql_util.sort_tables(
              ^^^^^^^^^^^^^^^^^^^^^
  File "/home/prince/.local/lib/python3.11/site-packages/sqlalchemy/sql/ddl.py", line 1262, in sort_tables
    for (t, fkcs) in sort_tables_and_constraints(
                     ^^^^^^^^^^^^^^^^^^^^^^^^^^^^
  File "/home/prince/.local/lib/python3.11/site-packages/sqlalchemy/sql/ddl.py", line 1332, in sort_tables_and_constraints
    filtered = filter_fn(fkc)
               ^^^^^^^^^^^^^^
  File "/home/prince/.local/lib/python3.11/site-packages/sqlalchemy/sql/ddl.py", line 1252, in _skip_fn
    if fixed_skip_fn(fk):
       ^^^^^^^^^^^^^^^^^
  File "/home/prince/.local/lib/python3.11/site-packages/sqlalchemy/orm/mapper.py", line 4042, in skip
    dep = table_to_mapper.get(fk.column.table)
                              ^^^^^^^^^
  File "/home/prince/.local/lib/python3.11/site-packages/sqlalchemy/util/langhelpers.py", line 1145, in __get__
    obj.__dict__[self.__name__] = result = self.fget(obj)
                                           ^^^^^^^^^^^^^^
  File "/home/prince/.local/lib/python3.11/site-packages/sqlalchemy/sql/schema.py", line 3191, in column
    return self._resolve_column()
           ^^^^^^^^^^^^^^^^^^^^^^
  File "/home/prince/.local/lib/python3.11/site-packages/sqlalchemy/sql/schema.py", line 3214, in _resolve_column
    raise exc.NoReferencedTableError(
sqlalchemy.exc.NoReferencedTableError: Foreign key associated with column 'register_table.role' could not find table 'role_table' with which to generate a foreign key to target column 'id'
2025-04-01 14:14:42,778 - register_controller.py - FastCRUD -  insert_register_controller - ERROR - Error inserting register
Traceback (most recent call last):
  File "/home/prince/PycharmProjects/FastCRUD/base/api/controller/register/register_controller.py", line 30, in insert_register_controller
    result =  RegisterService.register_user(register_dto)
             ^^^^^^^^^^^^^^^^^^^^^^^^^^^^^^^^^^^^^^^^^^^^^^^^^
  File "/home/prince/PycharmProjects/FastCRUD/base/service/register/register_service.py", line 74, in register_user
    register_record = RegisterDAO.insert_register_user(register_user)
                      ^^^^^^^^^^^^^^^^^^^^^^^^^^^^^^^^^^^^^^^^^^^^^^^
  File "/home/prince/PycharmProjects/FastCRUD/base/dao/register/register_dao.py", line 16, in insert_register_user
    return MysqlCommonQuery.insert_query(register_vo)
           ^^^^^^^^^^^^^^^^^^^^^^^^^^^^^^^^^^^^^^^^^^
  File "/home/prince/PycharmProjects/FastCRUD/base/client/mysql_common/mysql_common_query.py", line 15, in insert_query
    session.commit()
  File "/home/prince/.local/lib/python3.11/site-packages/sqlalchemy/orm/session.py", line 2032, in commit
    trans.commit(_to_root=True)
  File "<string>", line 2, in commit
  File "/home/prince/.local/lib/python3.11/site-packages/sqlalchemy/orm/state_changes.py", line 139, in _go
    ret_value = fn(self, *arg, **kw)
                ^^^^^^^^^^^^^^^^^^^^
  File "/home/prince/.local/lib/python3.11/site-packages/sqlalchemy/orm/session.py", line 1313, in commit
    self._prepare_impl()
  File "<string>", line 2, in _prepare_impl
  File "/home/prince/.local/lib/python3.11/site-packages/sqlalchemy/orm/state_changes.py", line 139, in _go
    ret_value = fn(self, *arg, **kw)
                ^^^^^^^^^^^^^^^^^^^^
  File "/home/prince/.local/lib/python3.11/site-packages/sqlalchemy/orm/session.py", line 1288, in _prepare_impl
    self.session.flush()
  File "/home/prince/.local/lib/python3.11/site-packages/sqlalchemy/orm/session.py", line 4353, in flush
    self._flush(objects)
  File "/home/prince/.local/lib/python3.11/site-packages/sqlalchemy/orm/session.py", line 4488, in _flush
    with util.safe_reraise():
  File "/home/prince/.local/lib/python3.11/site-packages/sqlalchemy/util/langhelpers.py", line 146, in __exit__
    raise exc_value.with_traceback(exc_tb)
  File "/home/prince/.local/lib/python3.11/site-packages/sqlalchemy/orm/session.py", line 4449, in _flush
    flush_context.execute()
  File "/home/prince/.local/lib/python3.11/site-packages/sqlalchemy/orm/unitofwork.py", line 466, in execute
    rec.execute(self)
  File "/home/prince/.local/lib/python3.11/site-packages/sqlalchemy/orm/unitofwork.py", line 642, in execute
    util.preloaded.orm_persistence.save_obj(
  File "/home/prince/.local/lib/python3.11/site-packages/sqlalchemy/orm/persistence.py", line 76, in save_obj
    for table, mapper in base_mapper._sorted_tables.items():
                         ^^^^^^^^^^^^^^^^^^^^^^^^^^
  File "/home/prince/.local/lib/python3.11/site-packages/sqlalchemy/util/langhelpers.py", line 1257, in __get__
    obj.__dict__[self.__name__] = result = self.fget(obj)
                                           ^^^^^^^^^^^^^^
  File "/home/prince/.local/lib/python3.11/site-packages/sqlalchemy/orm/mapper.py", line 4059, in _sorted_tables
    sorted_ = sql_util.sort_tables(
              ^^^^^^^^^^^^^^^^^^^^^
  File "/home/prince/.local/lib/python3.11/site-packages/sqlalchemy/sql/ddl.py", line 1262, in sort_tables
    for (t, fkcs) in sort_tables_and_constraints(
                     ^^^^^^^^^^^^^^^^^^^^^^^^^^^^
  File "/home/prince/.local/lib/python3.11/site-packages/sqlalchemy/sql/ddl.py", line 1332, in sort_tables_and_constraints
    filtered = filter_fn(fkc)
               ^^^^^^^^^^^^^^
  File "/home/prince/.local/lib/python3.11/site-packages/sqlalchemy/sql/ddl.py", line 1252, in _skip_fn
    if fixed_skip_fn(fk):
       ^^^^^^^^^^^^^^^^^
  File "/home/prince/.local/lib/python3.11/site-packages/sqlalchemy/orm/mapper.py", line 4042, in skip
    dep = table_to_mapper.get(fk.column.table)
                              ^^^^^^^^^
  File "/home/prince/.local/lib/python3.11/site-packages/sqlalchemy/util/langhelpers.py", line 1145, in __get__
    obj.__dict__[self.__name__] = result = self.fget(obj)
                                           ^^^^^^^^^^^^^^
  File "/home/prince/.local/lib/python3.11/site-packages/sqlalchemy/sql/schema.py", line 3191, in column
    return self._resolve_column()
           ^^^^^^^^^^^^^^^^^^^^^^
  File "/home/prince/.local/lib/python3.11/site-packages/sqlalchemy/sql/schema.py", line 3214, in _resolve_column
    raise exc.NoReferencedTableError(
sqlalchemy.exc.NoReferencedTableError: Foreign key associated with column 'register_table.role' could not find table 'role_table' with which to generate a foreign key to target column 'id'
2025-04-01 14:22:22,049 - register_controller.py - FastCRUD -  insert_register_controller - ERROR - Error inserting register
Traceback (most recent call last):
  File "/home/prince/.local/lib/python3.11/site-packages/sqlalchemy/engine/base.py", line 1964, in _exec_single_context
    self.dialect.do_execute(
  File "/home/prince/.local/lib/python3.11/site-packages/sqlalchemy/engine/default.py", line 942, in do_execute
    cursor.execute(statement, parameters)
  File "/home/prince/.local/lib/python3.11/site-packages/pymysql/cursors.py", line 153, in execute
    result = self._query(query)
             ^^^^^^^^^^^^^^^^^^
  File "/home/prince/.local/lib/python3.11/site-packages/pymysql/cursors.py", line 322, in _query
    conn.query(q)
  File "/home/prince/.local/lib/python3.11/site-packages/pymysql/connections.py", line 563, in query
    self._affected_rows = self._read_query_result(unbuffered=unbuffered)
                          ^^^^^^^^^^^^^^^^^^^^^^^^^^^^^^^^^^^^^^^^^^^^^^
  File "/home/prince/.local/lib/python3.11/site-packages/pymysql/connections.py", line 825, in _read_query_result
    result.read()
  File "/home/prince/.local/lib/python3.11/site-packages/pymysql/connections.py", line 1199, in read
    first_packet = self.connection._read_packet()
                   ^^^^^^^^^^^^^^^^^^^^^^^^^^^^^^
  File "/home/prince/.local/lib/python3.11/site-packages/pymysql/connections.py", line 775, in _read_packet
    packet.raise_for_error()
  File "/home/prince/.local/lib/python3.11/site-packages/pymysql/protocol.py", line 219, in raise_for_error
    err.raise_mysql_exception(self._data)
  File "/home/prince/.local/lib/python3.11/site-packages/pymysql/err.py", line 150, in raise_mysql_exception
    raise errorclass(errno, errval)
pymysql.err.ProgrammingError: (1146, "Table 'FASTCRUD_DB.register_table' doesn't exist")

The above exception was the direct cause of the following exception:

Traceback (most recent call last):
  File "/home/prince/PycharmProjects/FastCRUD/base/api/controller/register/register_controller.py", line 30, in insert_register_controller
    result =  RegisterService.register_user(register_dto)
             ^^^^^^^^^^^^^^^^^^^^^^^^^^^^^^^^^^^^^^^^^^^^^^^^^
  File "/home/prince/PycharmProjects/FastCRUD/base/service/register/register_service.py", line 74, in register_user
    register_record = RegisterDAO.insert_register_user(register_user)
                      ^^^^^^^^^^^^^^^^^^^^^^^^^^^^^^^^^^^^^^^^^^^^^^^
  File "/home/prince/PycharmProjects/FastCRUD/base/dao/register/register_dao.py", line 16, in insert_register_user
    return MysqlCommonQuery.insert_query(register_vo)
           ^^^^^^^^^^^^^^^^^^^^^^^^^^^^^^^^^^^^^^^^^^
  File "/home/prince/PycharmProjects/FastCRUD/base/client/mysql_common/mysql_common_query.py", line 15, in insert_query
    session.commit()
  File "/home/prince/.local/lib/python3.11/site-packages/sqlalchemy/orm/session.py", line 2032, in commit
    trans.commit(_to_root=True)
  File "<string>", line 2, in commit
  File "/home/prince/.local/lib/python3.11/site-packages/sqlalchemy/orm/state_changes.py", line 139, in _go
    ret_value = fn(self, *arg, **kw)
                ^^^^^^^^^^^^^^^^^^^^
  File "/home/prince/.local/lib/python3.11/site-packages/sqlalchemy/orm/session.py", line 1313, in commit
    self._prepare_impl()
  File "<string>", line 2, in _prepare_impl
  File "/home/prince/.local/lib/python3.11/site-packages/sqlalchemy/orm/state_changes.py", line 139, in _go
    ret_value = fn(self, *arg, **kw)
                ^^^^^^^^^^^^^^^^^^^^
  File "/home/prince/.local/lib/python3.11/site-packages/sqlalchemy/orm/session.py", line 1288, in _prepare_impl
    self.session.flush()
  File "/home/prince/.local/lib/python3.11/site-packages/sqlalchemy/orm/session.py", line 4353, in flush
    self._flush(objects)
  File "/home/prince/.local/lib/python3.11/site-packages/sqlalchemy/orm/session.py", line 4488, in _flush
    with util.safe_reraise():
  File "/home/prince/.local/lib/python3.11/site-packages/sqlalchemy/util/langhelpers.py", line 146, in __exit__
    raise exc_value.with_traceback(exc_tb)
  File "/home/prince/.local/lib/python3.11/site-packages/sqlalchemy/orm/session.py", line 4449, in _flush
    flush_context.execute()
  File "/home/prince/.local/lib/python3.11/site-packages/sqlalchemy/orm/unitofwork.py", line 466, in execute
    rec.execute(self)
  File "/home/prince/.local/lib/python3.11/site-packages/sqlalchemy/orm/unitofwork.py", line 642, in execute
    util.preloaded.orm_persistence.save_obj(
  File "/home/prince/.local/lib/python3.11/site-packages/sqlalchemy/orm/persistence.py", line 93, in save_obj
    _emit_insert_statements(
  File "/home/prince/.local/lib/python3.11/site-packages/sqlalchemy/orm/persistence.py", line 1233, in _emit_insert_statements
    result = connection.execute(
             ^^^^^^^^^^^^^^^^^^^
  File "/home/prince/.local/lib/python3.11/site-packages/sqlalchemy/engine/base.py", line 1416, in execute
    return meth(
           ^^^^^
  File "/home/prince/.local/lib/python3.11/site-packages/sqlalchemy/sql/elements.py", line 516, in _execute_on_connection
    return connection._execute_clauseelement(
           ^^^^^^^^^^^^^^^^^^^^^^^^^^^^^^^^^^
  File "/home/prince/.local/lib/python3.11/site-packages/sqlalchemy/engine/base.py", line 1638, in _execute_clauseelement
    ret = self._execute_context(
          ^^^^^^^^^^^^^^^^^^^^^^
  File "/home/prince/.local/lib/python3.11/site-packages/sqlalchemy/engine/base.py", line 1843, in _execute_context
    return self._exec_single_context(
           ^^^^^^^^^^^^^^^^^^^^^^^^^^
  File "/home/prince/.local/lib/python3.11/site-packages/sqlalchemy/engine/base.py", line 1983, in _exec_single_context
    self._handle_dbapi_exception(
  File "/home/prince/.local/lib/python3.11/site-packages/sqlalchemy/engine/base.py", line 2352, in _handle_dbapi_exception
    raise sqlalchemy_exception.with_traceback(exc_info[2]) from e
  File "/home/prince/.local/lib/python3.11/site-packages/sqlalchemy/engine/base.py", line 1964, in _exec_single_context
    self.dialect.do_execute(
  File "/home/prince/.local/lib/python3.11/site-packages/sqlalchemy/engine/default.py", line 942, in do_execute
    cursor.execute(statement, parameters)
  File "/home/prince/.local/lib/python3.11/site-packages/pymysql/cursors.py", line 153, in execute
    result = self._query(query)
             ^^^^^^^^^^^^^^^^^^
  File "/home/prince/.local/lib/python3.11/site-packages/pymysql/cursors.py", line 322, in _query
    conn.query(q)
  File "/home/prince/.local/lib/python3.11/site-packages/pymysql/connections.py", line 563, in query
    self._affected_rows = self._read_query_result(unbuffered=unbuffered)
                          ^^^^^^^^^^^^^^^^^^^^^^^^^^^^^^^^^^^^^^^^^^^^^^
  File "/home/prince/.local/lib/python3.11/site-packages/pymysql/connections.py", line 825, in _read_query_result
    result.read()
  File "/home/prince/.local/lib/python3.11/site-packages/pymysql/connections.py", line 1199, in read
    first_packet = self.connection._read_packet()
                   ^^^^^^^^^^^^^^^^^^^^^^^^^^^^^^
  File "/home/prince/.local/lib/python3.11/site-packages/pymysql/connections.py", line 775, in _read_packet
    packet.raise_for_error()
  File "/home/prince/.local/lib/python3.11/site-packages/pymysql/protocol.py", line 219, in raise_for_error
    err.raise_mysql_exception(self._data)
  File "/home/prince/.local/lib/python3.11/site-packages/pymysql/err.py", line 150, in raise_mysql_exception
    raise errorclass(errno, errval)
sqlalchemy.exc.ProgrammingError: (pymysql.err.ProgrammingError) (1146, "Table 'FASTCRUD_DB.register_table' doesn't exist")
[SQL: INSERT INTO register_table (register_login_vo, register_firstname, register_lastname, register_email, register_gender, register_phone, `role`, is_delete, created_at, modified_at) VALUES (%(register_login_vo)s, %(register_firstname)s, %(register_lastname)s, %(register_email)s, %(register_gender)s, %(register_phone)s, %(role)s, %(is_delete)s, %(created_at)s, %(modified_at)s)]
[parameters: {'register_login_vo': 15, 'register_firstname': 'Swastik', 'register_lastname': 'Savaliya', 'register_email': 'swastik@gmail.com', 'register_gender': 'male', 'register_phone': '6359461981', 'role': 2, 'is_delete': 0, 'created_at': 1743497542, 'modified_at': 1743497542}]
(Background on this error at: https://sqlalche.me/e/20/f405)
2025-04-01 14:44:49,671 - register_controller.py - FastCRUD -  insert_register_controller - ERROR - Error inserting register
Traceback (most recent call last):
  File "/home/prince/PycharmProjects/FastCRUD/base/api/controller/register/register_controller.py", line 30, in insert_register_controller
    result =  RegisterService.register_user(register_dto)
             ^^^^^^^^^^^^^^^^^^^^^^^^^^^^^^^^^^^^^^^^^^^^^^^^^
  File "/home/prince/PycharmProjects/FastCRUD/base/service/register/register_service.py", line 33, in register_user
    salt = bcrypt.gensalt()
           ^^^^^^
NameError: name 'bcrypt' is not defined
2025-04-01 14:48:13,884 - register_controller.py - FastCRUD -  insert_register_controller - ERROR - Error inserting register
Traceback (most recent call last):
  File "/home/prince/.local/lib/python3.11/site-packages/sqlalchemy/engine/base.py", line 1964, in _exec_single_context
    self.dialect.do_execute(
  File "/home/prince/.local/lib/python3.11/site-packages/sqlalchemy/engine/default.py", line 942, in do_execute
    cursor.execute(statement, parameters)
  File "/home/prince/.local/lib/python3.11/site-packages/pymysql/cursors.py", line 153, in execute
    result = self._query(query)
             ^^^^^^^^^^^^^^^^^^
  File "/home/prince/.local/lib/python3.11/site-packages/pymysql/cursors.py", line 322, in _query
    conn.query(q)
  File "/home/prince/.local/lib/python3.11/site-packages/pymysql/connections.py", line 563, in query
    self._affected_rows = self._read_query_result(unbuffered=unbuffered)
                          ^^^^^^^^^^^^^^^^^^^^^^^^^^^^^^^^^^^^^^^^^^^^^^
  File "/home/prince/.local/lib/python3.11/site-packages/pymysql/connections.py", line 825, in _read_query_result
    result.read()
  File "/home/prince/.local/lib/python3.11/site-packages/pymysql/connections.py", line 1199, in read
    first_packet = self.connection._read_packet()
                   ^^^^^^^^^^^^^^^^^^^^^^^^^^^^^^
  File "/home/prince/.local/lib/python3.11/site-packages/pymysql/connections.py", line 775, in _read_packet
    packet.raise_for_error()
  File "/home/prince/.local/lib/python3.11/site-packages/pymysql/protocol.py", line 219, in raise_for_error
    err.raise_mysql_exception(self._data)
  File "/home/prince/.local/lib/python3.11/site-packages/pymysql/err.py", line 150, in raise_mysql_exception
    raise errorclass(errno, errval)
pymysql.err.IntegrityError: (1048, "Column 'role' cannot be null")

The above exception was the direct cause of the following exception:

Traceback (most recent call last):
  File "/home/prince/PycharmProjects/FastCRUD/base/api/controller/register/register_controller.py", line 30, in insert_register_controller
    result =  RegisterService.register_user(register_dto)
             ^^^^^^^^^^^^^^^^^^^^^^^^^^^^^^^^^^^^^^^^^^^^^^^^^
  File "/home/prince/PycharmProjects/FastCRUD/base/service/register/register_service.py", line 74, in register_user
    register_record = RegisterDAO.insert_register_user(register_user)
                      ^^^^^^^^^^^^^^^^^^^^^^^^^^^^^^^^^^^^^^^^^^^^^^^
  File "/home/prince/PycharmProjects/FastCRUD/base/dao/register/register_dao.py", line 16, in insert_register_user
    return MysqlCommonQuery.insert_query(register_vo)
           ^^^^^^^^^^^^^^^^^^^^^^^^^^^^^^^^^^^^^^^^^^
  File "/home/prince/PycharmProjects/FastCRUD/base/client/mysql_common/mysql_common_query.py", line 15, in insert_query
    session.commit()
  File "/home/prince/.local/lib/python3.11/site-packages/sqlalchemy/orm/session.py", line 2032, in commit
    trans.commit(_to_root=True)
  File "<string>", line 2, in commit
  File "/home/prince/.local/lib/python3.11/site-packages/sqlalchemy/orm/state_changes.py", line 139, in _go
    ret_value = fn(self, *arg, **kw)
                ^^^^^^^^^^^^^^^^^^^^
  File "/home/prince/.local/lib/python3.11/site-packages/sqlalchemy/orm/session.py", line 1313, in commit
    self._prepare_impl()
  File "<string>", line 2, in _prepare_impl
  File "/home/prince/.local/lib/python3.11/site-packages/sqlalchemy/orm/state_changes.py", line 139, in _go
    ret_value = fn(self, *arg, **kw)
                ^^^^^^^^^^^^^^^^^^^^
  File "/home/prince/.local/lib/python3.11/site-packages/sqlalchemy/orm/session.py", line 1288, in _prepare_impl
    self.session.flush()
  File "/home/prince/.local/lib/python3.11/site-packages/sqlalchemy/orm/session.py", line 4353, in flush
    self._flush(objects)
  File "/home/prince/.local/lib/python3.11/site-packages/sqlalchemy/orm/session.py", line 4488, in _flush
    with util.safe_reraise():
  File "/home/prince/.local/lib/python3.11/site-packages/sqlalchemy/util/langhelpers.py", line 146, in __exit__
    raise exc_value.with_traceback(exc_tb)
  File "/home/prince/.local/lib/python3.11/site-packages/sqlalchemy/orm/session.py", line 4449, in _flush
    flush_context.execute()
  File "/home/prince/.local/lib/python3.11/site-packages/sqlalchemy/orm/unitofwork.py", line 466, in execute
    rec.execute(self)
  File "/home/prince/.local/lib/python3.11/site-packages/sqlalchemy/orm/unitofwork.py", line 642, in execute
    util.preloaded.orm_persistence.save_obj(
  File "/home/prince/.local/lib/python3.11/site-packages/sqlalchemy/orm/persistence.py", line 93, in save_obj
    _emit_insert_statements(
  File "/home/prince/.local/lib/python3.11/site-packages/sqlalchemy/orm/persistence.py", line 1233, in _emit_insert_statements
    result = connection.execute(
             ^^^^^^^^^^^^^^^^^^^
  File "/home/prince/.local/lib/python3.11/site-packages/sqlalchemy/engine/base.py", line 1416, in execute
    return meth(
           ^^^^^
  File "/home/prince/.local/lib/python3.11/site-packages/sqlalchemy/sql/elements.py", line 516, in _execute_on_connection
    return connection._execute_clauseelement(
           ^^^^^^^^^^^^^^^^^^^^^^^^^^^^^^^^^^
  File "/home/prince/.local/lib/python3.11/site-packages/sqlalchemy/engine/base.py", line 1638, in _execute_clauseelement
    ret = self._execute_context(
          ^^^^^^^^^^^^^^^^^^^^^^
  File "/home/prince/.local/lib/python3.11/site-packages/sqlalchemy/engine/base.py", line 1843, in _execute_context
    return self._exec_single_context(
           ^^^^^^^^^^^^^^^^^^^^^^^^^^
  File "/home/prince/.local/lib/python3.11/site-packages/sqlalchemy/engine/base.py", line 1983, in _exec_single_context
    self._handle_dbapi_exception(
  File "/home/prince/.local/lib/python3.11/site-packages/sqlalchemy/engine/base.py", line 2352, in _handle_dbapi_exception
    raise sqlalchemy_exception.with_traceback(exc_info[2]) from e
  File "/home/prince/.local/lib/python3.11/site-packages/sqlalchemy/engine/base.py", line 1964, in _exec_single_context
    self.dialect.do_execute(
  File "/home/prince/.local/lib/python3.11/site-packages/sqlalchemy/engine/default.py", line 942, in do_execute
    cursor.execute(statement, parameters)
  File "/home/prince/.local/lib/python3.11/site-packages/pymysql/cursors.py", line 153, in execute
    result = self._query(query)
             ^^^^^^^^^^^^^^^^^^
  File "/home/prince/.local/lib/python3.11/site-packages/pymysql/cursors.py", line 322, in _query
    conn.query(q)
  File "/home/prince/.local/lib/python3.11/site-packages/pymysql/connections.py", line 563, in query
    self._affected_rows = self._read_query_result(unbuffered=unbuffered)
                          ^^^^^^^^^^^^^^^^^^^^^^^^^^^^^^^^^^^^^^^^^^^^^^
  File "/home/prince/.local/lib/python3.11/site-packages/pymysql/connections.py", line 825, in _read_query_result
    result.read()
  File "/home/prince/.local/lib/python3.11/site-packages/pymysql/connections.py", line 1199, in read
    first_packet = self.connection._read_packet()
                   ^^^^^^^^^^^^^^^^^^^^^^^^^^^^^^
  File "/home/prince/.local/lib/python3.11/site-packages/pymysql/connections.py", line 775, in _read_packet
    packet.raise_for_error()
  File "/home/prince/.local/lib/python3.11/site-packages/pymysql/protocol.py", line 219, in raise_for_error
    err.raise_mysql_exception(self._data)
  File "/home/prince/.local/lib/python3.11/site-packages/pymysql/err.py", line 150, in raise_mysql_exception
    raise errorclass(errno, errval)
sqlalchemy.exc.IntegrityError: (pymysql.err.IntegrityError) (1048, "Column 'role' cannot be null")
[SQL: INSERT INTO register_table (register_login_vo, register_firstname, register_lastname, register_email, register_gender, register_phone, `role`, is_delete, created_at, modified_at) VALUES (%(register_login_vo)s, %(register_firstname)s, %(register_lastname)s, %(register_email)s, %(register_gender)s, %(register_phone)s, %(role)s, %(is_delete)s, %(created_at)s, %(modified_at)s)]
[parameters: {'register_login_vo': 19, 'register_firstname': 'nihar', 'register_lastname': 'sabhadiya', 'register_email': 'nihar@gmail.com', 'register_gender': 'male', 'register_phone': '8200599615', 'role': None, 'is_delete': 0, 'created_at': 1743499093, 'modified_at': 1743499093}]
(Background on this error at: https://sqlalche.me/e/20/gkpj)
2025-04-01 14:54:58,744 - register_controller.py - FastCRUD -  insert_register_controller - ERROR - Error inserting register
Traceback (most recent call last):
  File "/home/prince/PycharmProjects/FastCRUD/base/api/controller/register/register_controller.py", line 30, in insert_register_controller
    result =  RegisterService.register_user(register_dto)
             ^^^^^^^^^^^^^^^^^^^^^^^^^^^^^^^^^^^^^^^^^^^^^^^^^
  File "/home/prince/PycharmProjects/FastCRUD/base/service/register/register_service.py", line 61, in register_user
    role_record = RegisterDAO.get_role(role_vo)
                  ^^^^^^^^^^^^^^^^^^^^^^^^^^^^^
  File "/home/prince/PycharmProjects/FastCRUD/base/dao/register/register_dao.py", line 24, in get_role
    return MysqlCommonQuery.get_record_by_field(role_vo,"role_name",)
           ^^^^^^^^^^^^^^^^^^^^^^^^^^^^^^^^^^^^^^^^^^^^^^^^^^^^^^^^^^
TypeError: MysqlCommonQuery.get_record_by_field() missing 1 required positional argument: 'value'
2025-04-01 14:57:59,454 - register_controller.py - FastCRUD -  insert_register_controller - ERROR - Error inserting register
Traceback (most recent call last):
  File "/home/prince/PycharmProjects/FastCRUD/base/api/controller/register/register_controller.py", line 30, in insert_register_controller
    result =  RegisterService.register_user(register_dto)
             ^^^^^^^^^^^^^^^^^^^^^^^^^^^^^^^^^^^^^^^^^^^^^^^^^
  File "/home/prince/PycharmProjects/FastCRUD/base/service/register/register_service.py", line 54, in register_user
    role_record = RegisterDAO.get_role(
                  ^^^^^^^^^^^^^^^^^^^^^
  File "/home/prince/PycharmProjects/FastCRUD/base/dao/register/register_dao.py", line 24, in get_role
    return MysqlCommonQuery.get_record_by_field(role_vo, "role_name",
           ^^^^^^^^^^^^^^^^^^^^^^^^^^^^^^^^^^^^^^^^^^^^^^^^^^^^^^^^^^
  File "/home/prince/PycharmProjects/FastCRUD/base/client/mysql_common/mysql_common_query.py", line 75, in get_record_by_field
    return session.query(model).filter(
           ^^^^^^^^^^^^^^^^^^^^
  File "/home/prince/.local/lib/python3.11/site-packages/sqlalchemy/orm/session.py", line 2955, in query
    return self._query_cls(entities, self, **kwargs)
           ^^^^^^^^^^^^^^^^^^^^^^^^^^^^^^^^^^^^^^^^^
  File "/home/prince/.local/lib/python3.11/site-packages/sqlalchemy/orm/query.py", line 275, in __init__
    self._set_entities(entities)
  File "/home/prince/.local/lib/python3.11/site-packages/sqlalchemy/orm/query.py", line 287, in _set_entities
    self._raw_columns = [
                        ^
  File "/home/prince/.local/lib/python3.11/site-packages/sqlalchemy/orm/query.py", line 288, in <listcomp>
    coercions.expect(
  File "/home/prince/.local/lib/python3.11/site-packages/sqlalchemy/sql/coercions.py", line 388, in expect
    insp._post_inspect
AttributeError: 'InstanceState' object has no attribute '_post_inspect'
2025-04-01 15:04:18,373 - register_controller.py - FastCRUD -  insert_register_controller - ERROR - Error inserting register
Traceback (most recent call last):
  File "/home/prince/PycharmProjects/FastCRUD/base/api/controller/register/register_controller.py", line 30, in insert_register_controller
    result =  RegisterService.register_user(register_dto)
             ^^^^^^^^^^^^^^^^^^^^^^^^^^^^^^^^^^^^^^^^^^^^^^^^^
  File "/home/prince/PycharmProjects/FastCRUD/base/service/register/register_service.py", line 56, in register_user
    role_record = RegisterDAO.get_role(
                  ^^^^^^^^^^^^^^^^^^^^^
  File "/home/prince/PycharmProjects/FastCRUD/base/dao/register/register_dao.py", line 24, in get_role
    return MysqlCommonQuery.get_record_by_field(RoleVO, "role_name",
                                                ^^^^^^
NameError: name 'RoleVO' is not defined
2025-04-01 15:04:57,002 - register_service.py - FastCRUD -  register_user - INFO - Role Record: <base.vo.role_vo.RoleVO object at 0x73981f6d3c90>, Type: <class 'base.vo.role_vo.RoleVO'>

2025-04-01 15:18:43,068 - login_controller.py - FastCRUD -  user_login - ERROR - Login Error: 401: Incorrect username or password

2025-04-01 15:18:47,810 - login_controller.py - FastCRUD -  user_login - ERROR - Login Error: 401: Incorrect username or password

2025-04-01 15:19:25,858 - register_service.py - FastCRUD -  register_user - INFO - Role Record: <base.vo.role_vo.RoleVO object at 0x73981f552e90>, Type: <class 'base.vo.role_vo.RoleVO'>

2025-04-01 15:20:49,189 - register_service.py - FastCRUD -  register_user - INFO - Role Record: <base.vo.role_vo.RoleVO object at 0x73981f5687d0>, Type: <class 'base.vo.role_vo.RoleVO'>

2025-04-01 15:23:56,462 - register_service.py - FastCRUD -  register_user - INFO - Role Record: <base.vo.role_vo.RoleVO object at 0x77d8c561a8d0>, Type: <class 'base.vo.role_vo.RoleVO'>

2025-04-01 15:24:10,499 - register_service.py - FastCRUD -  register_user - INFO - Role Record: <base.vo.role_vo.RoleVO object at 0x7062ad4cafd0>, Type: <class 'base.vo.role_vo.RoleVO'>

2025-04-01 15:25:40,558 - register_service.py - FastCRUD -  register_user - INFO - Role Record: <base.vo.role_vo.RoleVO object at 0x796fca2d7050>, Type: <class 'base.vo.role_vo.RoleVO'>

2025-04-01 16:00:31,139 - login_controller.py - FastCRUD -  user_login - ERROR - Login Error: LoginService.login_user() missing 1 required positional argument: 'response'

2025-04-01 16:00:36,230 - login_controller.py - FastCRUD -  user_login - ERROR - Login Error: LoginService.login_user() missing 1 required positional argument: 'response'

2025-04-01 16:11:20,452 - login_service.py - FastCRUD -  wrapper - WARNING - Missing or improperly formatted Authorization header

2025-04-01 16:18:36,640 - login_service.py - FastCRUD -  wrapper - WARNING - Missing or improperly formatted Authorization header

2025-04-01 16:18:40,631 - login_service.py - FastCRUD -  wrapper - WARNING - Missing or improperly formatted Authorization header

2025-04-01 16:19:50,946 - login_service.py - FastCRUD -  wrapper - WARNING - Missing or improperly formatted Authorization header

2025-04-01 16:20:23,526 - login_service.py - FastCRUD -  wrapper - WARNING - Token expired for user

2025-04-01 16:22:06,836 - login_service.py - FastCRUD -  wrapper - WARNING - Token expired for user

2025-04-01 16:22:26,118 - login_service.py - FastCRUD -  wrapper - WARNING - Token expired for user

2025-04-01 16:22:41,739 - category_controller.py - FastCRUD -  view_category_controller - INFO - Response for verify_member is {'status_code': 202, 'success': True, 'message': 'Data fetched successfully', 'data': [<base.vo.category_vo.CategoryVO object at 0x7766dd23bed0>, <base.vo.category_vo.CategoryVO object at 0x7766dc906850>, <base.vo.category_vo.CategoryVO object at 0x7766dc9068d0>, <base.vo.category_vo.CategoryVO object at 0x7766dc906950>, <base.vo.category_vo.CategoryVO object at 0x7766dc9069d0>, <base.vo.category_vo.CategoryVO object at 0x7766dc906a90>, <base.vo.category_vo.CategoryVO object at 0x7766dc906b10>, <base.vo.category_vo.CategoryVO object at 0x7766dc906b90>]}

2025-04-01 16:24:03,370 - category_controller.py - FastCRUD -  view_category_controller - INFO - Response for verify_member is {'status_code': 202, 'success': True, 'message': 'Data fetched successfully', 'data': [<base.vo.category_vo.CategoryVO object at 0x703c6250f1d0>, <base.vo.category_vo.CategoryVO object at 0x703c6250f250>, <base.vo.category_vo.CategoryVO object at 0x703c6250f2d0>, <base.vo.category_vo.CategoryVO object at 0x703c6250f350>, <base.vo.category_vo.CategoryVO object at 0x703c6250f3d0>, <base.vo.category_vo.CategoryVO object at 0x703c6250f490>, <base.vo.category_vo.CategoryVO object at 0x703c6250f510>, <base.vo.category_vo.CategoryVO object at 0x703c6250f590>]}

2025-04-01 16:28:29,921 - login_service.py - FastCRUD -  wrapper - ERROR - Invalid token: Missing user_id or user_role

2025-04-01 16:33:36,251 - login_service.py - FastCRUD -  wrapper - ERROR - Invalid token: Missing user_id or user_role

2025-04-01 16:35:27,591 - login_service.py - FastCRUD -  wrapper - ERROR - Invalid token: Missing user_id or user_role

2025-04-01 16:35:28,583 - login_service.py - FastCRUD -  wrapper - ERROR - Invalid token: Missing user_id or user_role

2025-04-01 16:43:20,390 - login_controller.py - FastCRUD -  user_login - ERROR - Login Error: 'LoginVO' object has no attribute 'user_role'

2025-04-01 17:14:20,323 - login_controller.py - FastCRUD -  user_login - ERROR - Login Error: 'NoneType' object has no attribute 'role'

2025-04-01 17:14:36,985 - login_controller.py - FastCRUD -  user_login - ERROR - Login Error: 'NoneType' object has no attribute 'role'

2025-04-01 17:16:16,153 - register_service.py - FastCRUD -  register_user - INFO - Role Record: <base.vo.role_vo.RoleVO object at 0x7d60592d2410>, Type: <class 'base.vo.role_vo.RoleVO'>

2025-04-01 17:17:23,380 - register_service.py - FastCRUD -  register_user - INFO - Role Record: <base.vo.role_vo.RoleVO object at 0x7d60592d2410>, Type: <class 'base.vo.role_vo.RoleVO'>

2025-04-01 17:17:37,439 - register_service.py - FastCRUD -  register_user - INFO - Role Record: <base.vo.role_vo.RoleVO object at 0x7d60592d2410>, Type: <class 'base.vo.role_vo.RoleVO'>

2025-04-01 17:19:13,723 - register_service.py - FastCRUD -  register_user - INFO - Role Record: <base.vo.role_vo.RoleVO object at 0x7d605810f010>, Type: <class 'base.vo.role_vo.RoleVO'>

2025-04-01 17:19:20,255 - register_service.py - FastCRUD -  register_user - INFO - Role Record: <base.vo.role_vo.RoleVO object at 0x7d605810dbd0>, Type: <class 'base.vo.role_vo.RoleVO'>

2025-04-01 17:22:03,398 - register_service.py - FastCRUD -  register_user - INFO - Role Record: <base.vo.role_vo.RoleVO object at 0x74aac786fbd0>, Type: <class 'base.vo.role_vo.RoleVO'>

2025-04-01 17:22:16,701 - login_controller.py - FastCRUD -  user_login - ERROR - Login Error: 'NoneType' object has no attribute 'role'

2025-04-01 17:35:51,753 - login_controller.py - FastCRUD -  user_login - ERROR - Login Error: 'NoneType' object has no attribute 'role'

2025-04-01 17:37:28,621 - login_controller.py - FastCRUD -  user_login - ERROR - Login Error: 'NoneType' object has no attribute 'role'

2025-04-01 17:39:06,455 - login_controller.py - FastCRUD -  user_login - ERROR - Login Error: 'NoneType' object has no attribute 'role'

2025-04-01 17:41:37,065 - register_service.py - FastCRUD -  register_user - INFO - Role Record: <base.vo.role_vo.RoleVO object at 0x7cd88c0ec490>, Type: <class 'base.vo.role_vo.RoleVO'>

2025-04-01 17:41:49,928 - login_controller.py - FastCRUD -  user_login - ERROR - Login Error: 'NoneType' object has no attribute 'role'

2025-04-01 17:43:18,553 - login_controller.py - FastCRUD -  user_login - ERROR - Login Error: 'NoneType' object has no attribute 'role'

2025-04-01 17:45:32,449 - login_controller.py - FastCRUD -  user_login - ERROR - Login Error: 'NoneType' object has no attribute 'role'

2025-04-01 17:48:19,643 - login_controller.py - FastCRUD -  user_login - ERROR - Login Error: 'NoneType' object has no attribute 'role'

2025-04-01 17:48:54,153 - login_controller.py - FastCRUD -  user_login - ERROR - Login Error: 'NoneType' object has no attribute 'role'

2025-04-01 17:49:45,609 - login_controller.py - FastCRUD -  user_login - ERROR - Login Error: 'NoneType' object has no attribute 'role'

2025-04-01 17:50:36,444 - login_controller.py - FastCRUD -  user_login - ERROR - Login Error: 'NoneType' object has no attribute 'role'

2025-04-01 17:52:23,205 - login_controller.py - FastCRUD -  user_login - ERROR - Login Error: 'NoneType' object has no attribute 'role'

2025-04-01 17:54:25,174 - login_controller.py - FastCRUD -  user_login - ERROR - Login Error: LoginDAO.update_login_status() missing 1 required positional argument: 'login_vo'

2025-04-01 17:56:10,781 - login_controller.py - FastCRUD -  user_login - ERROR - Login Error: (pymysql.err.IntegrityError) (1048, "Column 'login_username' cannot be null")
[SQL: INSERT INTO login_table (login_username, login_password, login_status, created_at, modified_at) VALUES (%(login_username)s, %(login_password)s, %(login_status)s, %(created_at)s, %(modified_at)s)]
[parameters: {'login_username': None, 'login_password': None, 'login_status': 1, 'created_at': None, 'modified_at': None}]
(Background on this error at: https://sqlalche.me/e/20/gkpj)

2025-04-01 17:56:39,955 - login_controller.py - FastCRUD -  user_login - ERROR - Login Error: (pymysql.err.IntegrityError) (1048, "Column 'login_username' cannot be null")
[SQL: INSERT INTO login_table (login_username, login_password, login_status, created_at, modified_at) VALUES (%(login_username)s, %(login_password)s, %(login_status)s, %(created_at)s, %(modified_at)s)]
[parameters: {'login_username': None, 'login_password': None, 'login_status': 1, 'created_at': None, 'modified_at': None}]
(Background on this error at: https://sqlalche.me/e/20/gkpj)

2025-04-01 17:57:36,468 - login_controller.py - FastCRUD -  user_login - ERROR - Login Error: 'LoginVO' object has no attribute 'username'

2025-04-01 17:57:51,726 - login_controller.py - FastCRUD -  user_login - ERROR - Login Error: 'LoginVO' object has no attribute 'username'

2025-04-01 17:58:17,131 - login_controller.py - FastCRUD -  user_login - ERROR - Login Error: 'LoginVO' object has no attribute 'username'

2025-04-01 17:58:36,468 - login_controller.py - FastCRUD -  user_login - ERROR - Login Error: 'LoginVO' object has no attribute 'username'

2025-04-01 17:59:07,355 - login_controller.py - FastCRUD -  user_login - ERROR - Login Error: 'LoginVO' object has no attribute 'username'

2025-04-01 17:59:42,706 - login_controller.py - FastCRUD -  user_login - ERROR - Login Error: 'LoginVO' object has no attribute 'username'

2025-04-01 17:59:55,728 - login_controller.py - FastCRUD -  user_login - ERROR - Login Error: 'LoginVO' object has no attribute 'username'

2025-04-01 18:00:18,798 - login_controller.py - FastCRUD -  user_login - ERROR - Login Error: (pymysql.err.IntegrityError) (1048, "Column 'login_username' cannot be null")
[SQL: INSERT INTO login_table (login_username, login_password, login_status, created_at, modified_at) VALUES (%(login_username)s, %(login_password)s, %(login_status)s, %(created_at)s, %(modified_at)s)]
[parameters: {'login_username': None, 'login_password': None, 'login_status': 1, 'created_at': None, 'modified_at': None}]
(Background on this error at: https://sqlalche.me/e/20/gkpj)

2025-04-01 18:00:35,812 - login_controller.py - FastCRUD -  user_login - ERROR - Login Error: (pymysql.err.IntegrityError) (1048, "Column 'login_username' cannot be null")
[SQL: INSERT INTO login_table (login_username, login_password, login_status, created_at, modified_at) VALUES (%(login_username)s, %(login_password)s, %(login_status)s, %(created_at)s, %(modified_at)s)]
[parameters: {'login_username': None, 'login_password': None, 'login_status': 1, 'created_at': None, 'modified_at': None}]
(Background on this error at: https://sqlalche.me/e/20/gkpj)

2025-04-01 18:01:10,216 - login_controller.py - FastCRUD -  user_login - ERROR - Login Error: (pymysql.err.IntegrityError) (1048, "Column 'login_username' cannot be null")
[SQL: INSERT INTO login_table (login_username, login_password, login_status, created_at, modified_at) VALUES (%(login_username)s, %(login_password)s, %(login_status)s, %(created_at)s, %(modified_at)s)]
[parameters: {'login_username': None, 'login_password': None, 'login_status': 1, 'created_at': None, 'modified_at': None}]
(Background on this error at: https://sqlalche.me/e/20/gkpj)

2025-04-01 18:01:24,707 - login_controller.py - FastCRUD -  user_login - ERROR - Login Error: (pymysql.err.IntegrityError) (1048, "Column 'login_username' cannot be null")
[SQL: INSERT INTO login_table (login_username, login_password, login_status, created_at, modified_at) VALUES (%(login_username)s, %(login_password)s, %(login_status)s, %(created_at)s, %(modified_at)s)]
[parameters: {'login_username': None, 'login_password': None, 'login_status': 1, 'created_at': None, 'modified_at': None}]
(Background on this error at: https://sqlalche.me/e/20/gkpj)

2025-04-01 18:01:57,824 - login_controller.py - FastCRUD -  user_login - ERROR - Login Error: (pymysql.err.IntegrityError) (1048, "Column 'login_username' cannot be null")
[SQL: INSERT INTO login_table (login_username, login_password, login_status, created_at, modified_at) VALUES (%(login_username)s, %(login_password)s, %(login_status)s, %(created_at)s, %(modified_at)s)]
[parameters: {'login_username': None, 'login_password': None, 'login_status': 1, 'created_at': None, 'modified_at': None}]
(Background on this error at: https://sqlalche.me/e/20/gkpj)

2025-04-01 18:02:04,392 - login_controller.py - FastCRUD -  user_login - ERROR - Login Error: Instance '<LoginVO at 0x75e00f77a190>' is not persistent within this Session

2025-04-01 18:02:09,876 - login_controller.py - FastCRUD -  user_login - ERROR - Login Error: Instance '<LoginVO at 0x70393cb08890>' is not persistent within this Session

2025-04-01 18:02:15,587 - login_controller.py - FastCRUD -  user_login - ERROR - Login Error: (pymysql.err.IntegrityError) (1048, "Column 'login_username' cannot be null")
[SQL: INSERT INTO login_table (login_username, login_password, login_status, created_at, modified_at) VALUES (%(login_username)s, %(login_password)s, %(login_status)s, %(created_at)s, %(modified_at)s)]
[parameters: {'login_username': None, 'login_password': None, 'login_status': 1, 'created_at': None, 'modified_at': None}]
(Background on this error at: https://sqlalche.me/e/20/gkpj)

2025-04-01 18:02:31,904 - login_controller.py - FastCRUD -  user_login - ERROR - Login Error: Class 'builtins.dict' is not mapped

2025-04-01 18:03:04,365 - login_controller.py - FastCRUD -  user_login - ERROR - Login Error: (pymysql.err.IntegrityError) (1048, "Column 'login_username' cannot be null")
[SQL: INSERT INTO login_table (login_username, login_password, login_status, created_at, modified_at) VALUES (%(login_username)s, %(login_password)s, %(login_status)s, %(created_at)s, %(modified_at)s)]
[parameters: {'login_username': None, 'login_password': None, 'login_status': 1, 'created_at': None, 'modified_at': None}]
(Background on this error at: https://sqlalche.me/e/20/gkpj)

2025-04-01 18:03:31,338 - login_controller.py - FastCRUD -  user_login - ERROR - Login Error: (pymysql.err.IntegrityError) (1048, "Column 'login_username' cannot be null")
[SQL: INSERT INTO login_table (login_username, login_password, login_status, created_at, modified_at) VALUES (%(login_username)s, %(login_password)s, %(login_status)s, %(created_at)s, %(modified_at)s)]
[parameters: {'login_username': None, 'login_password': None, 'login_status': 1, 'created_at': None, 'modified_at': None}]
(Background on this error at: https://sqlalche.me/e/20/gkpj)

2025-04-01 18:04:05,887 - login_controller.py - FastCRUD -  user_login - ERROR - Login Error: (pymysql.err.IntegrityError) (1048, "Column 'login_username' cannot be null")
[SQL: INSERT INTO login_table (login_username, login_password, login_status, created_at, modified_at) VALUES (%(login_username)s, %(login_password)s, %(login_status)s, %(created_at)s, %(modified_at)s)]
[parameters: {'login_username': None, 'login_password': None, 'login_status': 1, 'created_at': None, 'modified_at': None}]
(Background on this error at: https://sqlalche.me/e/20/gkpj)

2025-04-01 18:05:14,022 - login_controller.py - FastCRUD -  user_login - ERROR - Login Error: (pymysql.err.IntegrityError) (1048, "Column 'login_username' cannot be null")
[SQL: INSERT INTO login_table (login_username, login_password, login_status, created_at, modified_at) VALUES (%(login_username)s, %(login_password)s, %(login_status)s, %(created_at)s, %(modified_at)s)]
[parameters: {'login_username': None, 'login_password': None, 'login_status': 1, 'created_at': None, 'modified_at': None}]
(Background on this error at: https://sqlalche.me/e/20/gkpj)

2025-04-01 18:05:56,491 - login_controller.py - FastCRUD -  user_login - ERROR - Login Error: (pymysql.err.IntegrityError) (1048, "Column 'login_username' cannot be null")
[SQL: INSERT INTO login_table (login_username, login_password, login_status, created_at, modified_at) VALUES (%(login_username)s, %(login_password)s, %(login_status)s, %(created_at)s, %(modified_at)s)]
[parameters: {'login_username': None, 'login_password': None, 'login_status': 1, 'created_at': None, 'modified_at': None}]
(Background on this error at: https://sqlalche.me/e/20/gkpj)

2025-04-01 18:07:49,108 - login_controller.py - FastCRUD -  user_login - ERROR - Login Error: (pymysql.err.IntegrityError) (1048, "Column 'login_username' cannot be null")
[SQL: INSERT INTO login_table (login_username, login_password, login_status, created_at, modified_at) VALUES (%(login_username)s, %(login_password)s, %(login_status)s, %(created_at)s, %(modified_at)s)]
[parameters: {'login_username': None, 'login_password': None, 'login_status': 1, 'created_at': None, 'modified_at': None}]
(Background on this error at: https://sqlalche.me/e/20/gkpj)

2025-04-01 18:07:58,094 - login_controller.py - FastCRUD -  user_login - ERROR - Login Error: (pymysql.err.IntegrityError) (1048, "Column 'login_username' cannot be null")
[SQL: INSERT INTO login_table (login_username, login_password, login_status, created_at, modified_at) VALUES (%(login_username)s, %(login_password)s, %(login_status)s, %(created_at)s, %(modified_at)s)]
[parameters: {'login_username': None, 'login_password': None, 'login_status': 1, 'created_at': None, 'modified_at': None}]
(Background on this error at: https://sqlalche.me/e/20/gkpj)

2025-04-01 18:08:44,804 - category_controller.py - FastCRUD -  insert_category_controller - INFO - Attempting to insert new category: sjkbcfsdsdccsbc

2025-04-01 18:08:44,814 - category_service.py - FastCRUD -  insert_category_service - INFO - Category inserted successfully: sjkbcfsdsdccsbc

2025-04-01 18:09:23,605 - category_controller.py - FastCRUD -  insert_category_controller - INFO - Attempting to insert new category: sjkbcfsdsdccsbc

2025-04-01 18:09:23,615 - category_service.py - FastCRUD -  insert_category_service - ERROR - Error inserting category
Traceback (most recent call last):
  File "/home/prince/.local/lib/python3.11/site-packages/sqlalchemy/engine/base.py", line 1964, in _exec_single_context
    self.dialect.do_execute(
  File "/home/prince/.local/lib/python3.11/site-packages/sqlalchemy/engine/default.py", line 942, in do_execute
    cursor.execute(statement, parameters)
  File "/home/prince/.local/lib/python3.11/site-packages/pymysql/cursors.py", line 153, in execute
    result = self._query(query)
             ^^^^^^^^^^^^^^^^^^
  File "/home/prince/.local/lib/python3.11/site-packages/pymysql/cursors.py", line 322, in _query
    conn.query(q)
  File "/home/prince/.local/lib/python3.11/site-packages/pymysql/connections.py", line 563, in query
    self._affected_rows = self._read_query_result(unbuffered=unbuffered)
                          ^^^^^^^^^^^^^^^^^^^^^^^^^^^^^^^^^^^^^^^^^^^^^^
  File "/home/prince/.local/lib/python3.11/site-packages/pymysql/connections.py", line 825, in _read_query_result
    result.read()
  File "/home/prince/.local/lib/python3.11/site-packages/pymysql/connections.py", line 1199, in read
    first_packet = self.connection._read_packet()
                   ^^^^^^^^^^^^^^^^^^^^^^^^^^^^^^
  File "/home/prince/.local/lib/python3.11/site-packages/pymysql/connections.py", line 775, in _read_packet
    packet.raise_for_error()
  File "/home/prince/.local/lib/python3.11/site-packages/pymysql/protocol.py", line 219, in raise_for_error
    err.raise_mysql_exception(self._data)
  File "/home/prince/.local/lib/python3.11/site-packages/pymysql/err.py", line 150, in raise_mysql_exception
    raise errorclass(errno, errval)
pymysql.err.IntegrityError: (1062, "Duplicate entry 'sjkbcfsdsdccsbc' for key 'category_table.ix_category_table_category_name'")

The above exception was the direct cause of the following exception:

Traceback (most recent call last):
  File "/home/prince/PycharmProjects/FastCRUD/base/service/category/category_service.py", line 21, in insert_category_service
    category_insert_data = CategoryDAO.insert_category_dao(category_vo)
                           ^^^^^^^^^^^^^^^^^^^^^^^^^^^^^^^^^^^^^^^^^^^^
  File "/home/prince/PycharmProjects/FastCRUD/base/dao/category/category_dao.py", line 9, in insert_category_dao
    category_data = MysqlCommonQuery.insert_query(category_vo)
                    ^^^^^^^^^^^^^^^^^^^^^^^^^^^^^^^^^^^^^^^^^^
  File "/home/prince/PycharmProjects/FastCRUD/base/client/mysql_common/mysql_common_query.py", line 15, in insert_query
    session.commit()
  File "/home/prince/.local/lib/python3.11/site-packages/sqlalchemy/orm/session.py", line 2032, in commit
    trans.commit(_to_root=True)
  File "<string>", line 2, in commit
  File "/home/prince/.local/lib/python3.11/site-packages/sqlalchemy/orm/state_changes.py", line 139, in _go
    ret_value = fn(self, *arg, **kw)
                ^^^^^^^^^^^^^^^^^^^^
  File "/home/prince/.local/lib/python3.11/site-packages/sqlalchemy/orm/session.py", line 1313, in commit
    self._prepare_impl()
  File "<string>", line 2, in _prepare_impl
  File "/home/prince/.local/lib/python3.11/site-packages/sqlalchemy/orm/state_changes.py", line 139, in _go
    ret_value = fn(self, *arg, **kw)
                ^^^^^^^^^^^^^^^^^^^^
  File "/home/prince/.local/lib/python3.11/site-packages/sqlalchemy/orm/session.py", line 1288, in _prepare_impl
    self.session.flush()
  File "/home/prince/.local/lib/python3.11/site-packages/sqlalchemy/orm/session.py", line 4353, in flush
    self._flush(objects)
  File "/home/prince/.local/lib/python3.11/site-packages/sqlalchemy/orm/session.py", line 4488, in _flush
    with util.safe_reraise():
  File "/home/prince/.local/lib/python3.11/site-packages/sqlalchemy/util/langhelpers.py", line 146, in __exit__
    raise exc_value.with_traceback(exc_tb)
  File "/home/prince/.local/lib/python3.11/site-packages/sqlalchemy/orm/session.py", line 4449, in _flush
    flush_context.execute()
  File "/home/prince/.local/lib/python3.11/site-packages/sqlalchemy/orm/unitofwork.py", line 466, in execute
    rec.execute(self)
  File "/home/prince/.local/lib/python3.11/site-packages/sqlalchemy/orm/unitofwork.py", line 642, in execute
    util.preloaded.orm_persistence.save_obj(
  File "/home/prince/.local/lib/python3.11/site-packages/sqlalchemy/orm/persistence.py", line 93, in save_obj
    _emit_insert_statements(
  File "/home/prince/.local/lib/python3.11/site-packages/sqlalchemy/orm/persistence.py", line 1233, in _emit_insert_statements
    result = connection.execute(
             ^^^^^^^^^^^^^^^^^^^
  File "/home/prince/.local/lib/python3.11/site-packages/sqlalchemy/engine/base.py", line 1416, in execute
    return meth(
           ^^^^^
  File "/home/prince/.local/lib/python3.11/site-packages/sqlalchemy/sql/elements.py", line 516, in _execute_on_connection
    return connection._execute_clauseelement(
           ^^^^^^^^^^^^^^^^^^^^^^^^^^^^^^^^^^
  File "/home/prince/.local/lib/python3.11/site-packages/sqlalchemy/engine/base.py", line 1638, in _execute_clauseelement
    ret = self._execute_context(
          ^^^^^^^^^^^^^^^^^^^^^^
  File "/home/prince/.local/lib/python3.11/site-packages/sqlalchemy/engine/base.py", line 1843, in _execute_context
    return self._exec_single_context(
           ^^^^^^^^^^^^^^^^^^^^^^^^^^
  File "/home/prince/.local/lib/python3.11/site-packages/sqlalchemy/engine/base.py", line 1983, in _exec_single_context
    self._handle_dbapi_exception(
  File "/home/prince/.local/lib/python3.11/site-packages/sqlalchemy/engine/base.py", line 2352, in _handle_dbapi_exception
    raise sqlalchemy_exception.with_traceback(exc_info[2]) from e
  File "/home/prince/.local/lib/python3.11/site-packages/sqlalchemy/engine/base.py", line 1964, in _exec_single_context
    self.dialect.do_execute(
  File "/home/prince/.local/lib/python3.11/site-packages/sqlalchemy/engine/default.py", line 942, in do_execute
    cursor.execute(statement, parameters)
  File "/home/prince/.local/lib/python3.11/site-packages/pymysql/cursors.py", line 153, in execute
    result = self._query(query)
             ^^^^^^^^^^^^^^^^^^
  File "/home/prince/.local/lib/python3.11/site-packages/pymysql/cursors.py", line 322, in _query
    conn.query(q)
  File "/home/prince/.local/lib/python3.11/site-packages/pymysql/connections.py", line 563, in query
    self._affected_rows = self._read_query_result(unbuffered=unbuffered)
                          ^^^^^^^^^^^^^^^^^^^^^^^^^^^^^^^^^^^^^^^^^^^^^^
  File "/home/prince/.local/lib/python3.11/site-packages/pymysql/connections.py", line 825, in _read_query_result
    result.read()
  File "/home/prince/.local/lib/python3.11/site-packages/pymysql/connections.py", line 1199, in read
    first_packet = self.connection._read_packet()
                   ^^^^^^^^^^^^^^^^^^^^^^^^^^^^^^
  File "/home/prince/.local/lib/python3.11/site-packages/pymysql/connections.py", line 775, in _read_packet
    packet.raise_for_error()
  File "/home/prince/.local/lib/python3.11/site-packages/pymysql/protocol.py", line 219, in raise_for_error
    err.raise_mysql_exception(self._data)
  File "/home/prince/.local/lib/python3.11/site-packages/pymysql/err.py", line 150, in raise_mysql_exception
    raise errorclass(errno, errval)
sqlalchemy.exc.IntegrityError: (pymysql.err.IntegrityError) (1062, "Duplicate entry 'sjkbcfsdsdccsbc' for key 'category_table.ix_category_table_category_name'")
[SQL: INSERT INTO category_table (category_name, category_description, is_deleted, created_at, modified_at) VALUES (%(category_name)s, %(category_description)s, %(is_deleted)s, %(created_at)s, %(modified_at)s)]
[parameters: {'category_name': 'sjkbcfsdsdccsbc', 'category_description': 'rudani', 'is_deleted': 0, 'created_at': 1743511163, 'modified_at': 1743511163}]
(Background on this error at: https://sqlalche.me/e/20/gkpj)
2025-04-01 18:11:09,747 - category_controller.py - FastCRUD -  insert_category_controller - INFO - Attempting to insert new category: sjkbcfsdsdccsbc

2025-04-01 18:11:09,755 - category_service.py - FastCRUD -  insert_category_service - ERROR - Error inserting category
Traceback (most recent call last):
  File "/home/prince/.local/lib/python3.11/site-packages/sqlalchemy/engine/base.py", line 1964, in _exec_single_context
    self.dialect.do_execute(
  File "/home/prince/.local/lib/python3.11/site-packages/sqlalchemy/engine/default.py", line 942, in do_execute
    cursor.execute(statement, parameters)
  File "/home/prince/.local/lib/python3.11/site-packages/pymysql/cursors.py", line 153, in execute
    result = self._query(query)
             ^^^^^^^^^^^^^^^^^^
  File "/home/prince/.local/lib/python3.11/site-packages/pymysql/cursors.py", line 322, in _query
    conn.query(q)
  File "/home/prince/.local/lib/python3.11/site-packages/pymysql/connections.py", line 563, in query
    self._affected_rows = self._read_query_result(unbuffered=unbuffered)
                          ^^^^^^^^^^^^^^^^^^^^^^^^^^^^^^^^^^^^^^^^^^^^^^
  File "/home/prince/.local/lib/python3.11/site-packages/pymysql/connections.py", line 825, in _read_query_result
    result.read()
  File "/home/prince/.local/lib/python3.11/site-packages/pymysql/connections.py", line 1199, in read
    first_packet = self.connection._read_packet()
                   ^^^^^^^^^^^^^^^^^^^^^^^^^^^^^^
  File "/home/prince/.local/lib/python3.11/site-packages/pymysql/connections.py", line 775, in _read_packet
    packet.raise_for_error()
  File "/home/prince/.local/lib/python3.11/site-packages/pymysql/protocol.py", line 219, in raise_for_error
    err.raise_mysql_exception(self._data)
  File "/home/prince/.local/lib/python3.11/site-packages/pymysql/err.py", line 150, in raise_mysql_exception
    raise errorclass(errno, errval)
pymysql.err.IntegrityError: (1062, "Duplicate entry 'sjkbcfsdsdccsbc' for key 'category_table.ix_category_table_category_name'")

The above exception was the direct cause of the following exception:

Traceback (most recent call last):
  File "/home/prince/PycharmProjects/FastCRUD/base/service/category/category_service.py", line 21, in insert_category_service
    category_insert_data = CategoryDAO.insert_category_dao(category_vo)
                           ^^^^^^^^^^^^^^^^^^^^^^^^^^^^^^^^^^^^^^^^^^^^
  File "/home/prince/PycharmProjects/FastCRUD/base/dao/category/category_dao.py", line 9, in insert_category_dao
    category_data = MysqlCommonQuery.insert_query(category_vo)
                    ^^^^^^^^^^^^^^^^^^^^^^^^^^^^^^^^^^^^^^^^^^
  File "/home/prince/PycharmProjects/FastCRUD/base/client/mysql_common/mysql_common_query.py", line 15, in insert_query
    session.commit()
  File "/home/prince/.local/lib/python3.11/site-packages/sqlalchemy/orm/session.py", line 2032, in commit
    trans.commit(_to_root=True)
  File "<string>", line 2, in commit
  File "/home/prince/.local/lib/python3.11/site-packages/sqlalchemy/orm/state_changes.py", line 139, in _go
    ret_value = fn(self, *arg, **kw)
                ^^^^^^^^^^^^^^^^^^^^
  File "/home/prince/.local/lib/python3.11/site-packages/sqlalchemy/orm/session.py", line 1313, in commit
    self._prepare_impl()
  File "<string>", line 2, in _prepare_impl
  File "/home/prince/.local/lib/python3.11/site-packages/sqlalchemy/orm/state_changes.py", line 139, in _go
    ret_value = fn(self, *arg, **kw)
                ^^^^^^^^^^^^^^^^^^^^
  File "/home/prince/.local/lib/python3.11/site-packages/sqlalchemy/orm/session.py", line 1288, in _prepare_impl
    self.session.flush()
  File "/home/prince/.local/lib/python3.11/site-packages/sqlalchemy/orm/session.py", line 4353, in flush
    self._flush(objects)
  File "/home/prince/.local/lib/python3.11/site-packages/sqlalchemy/orm/session.py", line 4488, in _flush
    with util.safe_reraise():
  File "/home/prince/.local/lib/python3.11/site-packages/sqlalchemy/util/langhelpers.py", line 146, in __exit__
    raise exc_value.with_traceback(exc_tb)
  File "/home/prince/.local/lib/python3.11/site-packages/sqlalchemy/orm/session.py", line 4449, in _flush
    flush_context.execute()
  File "/home/prince/.local/lib/python3.11/site-packages/sqlalchemy/orm/unitofwork.py", line 466, in execute
    rec.execute(self)
  File "/home/prince/.local/lib/python3.11/site-packages/sqlalchemy/orm/unitofwork.py", line 642, in execute
    util.preloaded.orm_persistence.save_obj(
  File "/home/prince/.local/lib/python3.11/site-packages/sqlalchemy/orm/persistence.py", line 93, in save_obj
    _emit_insert_statements(
  File "/home/prince/.local/lib/python3.11/site-packages/sqlalchemy/orm/persistence.py", line 1233, in _emit_insert_statements
    result = connection.execute(
             ^^^^^^^^^^^^^^^^^^^
  File "/home/prince/.local/lib/python3.11/site-packages/sqlalchemy/engine/base.py", line 1416, in execute
    return meth(
           ^^^^^
  File "/home/prince/.local/lib/python3.11/site-packages/sqlalchemy/sql/elements.py", line 516, in _execute_on_connection
    return connection._execute_clauseelement(
           ^^^^^^^^^^^^^^^^^^^^^^^^^^^^^^^^^^
  File "/home/prince/.local/lib/python3.11/site-packages/sqlalchemy/engine/base.py", line 1638, in _execute_clauseelement
    ret = self._execute_context(
          ^^^^^^^^^^^^^^^^^^^^^^
  File "/home/prince/.local/lib/python3.11/site-packages/sqlalchemy/engine/base.py", line 1843, in _execute_context
    return self._exec_single_context(
           ^^^^^^^^^^^^^^^^^^^^^^^^^^
  File "/home/prince/.local/lib/python3.11/site-packages/sqlalchemy/engine/base.py", line 1983, in _exec_single_context
    self._handle_dbapi_exception(
  File "/home/prince/.local/lib/python3.11/site-packages/sqlalchemy/engine/base.py", line 2352, in _handle_dbapi_exception
    raise sqlalchemy_exception.with_traceback(exc_info[2]) from e
  File "/home/prince/.local/lib/python3.11/site-packages/sqlalchemy/engine/base.py", line 1964, in _exec_single_context
    self.dialect.do_execute(
  File "/home/prince/.local/lib/python3.11/site-packages/sqlalchemy/engine/default.py", line 942, in do_execute
    cursor.execute(statement, parameters)
  File "/home/prince/.local/lib/python3.11/site-packages/pymysql/cursors.py", line 153, in execute
    result = self._query(query)
             ^^^^^^^^^^^^^^^^^^
  File "/home/prince/.local/lib/python3.11/site-packages/pymysql/cursors.py", line 322, in _query
    conn.query(q)
  File "/home/prince/.local/lib/python3.11/site-packages/pymysql/connections.py", line 563, in query
    self._affected_rows = self._read_query_result(unbuffered=unbuffered)
                          ^^^^^^^^^^^^^^^^^^^^^^^^^^^^^^^^^^^^^^^^^^^^^^
  File "/home/prince/.local/lib/python3.11/site-packages/pymysql/connections.py", line 825, in _read_query_result
    result.read()
  File "/home/prince/.local/lib/python3.11/site-packages/pymysql/connections.py", line 1199, in read
    first_packet = self.connection._read_packet()
                   ^^^^^^^^^^^^^^^^^^^^^^^^^^^^^^
  File "/home/prince/.local/lib/python3.11/site-packages/pymysql/connections.py", line 775, in _read_packet
    packet.raise_for_error()
  File "/home/prince/.local/lib/python3.11/site-packages/pymysql/protocol.py", line 219, in raise_for_error
    err.raise_mysql_exception(self._data)
  File "/home/prince/.local/lib/python3.11/site-packages/pymysql/err.py", line 150, in raise_mysql_exception
    raise errorclass(errno, errval)
sqlalchemy.exc.IntegrityError: (pymysql.err.IntegrityError) (1062, "Duplicate entry 'sjkbcfsdsdccsbc' for key 'category_table.ix_category_table_category_name'")
[SQL: INSERT INTO category_table (category_name, category_description, is_deleted, created_at, modified_at) VALUES (%(category_name)s, %(category_description)s, %(is_deleted)s, %(created_at)s, %(modified_at)s)]
[parameters: {'category_name': 'sjkbcfsdsdccsbc', 'category_description': 'rudani', 'is_deleted': 0, 'created_at': 1743511269, 'modified_at': 1743511269}]
(Background on this error at: https://sqlalche.me/e/20/gkpj)
2025-04-01 18:11:46,672 - category_controller.py - FastCRUD -  insert_category_controller - INFO - Attempting to insert new category: sjkbcfsdsdccsbc

2025-04-01 18:11:46,682 - category_service.py - FastCRUD -  insert_category_service - ERROR - Error inserting category
Traceback (most recent call last):
  File "/home/prince/.local/lib/python3.11/site-packages/sqlalchemy/engine/base.py", line 1964, in _exec_single_context
    self.dialect.do_execute(
  File "/home/prince/.local/lib/python3.11/site-packages/sqlalchemy/engine/default.py", line 942, in do_execute
    cursor.execute(statement, parameters)
  File "/home/prince/.local/lib/python3.11/site-packages/pymysql/cursors.py", line 153, in execute
    result = self._query(query)
             ^^^^^^^^^^^^^^^^^^
  File "/home/prince/.local/lib/python3.11/site-packages/pymysql/cursors.py", line 322, in _query
    conn.query(q)
  File "/home/prince/.local/lib/python3.11/site-packages/pymysql/connections.py", line 563, in query
    self._affected_rows = self._read_query_result(unbuffered=unbuffered)
                          ^^^^^^^^^^^^^^^^^^^^^^^^^^^^^^^^^^^^^^^^^^^^^^
  File "/home/prince/.local/lib/python3.11/site-packages/pymysql/connections.py", line 825, in _read_query_result
    result.read()
  File "/home/prince/.local/lib/python3.11/site-packages/pymysql/connections.py", line 1199, in read
    first_packet = self.connection._read_packet()
                   ^^^^^^^^^^^^^^^^^^^^^^^^^^^^^^
  File "/home/prince/.local/lib/python3.11/site-packages/pymysql/connections.py", line 775, in _read_packet
    packet.raise_for_error()
  File "/home/prince/.local/lib/python3.11/site-packages/pymysql/protocol.py", line 219, in raise_for_error
    err.raise_mysql_exception(self._data)
  File "/home/prince/.local/lib/python3.11/site-packages/pymysql/err.py", line 150, in raise_mysql_exception
    raise errorclass(errno, errval)
pymysql.err.IntegrityError: (1062, "Duplicate entry 'sjkbcfsdsdccsbc' for key 'category_table.ix_category_table_category_name'")

The above exception was the direct cause of the following exception:

Traceback (most recent call last):
  File "/home/prince/PycharmProjects/FastCRUD/base/service/category/category_service.py", line 21, in insert_category_service
    category_insert_data = CategoryDAO.insert_category_dao(category_vo)
                           ^^^^^^^^^^^^^^^^^^^^^^^^^^^^^^^^^^^^^^^^^^^^
  File "/home/prince/PycharmProjects/FastCRUD/base/dao/category/category_dao.py", line 9, in insert_category_dao
    category_data = MysqlCommonQuery.insert_query(category_vo)
                    ^^^^^^^^^^^^^^^^^^^^^^^^^^^^^^^^^^^^^^^^^^
  File "/home/prince/PycharmProjects/FastCRUD/base/client/mysql_common/mysql_common_query.py", line 15, in insert_query
    session.commit()
  File "/home/prince/.local/lib/python3.11/site-packages/sqlalchemy/orm/session.py", line 2032, in commit
    trans.commit(_to_root=True)
  File "<string>", line 2, in commit
  File "/home/prince/.local/lib/python3.11/site-packages/sqlalchemy/orm/state_changes.py", line 139, in _go
    ret_value = fn(self, *arg, **kw)
                ^^^^^^^^^^^^^^^^^^^^
  File "/home/prince/.local/lib/python3.11/site-packages/sqlalchemy/orm/session.py", line 1313, in commit
    self._prepare_impl()
  File "<string>", line 2, in _prepare_impl
  File "/home/prince/.local/lib/python3.11/site-packages/sqlalchemy/orm/state_changes.py", line 139, in _go
    ret_value = fn(self, *arg, **kw)
                ^^^^^^^^^^^^^^^^^^^^
  File "/home/prince/.local/lib/python3.11/site-packages/sqlalchemy/orm/session.py", line 1288, in _prepare_impl
    self.session.flush()
  File "/home/prince/.local/lib/python3.11/site-packages/sqlalchemy/orm/session.py", line 4353, in flush
    self._flush(objects)
  File "/home/prince/.local/lib/python3.11/site-packages/sqlalchemy/orm/session.py", line 4488, in _flush
    with util.safe_reraise():
  File "/home/prince/.local/lib/python3.11/site-packages/sqlalchemy/util/langhelpers.py", line 146, in __exit__
    raise exc_value.with_traceback(exc_tb)
  File "/home/prince/.local/lib/python3.11/site-packages/sqlalchemy/orm/session.py", line 4449, in _flush
    flush_context.execute()
  File "/home/prince/.local/lib/python3.11/site-packages/sqlalchemy/orm/unitofwork.py", line 466, in execute
    rec.execute(self)
  File "/home/prince/.local/lib/python3.11/site-packages/sqlalchemy/orm/unitofwork.py", line 642, in execute
    util.preloaded.orm_persistence.save_obj(
  File "/home/prince/.local/lib/python3.11/site-packages/sqlalchemy/orm/persistence.py", line 93, in save_obj
    _emit_insert_statements(
  File "/home/prince/.local/lib/python3.11/site-packages/sqlalchemy/orm/persistence.py", line 1233, in _emit_insert_statements
    result = connection.execute(
             ^^^^^^^^^^^^^^^^^^^
  File "/home/prince/.local/lib/python3.11/site-packages/sqlalchemy/engine/base.py", line 1416, in execute
    return meth(
           ^^^^^
  File "/home/prince/.local/lib/python3.11/site-packages/sqlalchemy/sql/elements.py", line 516, in _execute_on_connection
    return connection._execute_clauseelement(
           ^^^^^^^^^^^^^^^^^^^^^^^^^^^^^^^^^^
  File "/home/prince/.local/lib/python3.11/site-packages/sqlalchemy/engine/base.py", line 1638, in _execute_clauseelement
    ret = self._execute_context(
          ^^^^^^^^^^^^^^^^^^^^^^
  File "/home/prince/.local/lib/python3.11/site-packages/sqlalchemy/engine/base.py", line 1843, in _execute_context
    return self._exec_single_context(
           ^^^^^^^^^^^^^^^^^^^^^^^^^^
  File "/home/prince/.local/lib/python3.11/site-packages/sqlalchemy/engine/base.py", line 1983, in _exec_single_context
    self._handle_dbapi_exception(
  File "/home/prince/.local/lib/python3.11/site-packages/sqlalchemy/engine/base.py", line 2352, in _handle_dbapi_exception
    raise sqlalchemy_exception.with_traceback(exc_info[2]) from e
  File "/home/prince/.local/lib/python3.11/site-packages/sqlalchemy/engine/base.py", line 1964, in _exec_single_context
    self.dialect.do_execute(
  File "/home/prince/.local/lib/python3.11/site-packages/sqlalchemy/engine/default.py", line 942, in do_execute
    cursor.execute(statement, parameters)
  File "/home/prince/.local/lib/python3.11/site-packages/pymysql/cursors.py", line 153, in execute
    result = self._query(query)
             ^^^^^^^^^^^^^^^^^^
  File "/home/prince/.local/lib/python3.11/site-packages/pymysql/cursors.py", line 322, in _query
    conn.query(q)
  File "/home/prince/.local/lib/python3.11/site-packages/pymysql/connections.py", line 563, in query
    self._affected_rows = self._read_query_result(unbuffered=unbuffered)
                          ^^^^^^^^^^^^^^^^^^^^^^^^^^^^^^^^^^^^^^^^^^^^^^
  File "/home/prince/.local/lib/python3.11/site-packages/pymysql/connections.py", line 825, in _read_query_result
    result.read()
  File "/home/prince/.local/lib/python3.11/site-packages/pymysql/connections.py", line 1199, in read
    first_packet = self.connection._read_packet()
                   ^^^^^^^^^^^^^^^^^^^^^^^^^^^^^^
  File "/home/prince/.local/lib/python3.11/site-packages/pymysql/connections.py", line 775, in _read_packet
    packet.raise_for_error()
  File "/home/prince/.local/lib/python3.11/site-packages/pymysql/protocol.py", line 219, in raise_for_error
    err.raise_mysql_exception(self._data)
  File "/home/prince/.local/lib/python3.11/site-packages/pymysql/err.py", line 150, in raise_mysql_exception
    raise errorclass(errno, errval)
sqlalchemy.exc.IntegrityError: (pymysql.err.IntegrityError) (1062, "Duplicate entry 'sjkbcfsdsdccsbc' for key 'category_table.ix_category_table_category_name'")
[SQL: INSERT INTO category_table (category_name, category_description, is_deleted, created_at, modified_at) VALUES (%(category_name)s, %(category_description)s, %(is_deleted)s, %(created_at)s, %(modified_at)s)]
[parameters: {'category_name': 'sjkbcfsdsdccsbc', 'category_description': 'rudani', 'is_deleted': 0, 'created_at': 1743511306, 'modified_at': 1743511306}]
(Background on this error at: https://sqlalche.me/e/20/gkpj)
2025-04-01 18:12:51,218 - category_controller.py - FastCRUD -  insert_category_controller - INFO - Attempting to insert new category: sjkbcfsdsdccsbtg tgc

2025-04-01 18:12:51,224 - category_service.py - FastCRUD -  insert_category_service - INFO - Category inserted successfully: sjkbcfsdsdccsbtg tgc

2025-04-01 23:17:22,046 - login_controller.py - FastCRUD -  user_login - ERROR - Login Error: 401: User not found

2025-04-01 23:19:29,947 - login_controller.py - FastCRUD -  user_login - ERROR - Login Error: (pymysql.err.IntegrityError) (1048, "Column 'login_username' cannot be null")
[SQL: INSERT INTO login_table (login_username, login_password, login_status, created_at, modified_at) VALUES (%(login_username)s, %(login_password)s, %(login_status)s, %(created_at)s, %(modified_at)s)]
[parameters: {'login_username': None, 'login_password': None, 'login_status': 1, 'created_at': None, 'modified_at': None}]
(Background on this error at: https://sqlalche.me/e/20/gkpj)

2025-04-01 23:22:25,645 - login_controller.py - FastCRUD -  user_login - ERROR - Login Error: 'InstanceState' object has no attribute '_post_inspect'

2025-04-01 23:25:53,136 - login_controller.py - FastCRUD -  user_login - ERROR - Login Error: 'InstanceState' object has no attribute '_post_inspect'

2025-04-01 23:31:40,177 - category_controller.py - FastCRUD -  insert_category_controller - INFO - Attempting to insert new category: princededffrss

2025-04-01 23:31:40,185 - category_service.py - FastCRUD -  insert_category_service - INFO - Category inserted successfully: princededffrss

2025-04-01 23:31:55,394 - category_controller.py - FastCRUD -  view_category_controller - INFO - Response for verify_member is {'status_code': 202, 'success': True, 'message': 'Data fetched successfully', 'data': [<base.vo.category_vo.CategoryVO object at 0x7f6770115490>, <base.vo.category_vo.CategoryVO object at 0x7f6770115510>, <base.vo.category_vo.CategoryVO object at 0x7f6770115590>, <base.vo.category_vo.CategoryVO object at 0x7f6770115610>, <base.vo.category_vo.CategoryVO object at 0x7f6770115690>, <base.vo.category_vo.CategoryVO object at 0x7f6770115750>, <base.vo.category_vo.CategoryVO object at 0x7f67701157d0>, <base.vo.category_vo.CategoryVO object at 0x7f6770115850>, <base.vo.category_vo.CategoryVO object at 0x7f6770115910>, <base.vo.category_vo.CategoryVO object at 0x7f6770115710>, <base.vo.category_vo.CategoryVO object at 0x7f6770115ad0>]}

2025-04-01 23:32:02,283 - category_controller.py - FastCRUD -  view_category_controller - INFO - Response for verify_member is {'status_code': 202, 'success': True, 'message': 'Data fetched successfully', 'data': [<base.vo.category_vo.CategoryVO object at 0x7f6770117650>, <base.vo.category_vo.CategoryVO object at 0x7f67701176d0>, <base.vo.category_vo.CategoryVO object at 0x7f6770117750>, <base.vo.category_vo.CategoryVO object at 0x7f67701177d0>, <base.vo.category_vo.CategoryVO object at 0x7f6770117850>, <base.vo.category_vo.CategoryVO object at 0x7f6770117910>, <base.vo.category_vo.CategoryVO object at 0x7f6770117990>, <base.vo.category_vo.CategoryVO object at 0x7f6770117a10>, <base.vo.category_vo.CategoryVO object at 0x7f6770117a90>, <base.vo.category_vo.CategoryVO object at 0x7f67701178d0>, <base.vo.category_vo.CategoryVO object at 0x7f6770117b50>]}

=====================
2025-04-01 23:54:42,557 - login_controller.py - FastCRUD -  user_login - ERROR - Login Error: MysqlCommonQuery.update_login_status() takes 1 positional argument but 2 were given
=====================
2025-04-02 00:05:17,827 - category_controller.py - FastCRUD -  get_category_by_id_controller - INFO - Fetching category details for ID: 22

2025-04-02 00:06:39,235 - category_controller.py - FastCRUD -  get_category_by_id_controller - INFO - Fetching category details for ID: 22

2025-04-02 09:40:42,445 - register_service.py - FastCRUD -  register_user - INFO - Role Record: <base.vo.role_vo.RoleVO object at 0x7601058ebe90>, Type: <class 'base.vo.role_vo.RoleVO'>

2025-04-02 09:41:19,294 - register_service.py - FastCRUD -  register_user - INFO - Role Record: <base.vo.role_vo.RoleVO object at 0x760105c0a1d0>, Type: <class 'base.vo.role_vo.RoleVO'>

2025-04-02 09:41:25,265 - register_service.py - FastCRUD -  register_user - INFO - Role Record: <base.vo.role_vo.RoleVO object at 0x760105880e90>, Type: <class 'base.vo.role_vo.RoleVO'>

2025-04-02 09:41:37,705 - login_controller.py - FastCRUD -  user_login - ERROR - Login Error: 401: User not found

2025-04-02 09:42:13,269 - login_controller.py - FastCRUD -  user_login - ERROR - Login Error: 401: User not found

2025-04-02 09:42:48,250 - login_controller.py - FastCRUD -  user_login - ERROR - Login Error: 401: User not found

2025-04-02 09:43:05,718 - login_controller.py - FastCRUD -  user_login - ERROR - Login Error: 401: User not found

2025-04-02 09:45:25,771 - category_controller.py - FastCRUD -  insert_category_controller - INFO - Attempting to insert new category: tranding-fashion

2025-04-02 09:45:25,779 - category_service.py - FastCRUD -  insert_category_service - INFO - Category inserted successfully: tranding-fashion

2025-04-02 09:46:03,881 - category_controller.py - FastCRUD -  view_category_controller - INFO - Response for verify_member is {'status_code': 202, 'success': True, 'message': 'Data fetched successfully', 'data': [<base.vo.category_vo.CategoryVO object at 0x7dca39f24d10>, <base.vo.category_vo.CategoryVO object at 0x7dca39f24d90>, <base.vo.category_vo.CategoryVO object at 0x7dca39f24e10>, <base.vo.category_vo.CategoryVO object at 0x7dca39f24e90>, <base.vo.category_vo.CategoryVO object at 0x7dca39f24f10>, <base.vo.category_vo.CategoryVO object at 0x7dca39f24fd0>, <base.vo.category_vo.CategoryVO object at 0x7dca39f25050>, <base.vo.category_vo.CategoryVO object at 0x7dca39f250d0>, <base.vo.category_vo.CategoryVO object at 0x7dca39f25190>, <base.vo.category_vo.CategoryVO object at 0x7dca39f24f90>, <base.vo.category_vo.CategoryVO object at 0x7dca39f25350>]}

2025-04-02 09:50:16,384 - category_controller.py - FastCRUD -  get_category_by_id_controller - INFO - Fetching category details for ID: 22

2025-04-02 09:55:57,001 - subcategory_service.py - FastCRUD -  insert_subcategory_service - INFO - Subcategory inserted successfully: artificial intelligence

2025-04-02 09:59:51,037 - subcategory_service.py - FastCRUD -  get_all_subcategories_service - INFO - Fetched 7 subcategories

2025-04-02 10:01:07,613 - category_controller.py - FastCRUD -  view_category_controller - INFO - Response for verify_member is {'status_code': 202, 'success': True, 'message': 'Data fetched successfully', 'data': [<base.vo.category_vo.CategoryVO object at 0x7ea37c511610>, <base.vo.category_vo.CategoryVO object at 0x7ea37c511690>, <base.vo.category_vo.CategoryVO object at 0x7ea37c511710>, <base.vo.category_vo.CategoryVO object at 0x7ea37c511790>, <base.vo.category_vo.CategoryVO object at 0x7ea37c511810>, <base.vo.category_vo.CategoryVO object at 0x7ea37c5118d0>, <base.vo.category_vo.CategoryVO object at 0x7ea37c511950>, <base.vo.category_vo.CategoryVO object at 0x7ea37c5119d0>, <base.vo.category_vo.CategoryVO object at 0x7ea37c511a90>, <base.vo.category_vo.CategoryVO object at 0x7ea37c511890>, <base.vo.category_vo.CategoryVO object at 0x7ea37c511c50>]}

2025-04-02 10:01:12,012 - category_controller.py - FastCRUD -  view_category_controller - INFO - Response for verify_member is {'status_code': 202, 'success': True, 'message': 'Data fetched successfully', 'data': [<base.vo.category_vo.CategoryVO object at 0x7ea37c515410>, <base.vo.category_vo.CategoryVO object at 0x7ea37c515490>, <base.vo.category_vo.CategoryVO object at 0x7ea37c515590>, <base.vo.category_vo.CategoryVO object at 0x7ea37c515690>, <base.vo.category_vo.CategoryVO object at 0x7ea37c515790>, <base.vo.category_vo.CategoryVO object at 0x7ea37c5158d0>, <base.vo.category_vo.CategoryVO object at 0x7ea37c5159d0>, <base.vo.category_vo.CategoryVO object at 0x7ea37c515ad0>, <base.vo.category_vo.CategoryVO object at 0x7ea37c515bd0>, <base.vo.category_vo.CategoryVO object at 0x7ea37c515890>, <base.vo.category_vo.CategoryVO object at 0x7ea37c515d90>]}

2025-04-02 10:01:28,422 - login_controller.py - FastCRUD -  user_login - ERROR - Login Error: 401: User not found

2025-04-02 10:02:00,284 - subcategory_service.py - FastCRUD -  get_all_subcategories_service - INFO - Fetched 7 subcategories

2025-04-02 10:02:03,641 - subcategory_service.py - FastCRUD -  get_all_subcategories_service - INFO - Fetched 7 subcategories

2025-04-02 10:02:10,358 - subcategory_service.py - FastCRUD -  get_all_subcategories_service - INFO - Fetched 7 subcategories

2025-04-02 10:03:08,776 - subcategory_service.py - FastCRUD -  delete_subcategory_service - INFO - Subcategory deleted: ID 1

2025-04-02 10:03:25,611 - subcategory_service.py - FastCRUD -  delete_subcategory_service - INFO - Subcategory deleted: ID 2

2025-04-02 10:05:51,478 - subcategory_service.py - FastCRUD -  get_subcategory_by_id_service - INFO - Subcategory retrieved: Kitchen Appliances

2025-04-02 10:09:30,730 - subcategory_service.py - FastCRUD -  update_subcategory_service - INFO - Subcategory updated successfully

2025-04-02 10:10:39,269 - subcategory_service.py - FastCRUD -  update_subcategory_service - INFO - Subcategory updated successfully

2025-04-02 10:15:03,390 - product_service.py - FastCRUD -  insert_product_service - ERROR - Error inserting product
Traceback (most recent call last):
  File "/home/prince/PycharmProjects/FastCRUD/base/service/product/product_service.py", line 31, in insert_product_service
    subcategory = SubcategoryDAO.get_subcategory_by_id_dao(
                  ^^^^^^^^^^^^^^^^^^^^^^^^^^^^^^^^^^^^^^^^^
  File "/home/prince/PycharmProjects/FastCRUD/base/dao/subcategory/subcategory_dao.py", line 28, in get_subcategory_by_id_dao
    if subcategory_data.subcategory_category_id == 1:
       ^^^^^^^^^^^^^^^^^^^^^^^^^^^^^^^^^^^^^^^^
AttributeError: 'NoneType' object has no attribute 'subcategory_category_id'
2025-04-02 10:16:26,826 - product_service.py - FastCRUD -  insert_product_service - ERROR - Error inserting product
Traceback (most recent call last):
  File "/home/prince/PycharmProjects/FastCRUD/base/service/product/product_service.py", line 31, in insert_product_service
    subcategory = SubcategoryDAO.get_subcategory_by_id_dao(
                  ^^^^^^^^^^^^^^^^^^^^^^^^^^^^^^^^^^^^^^^^^
  File "/home/prince/PycharmProjects/FastCRUD/base/dao/subcategory/subcategory_dao.py", line 28, in get_subcategory_by_id_dao
    if subcategory_data.subcategory_category_id == 1:
       ^^^^^^^^^^^^^^^^^^^^^^^^^^^^^^^^^^^^^^^^
AttributeError: 'NoneType' object has no attribute 'subcategory_category_id'
2025-04-02 10:16:51,895 - product_service.py - FastCRUD -  insert_product_service - ERROR - Error inserting product
Traceback (most recent call last):
  File "/home/prince/PycharmProjects/FastCRUD/base/service/product/product_service.py", line 31, in insert_product_service
    subcategory = SubcategoryDAO.get_subcategory_by_id_dao(
                  ^^^^^^^^^^^^^^^^^^^^^^^^^^^^^^^^^^^^^^^^^
  File "/home/prince/PycharmProjects/FastCRUD/base/dao/subcategory/subcategory_dao.py", line 28, in get_subcategory_by_id_dao
    if subcategory_data.subcategory_category_id == 1:
       ^^^^^^^^^^^^^^^^^^^^^^^^^^^^^^^^^^^^^^^^
AttributeError: 'NoneType' object has no attribute 'subcategory_category_id'
2025-04-02 10:17:31,178 - product_service.py - FastCRUD -  insert_product_service - ERROR - Error inserting product
Traceback (most recent call last):
  File "/home/prince/PycharmProjects/FastCRUD/base/service/product/product_service.py", line 31, in insert_product_service
    subcategory = SubcategoryDAO.get_subcategory_by_id_dao(
                  ^^^^^^^^^^^^^^^^^^^^^^^^^^^^^^^^^^^^^^^^^
  File "/home/prince/PycharmProjects/FastCRUD/base/dao/subcategory/subcategory_dao.py", line 28, in get_subcategory_by_id_dao
    if subcategory_data.subcategory_category_id == 1:
       ^^^^^^^^^^^^^^^^^^^^^^^^^^^^^^^^^^^^^^^^
AttributeError: 'NoneType' object has no attribute 'subcategory_category_id'
2025-04-02 10:20:12,921 - product_service.py - FastCRUD -  insert_product_service - ERROR - Error inserting product
Traceback (most recent call last):
  File "/home/prince/PycharmProjects/FastCRUD/base/service/product/product_service.py", line 48, in insert_product_service
    image_name, image_path = ProductImageUploader.save_image(
    ^^^^^^^^^^^^^^^^^^^^^^
TypeError: cannot unpack non-iterable coroutine object
2025-04-02 10:20:38,269 - product_service.py - FastCRUD -  insert_product_service - ERROR - Error inserting product
Traceback (most recent call last):
  File "/home/prince/PycharmProjects/FastCRUD/base/service/product/product_service.py", line 48, in insert_product_service
    image_name, image_path = ProductImageUploader.save_image(
    ^^^^^^^^^^^^^^^^^^^^^^
TypeError: cannot unpack non-iterable coroutine object
2025-04-02 10:21:04,932 - product_service.py - FastCRUD -  insert_product_service - ERROR - Error inserting product
Traceback (most recent call last):
  File "/home/prince/PycharmProjects/FastCRUD/base/service/product/product_service.py", line 48, in insert_product_service
    image_name, image_path = ProductImageUploader.save_image(
    ^^^^^^^^^^^^^^^^^^^^^^
TypeError: cannot unpack non-iterable coroutine object
2025-04-02 10:21:27,779 - image_store.py - FastCRUD -  save_image - ERROR - Error saving image
Traceback (most recent call last):
  File "/home/prince/PycharmProjects/FastCRUD/base/utils/image_store.py", line 27, in save_image
    image_path = os.path.join(UPLOAD_DIR, image.filename)
                                          ^^^^^^^^^^^^^^
AttributeError: 'NoneType' object has no attribute 'filename'
2025-04-02 10:21:27,780 - product_service.py - FastCRUD -  insert_product_service - ERROR - Error inserting product
Traceback (most recent call last):
  File "/home/prince/PycharmProjects/FastCRUD/base/service/product/product_service.py", line 48, in insert_product_service
    image_name, image_path = ProductImageUploader.save_image(
    ^^^^^^^^^^^^^^^^^^^^^^
ValueError: not enough values to unpack (expected 2, got 1)
2025-04-02 10:22:35,011 - image_store.py - FastCRUD -  save_image - ERROR - Error saving image
Traceback (most recent call last):
  File "/home/prince/PycharmProjects/FastCRUD/base/utils/image_store.py", line 27, in save_image
    image_path = os.path.join(UPLOAD_DIR, image.filename)
                                          ^^^^^^^^^^^^^^
AttributeError: 'NoneType' object has no attribute 'filename'
2025-04-02 10:22:35,012 - product_service.py - FastCRUD -  insert_product_service - ERROR - Error inserting product
Traceback (most recent call last):
  File "/home/prince/PycharmProjects/FastCRUD/base/service/product/product_service.py", line 50, in insert_product_service
    image_name, image_path =  ProductImageUploader.save_image(
    ^^^^^^^^^^^^^^^^^^^^^^
ValueError: not enough values to unpack (expected 2, got 1)
2025-04-02 10:22:45,797 - image_store.py - FastCRUD -  save_image - ERROR - Error saving image
Traceback (most recent call last):
  File "/home/prince/PycharmProjects/FastCRUD/base/utils/image_store.py", line 27, in save_image
    image_path = os.path.join(UPLOAD_DIR, image.filename)
                                          ^^^^^^^^^^^^^^
AttributeError: 'NoneType' object has no attribute 'filename'
2025-04-02 10:22:45,797 - product_service.py - FastCRUD -  insert_product_service - ERROR - Error inserting product
Traceback (most recent call last):
  File "/home/prince/PycharmProjects/FastCRUD/base/service/product/product_service.py", line 50, in insert_product_service
    image_name, image_path =  ProductImageUploader.save_image(
    ^^^^^^^^^^^^^^^^^^^^^^
ValueError: not enough values to unpack (expected 2, got 1)
2025-04-02 10:23:39,904 - product_service.py - FastCRUD -  insert_product_service - ERROR - Error inserting product
Traceback (most recent call last):
  File "/home/prince/PycharmProjects/FastCRUD/base/utils/image_store.py", line 7, in save_image
    raise ValueError("No image provided.")
ValueError: No image provided.

During handling of the above exception, another exception occurred:

Traceback (most recent call last):
  File "/home/prince/PycharmProjects/FastCRUD/base/service/product/product_service.py", line 50, in insert_product_service
    image_name, image_path =  ProductImageUploader.save_image(
                             ^^^^^^^^^^^^^^^^^^^^^^^^^^^^^^^^^^^^^^
  File "/home/prince/PycharmProjects/FastCRUD/base/utils/image_store.py", line 33, in save_image
    logger.exception("Error saving image")
    ^^^^^^
NameError: name 'logger' is not defined
2025-04-02 10:25:32,762 - image_store.py - FastCRUD -  save_image - INFO - Error saving image

2025-04-02 10:25:32,762 - product_service.py - FastCRUD -  insert_product_service - ERROR - Error inserting product
Traceback (most recent call last):
  File "/home/prince/PycharmProjects/FastCRUD/base/service/product/product_service.py", line 50, in insert_product_service
    image_name, image_path =  ProductImageUploader.save_image(
    ^^^^^^^^^^^^^^^^^^^^^^
ValueError: not enough values to unpack (expected 2, got 1)
2025-04-02 10:26:02,517 - image_store.py - FastCRUD -  save_image - INFO - Error saving image

2025-04-02 10:26:02,517 - product_service.py - FastCRUD -  insert_product_service - ERROR - Error inserting product
Traceback (most recent call last):
  File "/home/prince/PycharmProjects/FastCRUD/base/service/product/product_service.py", line 50, in insert_product_service
    image_name, image_path =  ProductImageUploader.save_image(
    ^^^^^^^^^^^^^^^^^^^^^^
ValueError: not enough values to unpack (expected 2, got 1)
2025-04-02 10:27:09,230 - image_store.py - FastCRUD -  save_image - ERROR - Error saving image
Traceback (most recent call last):
  File "/home/prince/PycharmProjects/FastCRUD/base/utils/image_store.py", line 27, in save_image
    image_path = os.path.join(UPLOAD_DIR, image.filename)
                                          ^^^^^^^^^^^^^^
AttributeError: 'NoneType' object has no attribute 'filename'
2025-04-02 10:27:09,231 - product_service.py - FastCRUD -  insert_product_service - ERROR - Error inserting product
Traceback (most recent call last):
  File "/home/prince/PycharmProjects/FastCRUD/base/service/product/product_service.py", line 50, in insert_product_service
    image_name, image_path =  ProductImageUploader.save_image(
    ^^^^^^^^^^^^^^^^^^^^^^
ValueError: not enough values to unpack (expected 2, got 1)
==============================================================================================================================================================================

2025-04-02 10:43:25,716 - product_service.py - FastCRUD -  insert_product_service - ERROR - Error inserting product
Traceback (most recent call last):
  File "/home/prince/PycharmProjects/FastCRUD/base/service/product/product_service.py", line 51, in insert_product_service
    image_name, image_path = ProductImageUploader.save_image(
    ^^^^^^^^^^^^^^^^^^^^^^
TypeError: cannot unpack non-iterable coroutine object
2025-04-02 10:44:00,434 - image_store.py - FastCRUD -  save_image - ERROR - Error saving image
Traceback (most recent call last):
  File "/home/prince/PycharmProjects/FastCRUD/base/utils/image_store.py", line 31, in save_image
    buffer.write(image.read())
TypeError: a bytes-like object is required, not 'coroutine'
2025-04-02 10:44:00,434 - product_service.py - FastCRUD -  insert_product_service - ERROR - Error inserting product
Traceback (most recent call last):
  File "/home/prince/PycharmProjects/FastCRUD/base/service/product/product_service.py", line 51, in insert_product_service
    image_name, image_path = ProductImageUploader.save_image(
    ^^^^^^^^^^^^^^^^^^^^^^
ValueError: not enough values to unpack (expected 2, got 1)
2025-04-02 10:44:08,361 - image_store.py - FastCRUD -  save_image - ERROR - Error saving image
Traceback (most recent call last):
  File "/home/prince/PycharmProjects/FastCRUD/base/utils/image_store.py", line 31, in save_image
    buffer.write(image.read())
TypeError: a bytes-like object is required, not 'coroutine'
2025-04-02 10:44:08,361 - product_service.py - FastCRUD -  insert_product_service - ERROR - Error inserting product
Traceback (most recent call last):
  File "/home/prince/PycharmProjects/FastCRUD/base/service/product/product_service.py", line 51, in insert_product_service
    image_name, image_path = ProductImageUploader.save_image(
    ^^^^^^^^^^^^^^^^^^^^^^
ValueError: not enough values to unpack (expected 2, got 1)
2025-04-02 10:47:49,551 - image_store.py - FastCRUD -  save_image - ERROR - Error saving image
Traceback (most recent call last):
  File "/home/prince/PycharmProjects/FastCRUD/base/utils/image_store.py", line 31, in save_image
    buffer.write(image.read())
TypeError: a bytes-like object is required, not 'coroutine'
2025-04-02 10:47:49,551 - product_service.py - FastCRUD -  insert_product_service - ERROR - Error inserting product
Traceback (most recent call last):
  File "/home/prince/PycharmProjects/FastCRUD/base/service/product/product_service.py", line 51, in insert_product_service
    image_name, image_path = ProductImageUploader.save_image(
    ^^^^^^^^^^^^^^^^^^^^^^
ValueError: not enough values to unpack (expected 2, got 1)
2025-04-02 10:48:07,467 - image_store.py - FastCRUD -  save_image - ERROR - Error saving image
Traceback (most recent call last):
  File "/home/prince/PycharmProjects/FastCRUD/base/utils/image_store.py", line 31, in save_image
    buffer.write(image.read())
TypeError: a bytes-like object is required, not 'coroutine'
2025-04-02 10:48:07,468 - product_service.py - FastCRUD -  insert_product_service - ERROR - Error inserting product
Traceback (most recent call last):
  File "/home/prince/PycharmProjects/FastCRUD/base/service/product/product_service.py", line 51, in insert_product_service
    image_name, image_path = ProductImageUploader.save_image(
    ^^^^^^^^^^^^^^^^^^^^^^
ValueError: not enough values to unpack (expected 2, got 1)
2025-04-02 10:48:27,585 - register_service.py - FastCRUD -  register_user - INFO - Role Record: <base.vo.role_vo.RoleVO object at 0x75e90432ccd0>, Type: <class 'base.vo.role_vo.RoleVO'>

2025-04-02 10:51:46,337 - product_service.py - FastCRUD -  insert_product_service - ERROR - Error inserting product
Traceback (most recent call last):
  File "/home/prince/.local/lib/python3.11/site-packages/sqlalchemy/engine/base.py", line 1964, in _exec_single_context
    self.dialect.do_execute(
  File "/home/prince/.local/lib/python3.11/site-packages/sqlalchemy/engine/default.py", line 942, in do_execute
    cursor.execute(statement, parameters)
  File "/home/prince/.local/lib/python3.11/site-packages/pymysql/cursors.py", line 153, in execute
    result = self._query(query)
             ^^^^^^^^^^^^^^^^^^
  File "/home/prince/.local/lib/python3.11/site-packages/pymysql/cursors.py", line 322, in _query
    conn.query(q)
  File "/home/prince/.local/lib/python3.11/site-packages/pymysql/connections.py", line 563, in query
    self._affected_rows = self._read_query_result(unbuffered=unbuffered)
                          ^^^^^^^^^^^^^^^^^^^^^^^^^^^^^^^^^^^^^^^^^^^^^^
  File "/home/prince/.local/lib/python3.11/site-packages/pymysql/connections.py", line 825, in _read_query_result
    result.read()
  File "/home/prince/.local/lib/python3.11/site-packages/pymysql/connections.py", line 1199, in read
    first_packet = self.connection._read_packet()
                   ^^^^^^^^^^^^^^^^^^^^^^^^^^^^^^
  File "/home/prince/.local/lib/python3.11/site-packages/pymysql/connections.py", line 775, in _read_packet
    packet.raise_for_error()
  File "/home/prince/.local/lib/python3.11/site-packages/pymysql/protocol.py", line 219, in raise_for_error
    err.raise_mysql_exception(self._data)
  File "/home/prince/.local/lib/python3.11/site-packages/pymysql/err.py", line 150, in raise_mysql_exception
    raise errorclass(errno, errval)
pymysql.err.IntegrityError: (1062, "Duplicate entry 'magnifierA' for key 'product_table.ix_product_table_product_name'")

The above exception was the direct cause of the following exception:

Traceback (most recent call last):
  File "/home/prince/PycharmProjects/FastCRUD/base/service/product/product_service.py", line 69, in insert_product_service
    product_insert_data = ProductDAO.insert_product_dao(product_vo)
                          ^^^^^^^^^^^^^^^^^^^^^^^^^^^^^^^^^^^^^^^^^
  File "/home/prince/PycharmProjects/FastCRUD/base/dao/product/product_dao.py", line 9, in insert_product_dao
    product_data = MysqlCommonQuery.insert_query(product_vo)
                   ^^^^^^^^^^^^^^^^^^^^^^^^^^^^^^^^^^^^^^^^^
  File "/home/prince/PycharmProjects/FastCRUD/base/client/mysql_common/mysql_common_query.py", line 15, in insert_query
    session.commit()
  File "/home/prince/.local/lib/python3.11/site-packages/sqlalchemy/orm/session.py", line 2032, in commit
    trans.commit(_to_root=True)
  File "<string>", line 2, in commit
  File "/home/prince/.local/lib/python3.11/site-packages/sqlalchemy/orm/state_changes.py", line 139, in _go
    ret_value = fn(self, *arg, **kw)
                ^^^^^^^^^^^^^^^^^^^^
  File "/home/prince/.local/lib/python3.11/site-packages/sqlalchemy/orm/session.py", line 1313, in commit
    self._prepare_impl()
  File "<string>", line 2, in _prepare_impl
  File "/home/prince/.local/lib/python3.11/site-packages/sqlalchemy/orm/state_changes.py", line 139, in _go
    ret_value = fn(self, *arg, **kw)
                ^^^^^^^^^^^^^^^^^^^^
  File "/home/prince/.local/lib/python3.11/site-packages/sqlalchemy/orm/session.py", line 1288, in _prepare_impl
    self.session.flush()
  File "/home/prince/.local/lib/python3.11/site-packages/sqlalchemy/orm/session.py", line 4353, in flush
    self._flush(objects)
  File "/home/prince/.local/lib/python3.11/site-packages/sqlalchemy/orm/session.py", line 4488, in _flush
    with util.safe_reraise():
  File "/home/prince/.local/lib/python3.11/site-packages/sqlalchemy/util/langhelpers.py", line 146, in __exit__
    raise exc_value.with_traceback(exc_tb)
  File "/home/prince/.local/lib/python3.11/site-packages/sqlalchemy/orm/session.py", line 4449, in _flush
    flush_context.execute()
  File "/home/prince/.local/lib/python3.11/site-packages/sqlalchemy/orm/unitofwork.py", line 466, in execute
    rec.execute(self)
  File "/home/prince/.local/lib/python3.11/site-packages/sqlalchemy/orm/unitofwork.py", line 642, in execute
    util.preloaded.orm_persistence.save_obj(
  File "/home/prince/.local/lib/python3.11/site-packages/sqlalchemy/orm/persistence.py", line 93, in save_obj
    _emit_insert_statements(
  File "/home/prince/.local/lib/python3.11/site-packages/sqlalchemy/orm/persistence.py", line 1233, in _emit_insert_statements
    result = connection.execute(
             ^^^^^^^^^^^^^^^^^^^
  File "/home/prince/.local/lib/python3.11/site-packages/sqlalchemy/engine/base.py", line 1416, in execute
    return meth(
           ^^^^^
  File "/home/prince/.local/lib/python3.11/site-packages/sqlalchemy/sql/elements.py", line 516, in _execute_on_connection
    return connection._execute_clauseelement(
           ^^^^^^^^^^^^^^^^^^^^^^^^^^^^^^^^^^
  File "/home/prince/.local/lib/python3.11/site-packages/sqlalchemy/engine/base.py", line 1638, in _execute_clauseelement
    ret = self._execute_context(
          ^^^^^^^^^^^^^^^^^^^^^^
  File "/home/prince/.local/lib/python3.11/site-packages/sqlalchemy/engine/base.py", line 1843, in _execute_context
    return self._exec_single_context(
           ^^^^^^^^^^^^^^^^^^^^^^^^^^
  File "/home/prince/.local/lib/python3.11/site-packages/sqlalchemy/engine/base.py", line 1983, in _exec_single_context
    self._handle_dbapi_exception(
  File "/home/prince/.local/lib/python3.11/site-packages/sqlalchemy/engine/base.py", line 2352, in _handle_dbapi_exception
    raise sqlalchemy_exception.with_traceback(exc_info[2]) from e
  File "/home/prince/.local/lib/python3.11/site-packages/sqlalchemy/engine/base.py", line 1964, in _exec_single_context
    self.dialect.do_execute(
  File "/home/prince/.local/lib/python3.11/site-packages/sqlalchemy/engine/default.py", line 942, in do_execute
    cursor.execute(statement, parameters)
  File "/home/prince/.local/lib/python3.11/site-packages/pymysql/cursors.py", line 153, in execute
    result = self._query(query)
             ^^^^^^^^^^^^^^^^^^
  File "/home/prince/.local/lib/python3.11/site-packages/pymysql/cursors.py", line 322, in _query
    conn.query(q)
  File "/home/prince/.local/lib/python3.11/site-packages/pymysql/connections.py", line 563, in query
    self._affected_rows = self._read_query_result(unbuffered=unbuffered)
                          ^^^^^^^^^^^^^^^^^^^^^^^^^^^^^^^^^^^^^^^^^^^^^^
  File "/home/prince/.local/lib/python3.11/site-packages/pymysql/connections.py", line 825, in _read_query_result
    result.read()
  File "/home/prince/.local/lib/python3.11/site-packages/pymysql/connections.py", line 1199, in read
    first_packet = self.connection._read_packet()
                   ^^^^^^^^^^^^^^^^^^^^^^^^^^^^^^
  File "/home/prince/.local/lib/python3.11/site-packages/pymysql/connections.py", line 775, in _read_packet
    packet.raise_for_error()
  File "/home/prince/.local/lib/python3.11/site-packages/pymysql/protocol.py", line 219, in raise_for_error
    err.raise_mysql_exception(self._data)
  File "/home/prince/.local/lib/python3.11/site-packages/pymysql/err.py", line 150, in raise_mysql_exception
    raise errorclass(errno, errval)
sqlalchemy.exc.IntegrityError: (pymysql.err.IntegrityError) (1062, "Duplicate entry 'magnifierA' for key 'product_table.ix_product_table_product_name'")
[SQL: INSERT INTO product_table (product_category_id, product_subcategory_id, product_name, product_description, product_price, product_image_names, product_image_paths, product_quantity, is_deleted, created_at, modified_at) VALUES (%(product_category_id)s, %(product_subcategory_id)s, %(product_name)s, %(product_description)s, %(product_price)s, %(product_image_names)s, %(product_image_paths)s, %(product_quantity)s, %(is_deleted)s, %(created_at)s, %(modified_at)s)]
[parameters: {'product_category_id': 4, 'product_subcategory_id': 5, 'product_name': 'magnifierA', 'product_description': 'sabhadiya', 'product_price': 30, 'product_image_names': '["ef091550f794450d801c53e854464c2b_refrijrator.jpg", "57a14f49bfa744f78c4273c5aa2728b2_pycharm.jpg"]', 'product_image_paths': '["static/product_image/ef091550f794450d801c53e854464c2b_refrijrator.jpg", "static/product_image/57a14f49bfa744f78c4273c5aa2728b2_pycharm.jpg"]', 'product_quantity': 34, 'is_deleted': 0, 'created_at': 1743571306, 'modified_at': 1743571306}]
(Background on this error at: https://sqlalche.me/e/20/gkpj)
2025-04-02 10:53:31,438 - image_store.py - FastCRUD -  save_image - ERROR - Error saving image
Traceback (most recent call last):
  File "/home/prince/PycharmProjects/FastCRUD/base/utils/image_store.py", line 31, in save_image
    buffer.write(image.read())
TypeError: a bytes-like object is required, not 'coroutine'
2025-04-02 10:53:31,438 - product_service.py - FastCRUD -  insert_product_service - ERROR - Error inserting product
Traceback (most recent call last):
  File "/home/prince/PycharmProjects/FastCRUD/base/service/product/product_service.py", line 50, in insert_product_service
    image_name, image_path = ProductImageUploader.save_image(
    ^^^^^^^^^^^^^^^^^^^^^^
ValueError: not enough values to unpack (expected 2, got 1)
2025-04-03 09:56:09,924 - category_controller.py - FastCRUD -  view_category_controller - INFO - Response for verify_member is {'status_code': 202, 'success': True, 'message': 'Data fetched successfully', 'data': [<base.vo.category_vo.CategoryVO object at 0x77e2a231ee10>, <base.vo.category_vo.CategoryVO object at 0x77e2a231ee90>, <base.vo.category_vo.CategoryVO object at 0x77e2a231ef10>, <base.vo.category_vo.CategoryVO object at 0x77e2a231ef90>, <base.vo.category_vo.CategoryVO object at 0x77e2a231f010>, <base.vo.category_vo.CategoryVO object at 0x77e2a231f0d0>, <base.vo.category_vo.CategoryVO object at 0x77e2a231f150>, <base.vo.category_vo.CategoryVO object at 0x77e2a231f1d0>, <base.vo.category_vo.CategoryVO object at 0x77e2a231f290>, <base.vo.category_vo.CategoryVO object at 0x77e2a231f090>, <base.vo.category_vo.CategoryVO object at 0x77e2a231f450>]}

2025-04-03 09:56:15,899 - category_controller.py - FastCRUD -  view_category_controller - INFO - Response for verify_member is {'status_code': 202, 'success': True, 'message': 'Data fetched successfully', 'data': [<base.vo.category_vo.CategoryVO object at 0x77e2a232eb10>, <base.vo.category_vo.CategoryVO object at 0x77e2a232eb90>, <base.vo.category_vo.CategoryVO object at 0x77e2a232ec90>, <base.vo.category_vo.CategoryVO object at 0x77e2a232ed90>, <base.vo.category_vo.CategoryVO object at 0x77e2a232ee90>, <base.vo.category_vo.CategoryVO object at 0x77e2a232efd0>, <base.vo.category_vo.CategoryVO object at 0x77e2a232f0d0>, <base.vo.category_vo.CategoryVO object at 0x77e2a232f1d0>, <base.vo.category_vo.CategoryVO object at 0x77e2a232f2d0>, <base.vo.category_vo.CategoryVO object at 0x77e2a232ef90>, <base.vo.category_vo.CategoryVO object at 0x77e2a232f490>]}

2025-04-03 09:56:17,126 - category_controller.py - FastCRUD -  view_category_controller - INFO - Response for verify_member is {'status_code': 202, 'success': True, 'message': 'Data fetched successfully', 'data': [<base.vo.category_vo.CategoryVO object at 0x77e2a232eed0>, <base.vo.category_vo.CategoryVO object at 0x77e2a232ecd0>, <base.vo.category_vo.CategoryVO object at 0x77e2a232eb50>, <base.vo.category_vo.CategoryVO object at 0x77e2a232c8d0>, <base.vo.category_vo.CategoryVO object at 0x77e2a232c850>, <base.vo.category_vo.CategoryVO object at 0x77e2a232c790>, <base.vo.category_vo.CategoryVO object at 0x77e2a232c710>, <base.vo.category_vo.CategoryVO object at 0x77e2a232c690>, <base.vo.category_vo.CategoryVO object at 0x77e2a232c610>, <base.vo.category_vo.CategoryVO object at 0x77e2a232c7d0>, <base.vo.category_vo.CategoryVO object at 0x77e2a232c550>]}

2025-04-03 09:56:17,968 - category_controller.py - FastCRUD -  view_category_controller - INFO - Response for verify_member is {'status_code': 202, 'success': True, 'message': 'Data fetched successfully', 'data': [<base.vo.category_vo.CategoryVO object at 0x77e2a190db50>, <base.vo.category_vo.CategoryVO object at 0x77e2a190dbd0>, <base.vo.category_vo.CategoryVO object at 0x77e2a190dc50>, <base.vo.category_vo.CategoryVO object at 0x77e2a190dcd0>, <base.vo.category_vo.CategoryVO object at 0x77e2a190dd50>, <base.vo.category_vo.CategoryVO object at 0x77e2a190de10>, <base.vo.category_vo.CategoryVO object at 0x77e2a190de90>, <base.vo.category_vo.CategoryVO object at 0x77e2a190df50>, <base.vo.category_vo.CategoryVO object at 0x77e2a190e050>, <base.vo.category_vo.CategoryVO object at 0x77e2a190ddd0>, <base.vo.category_vo.CategoryVO object at 0x77e2a190e210>]}

2025-04-03 09:57:26,608 - category_controller.py - FastCRUD -  view_category_controller - INFO - Response for verify_member is {'status_code': 202, 'success': True, 'message': 'Data fetched successfully', 'data': [<base.vo.category_vo.CategoryVO object at 0x77e2a232c610>, <base.vo.category_vo.CategoryVO object at 0x77e2a232c690>, <base.vo.category_vo.CategoryVO object at 0x77e2a232c710>, <base.vo.category_vo.CategoryVO object at 0x77e2a232c790>, <base.vo.category_vo.CategoryVO object at 0x77e2a232c8d0>, <base.vo.category_vo.CategoryVO object at 0x77e2a232eed0>, <base.vo.category_vo.CategoryVO object at 0x77e2a190c810>, <base.vo.category_vo.CategoryVO object at 0x77e2a190e2d0>, <base.vo.category_vo.CategoryVO object at 0x77e2a190c790>, <base.vo.category_vo.CategoryVO object at 0x77e2a232ecd0>, <base.vo.category_vo.CategoryVO object at 0x77e2a190ddd0>]}

2025-04-03 09:59:37,843 - category_controller.py - FastCRUD -  view_category_controller - INFO - Response for verify_member is {'status_code': 202, 'success': True, 'message': 'Data fetched successfully', 'data': [<base.vo.category_vo.CategoryVO object at 0x77e2a1915390>, <base.vo.category_vo.CategoryVO object at 0x77e2a1915410>, <base.vo.category_vo.CategoryVO object at 0x77e2a1915490>, <base.vo.category_vo.CategoryVO object at 0x77e2a1915510>, <base.vo.category_vo.CategoryVO object at 0x77e2a1915590>, <base.vo.category_vo.CategoryVO object at 0x77e2a1915650>, <base.vo.category_vo.CategoryVO object at 0x77e2a19156d0>, <base.vo.category_vo.CategoryVO object at 0x77e2a1915750>, <base.vo.category_vo.CategoryVO object at 0x77e2a19157d0>, <base.vo.category_vo.CategoryVO object at 0x77e2a1915610>, <base.vo.category_vo.CategoryVO object at 0x77e2a1915890>]}

2025-04-03 10:05:40,155 - category_controller.py - FastCRUD -  view_category_controller - INFO - Response for verify_member is {'status_code': 202, 'success': True, 'message': 'Data fetched successfully', 'data': [<base.vo.category_vo.CategoryVO object at 0x7d6bfb31e710>, <base.vo.category_vo.CategoryVO object at 0x7d6bfb31e790>, <base.vo.category_vo.CategoryVO object at 0x7d6bfb31e810>, <base.vo.category_vo.CategoryVO object at 0x7d6bfb31e890>, <base.vo.category_vo.CategoryVO object at 0x7d6bfb31e910>, <base.vo.category_vo.CategoryVO object at 0x7d6bfb31e9d0>, <base.vo.category_vo.CategoryVO object at 0x7d6bfb31ea50>, <base.vo.category_vo.CategoryVO object at 0x7d6bfb31ead0>, <base.vo.category_vo.CategoryVO object at 0x7d6bfb31eb50>, <base.vo.category_vo.CategoryVO object at 0x7d6bfb31e990>, <base.vo.category_vo.CategoryVO object at 0x7d6bfb31ecd0>]}

2025-04-03 10:05:44,620 - category_controller.py - FastCRUD -  view_category_controller - INFO - Response for verify_member is {'status_code': 202, 'success': True, 'message': 'Data fetched successfully', 'data': [<base.vo.category_vo.CategoryVO object at 0x7d6bfa9023d0>, <base.vo.category_vo.CategoryVO object at 0x7d6bfa902450>, <base.vo.category_vo.CategoryVO object at 0x7d6bfa902550>, <base.vo.category_vo.CategoryVO object at 0x7d6bfa902650>, <base.vo.category_vo.CategoryVO object at 0x7d6bfa902750>, <base.vo.category_vo.CategoryVO object at 0x7d6bfa902890>, <base.vo.category_vo.CategoryVO object at 0x7d6bfa902990>, <base.vo.category_vo.CategoryVO object at 0x7d6bfa902a90>, <base.vo.category_vo.CategoryVO object at 0x7d6bfa902b90>, <base.vo.category_vo.CategoryVO object at 0x7d6bfa902850>, <base.vo.category_vo.CategoryVO object at 0x7d6bfa902d50>]}

2025-04-03 10:11:37,750 - login_controller.py - FastCRUD -  user_login - ERROR - Login Error: 401: User not found

2025-04-03 10:12:34,974 - category_controller.py - FastCRUD -  insert_category_controller - INFO - Attempting to insert new category: tranding-fashion

2025-04-03 10:12:34,983 - category_service.py - FastCRUD -  insert_category_service - ERROR - Error inserting category
Traceback (most recent call last):
  File "/home/prince/.local/lib/python3.11/site-packages/sqlalchemy/engine/base.py", line 1964, in _exec_single_context
    self.dialect.do_execute(
  File "/home/prince/.local/lib/python3.11/site-packages/sqlalchemy/engine/default.py", line 942, in do_execute
    cursor.execute(statement, parameters)
  File "/home/prince/.local/lib/python3.11/site-packages/pymysql/cursors.py", line 153, in execute
    result = self._query(query)
             ^^^^^^^^^^^^^^^^^^
  File "/home/prince/.local/lib/python3.11/site-packages/pymysql/cursors.py", line 322, in _query
    conn.query(q)
  File "/home/prince/.local/lib/python3.11/site-packages/pymysql/connections.py", line 563, in query
    self._affected_rows = self._read_query_result(unbuffered=unbuffered)
                          ^^^^^^^^^^^^^^^^^^^^^^^^^^^^^^^^^^^^^^^^^^^^^^
  File "/home/prince/.local/lib/python3.11/site-packages/pymysql/connections.py", line 825, in _read_query_result
    result.read()
  File "/home/prince/.local/lib/python3.11/site-packages/pymysql/connections.py", line 1199, in read
    first_packet = self.connection._read_packet()
                   ^^^^^^^^^^^^^^^^^^^^^^^^^^^^^^
  File "/home/prince/.local/lib/python3.11/site-packages/pymysql/connections.py", line 775, in _read_packet
    packet.raise_for_error()
  File "/home/prince/.local/lib/python3.11/site-packages/pymysql/protocol.py", line 219, in raise_for_error
    err.raise_mysql_exception(self._data)
  File "/home/prince/.local/lib/python3.11/site-packages/pymysql/err.py", line 150, in raise_mysql_exception
    raise errorclass(errno, errval)
pymysql.err.IntegrityError: (1062, "Duplicate entry 'tranding-fashion' for key 'category_table.ix_category_table_category_name'")

The above exception was the direct cause of the following exception:

Traceback (most recent call last):
  File "/home/prince/PycharmProjects/FastCRUD/base/service/category/category_service.py", line 21, in insert_category_service
    category_insert_data = CategoryDAO.insert_category_dao(category_vo)
                           ^^^^^^^^^^^^^^^^^^^^^^^^^^^^^^^^^^^^^^^^^^^^
  File "/home/prince/PycharmProjects/FastCRUD/base/dao/category/category_dao.py", line 9, in insert_category_dao
    category_data = MysqlCommonQuery.insert_query(category_vo)
                    ^^^^^^^^^^^^^^^^^^^^^^^^^^^^^^^^^^^^^^^^^^
  File "/home/prince/PycharmProjects/FastCRUD/base/client/mysql_common/mysql_common_query.py", line 15, in insert_query
    session.commit()
  File "/home/prince/.local/lib/python3.11/site-packages/sqlalchemy/orm/session.py", line 2032, in commit
    trans.commit(_to_root=True)
  File "<string>", line 2, in commit
  File "/home/prince/.local/lib/python3.11/site-packages/sqlalchemy/orm/state_changes.py", line 139, in _go
    ret_value = fn(self, *arg, **kw)
                ^^^^^^^^^^^^^^^^^^^^
  File "/home/prince/.local/lib/python3.11/site-packages/sqlalchemy/orm/session.py", line 1313, in commit
    self._prepare_impl()
  File "<string>", line 2, in _prepare_impl
  File "/home/prince/.local/lib/python3.11/site-packages/sqlalchemy/orm/state_changes.py", line 139, in _go
    ret_value = fn(self, *arg, **kw)
                ^^^^^^^^^^^^^^^^^^^^
  File "/home/prince/.local/lib/python3.11/site-packages/sqlalchemy/orm/session.py", line 1288, in _prepare_impl
    self.session.flush()
  File "/home/prince/.local/lib/python3.11/site-packages/sqlalchemy/orm/session.py", line 4353, in flush
    self._flush(objects)
  File "/home/prince/.local/lib/python3.11/site-packages/sqlalchemy/orm/session.py", line 4488, in _flush
    with util.safe_reraise():
  File "/home/prince/.local/lib/python3.11/site-packages/sqlalchemy/util/langhelpers.py", line 146, in __exit__
    raise exc_value.with_traceback(exc_tb)
  File "/home/prince/.local/lib/python3.11/site-packages/sqlalchemy/orm/session.py", line 4449, in _flush
    flush_context.execute()
  File "/home/prince/.local/lib/python3.11/site-packages/sqlalchemy/orm/unitofwork.py", line 466, in execute
    rec.execute(self)
  File "/home/prince/.local/lib/python3.11/site-packages/sqlalchemy/orm/unitofwork.py", line 642, in execute
    util.preloaded.orm_persistence.save_obj(
  File "/home/prince/.local/lib/python3.11/site-packages/sqlalchemy/orm/persistence.py", line 93, in save_obj
    _emit_insert_statements(
  File "/home/prince/.local/lib/python3.11/site-packages/sqlalchemy/orm/persistence.py", line 1233, in _emit_insert_statements
    result = connection.execute(
             ^^^^^^^^^^^^^^^^^^^
  File "/home/prince/.local/lib/python3.11/site-packages/sqlalchemy/engine/base.py", line 1416, in execute
    return meth(
           ^^^^^
  File "/home/prince/.local/lib/python3.11/site-packages/sqlalchemy/sql/elements.py", line 516, in _execute_on_connection
    return connection._execute_clauseelement(
           ^^^^^^^^^^^^^^^^^^^^^^^^^^^^^^^^^^
  File "/home/prince/.local/lib/python3.11/site-packages/sqlalchemy/engine/base.py", line 1638, in _execute_clauseelement
    ret = self._execute_context(
          ^^^^^^^^^^^^^^^^^^^^^^
  File "/home/prince/.local/lib/python3.11/site-packages/sqlalchemy/engine/base.py", line 1843, in _execute_context
    return self._exec_single_context(
           ^^^^^^^^^^^^^^^^^^^^^^^^^^
  File "/home/prince/.local/lib/python3.11/site-packages/sqlalchemy/engine/base.py", line 1983, in _exec_single_context
    self._handle_dbapi_exception(
  File "/home/prince/.local/lib/python3.11/site-packages/sqlalchemy/engine/base.py", line 2352, in _handle_dbapi_exception
    raise sqlalchemy_exception.with_traceback(exc_info[2]) from e
  File "/home/prince/.local/lib/python3.11/site-packages/sqlalchemy/engine/base.py", line 1964, in _exec_single_context
    self.dialect.do_execute(
  File "/home/prince/.local/lib/python3.11/site-packages/sqlalchemy/engine/default.py", line 942, in do_execute
    cursor.execute(statement, parameters)
  File "/home/prince/.local/lib/python3.11/site-packages/pymysql/cursors.py", line 153, in execute
    result = self._query(query)
             ^^^^^^^^^^^^^^^^^^
  File "/home/prince/.local/lib/python3.11/site-packages/pymysql/cursors.py", line 322, in _query
    conn.query(q)
  File "/home/prince/.local/lib/python3.11/site-packages/pymysql/connections.py", line 563, in query
    self._affected_rows = self._read_query_result(unbuffered=unbuffered)
                          ^^^^^^^^^^^^^^^^^^^^^^^^^^^^^^^^^^^^^^^^^^^^^^
  File "/home/prince/.local/lib/python3.11/site-packages/pymysql/connections.py", line 825, in _read_query_result
    result.read()
  File "/home/prince/.local/lib/python3.11/site-packages/pymysql/connections.py", line 1199, in read
    first_packet = self.connection._read_packet()
                   ^^^^^^^^^^^^^^^^^^^^^^^^^^^^^^
  File "/home/prince/.local/lib/python3.11/site-packages/pymysql/connections.py", line 775, in _read_packet
    packet.raise_for_error()
  File "/home/prince/.local/lib/python3.11/site-packages/pymysql/protocol.py", line 219, in raise_for_error
    err.raise_mysql_exception(self._data)
  File "/home/prince/.local/lib/python3.11/site-packages/pymysql/err.py", line 150, in raise_mysql_exception
    raise errorclass(errno, errval)
sqlalchemy.exc.IntegrityError: (pymysql.err.IntegrityError) (1062, "Duplicate entry 'tranding-fashion' for key 'category_table.ix_category_table_category_name'")
[SQL: INSERT INTO category_table (category_name, category_description, is_deleted, created_at, modified_at) VALUES (%(category_name)s, %(category_description)s, %(is_deleted)s, %(created_at)s, %(modified_at)s)]
[parameters: {'category_name': 'tranding-fashion', 'category_description': 'trending fashion 20 centuries', 'is_deleted': 0, 'created_at': 1743655354, 'modified_at': 1743655354}]
(Background on this error at: https://sqlalche.me/e/20/gkpj)
2025-04-03 10:12:53,307 - category_controller.py - FastCRUD -  view_category_controller - INFO - Response for verify_member is {'status_code': 202, 'success': True, 'message': 'Data fetched successfully', 'data': [<base.vo.category_vo.CategoryVO object at 0x7dcbe5ed6250>, <base.vo.category_vo.CategoryVO object at 0x7dcbe5edc390>, <base.vo.category_vo.CategoryVO object at 0x7dcbe5edc650>, <base.vo.category_vo.CategoryVO object at 0x7dcbe5edcb10>, <base.vo.category_vo.CategoryVO object at 0x7dcbe5edde90>, <base.vo.category_vo.CategoryVO object at 0x7dcbe5ede010>, <base.vo.category_vo.CategoryVO object at 0x7dcbe5ede110>, <base.vo.category_vo.CategoryVO object at 0x7dcbe5ede150>, <base.vo.category_vo.CategoryVO object at 0x7dcbe5ede1d0>, <base.vo.category_vo.CategoryVO object at 0x7dcbe5eddf50>, <base.vo.category_vo.CategoryVO object at 0x7dcbe5ede290>]}

2025-04-03 10:16:53,109 - category_controller.py - FastCRUD -  view_category_controller - INFO - Response for verify_member is {'status_code': 202, 'success': True, 'message': 'Data fetched successfully', 'data': [<base.vo.category_vo.CategoryVO object at 0x7544be30bc50>, <base.vo.category_vo.CategoryVO object at 0x7544be30bcd0>, <base.vo.category_vo.CategoryVO object at 0x7544be30bd50>, <base.vo.category_vo.CategoryVO object at 0x7544be30bdd0>, <base.vo.category_vo.CategoryVO object at 0x7544be30be50>, <base.vo.category_vo.CategoryVO object at 0x7544be30bf10>, <base.vo.category_vo.CategoryVO object at 0x7544be30bf90>, <base.vo.category_vo.CategoryVO object at 0x7544be314050>, <base.vo.category_vo.CategoryVO object at 0x7544be314110>, <base.vo.category_vo.CategoryVO object at 0x7544be30bed0>, <base.vo.category_vo.CategoryVO object at 0x7544be3142d0>]}

2025-04-03 10:20:30,838 - category_controller.py - FastCRUD -  view_category_controller - INFO - Response for verify_member is {'status_code': 202, 'success': True, 'message': 'Data fetched successfully', 'data': [<base.vo.category_vo.CategoryVO object at 0x7544be3207d0>, <base.vo.category_vo.CategoryVO object at 0x7544be321690>, <base.vo.category_vo.CategoryVO object at 0x7544be321590>, <base.vo.category_vo.CategoryVO object at 0x7544be3217d0>, <base.vo.category_vo.CategoryVO object at 0x7544be321850>, <base.vo.category_vo.CategoryVO object at 0x7544be321910>, <base.vo.category_vo.CategoryVO object at 0x7544be321990>, <base.vo.category_vo.CategoryVO object at 0x7544be321a10>, <base.vo.category_vo.CategoryVO object at 0x7544be321a90>, <base.vo.category_vo.CategoryVO object at 0x7544be3218d0>, <base.vo.category_vo.CategoryVO object at 0x7544be321b50>]}

2025-04-03 10:21:11,599 - category_controller.py - FastCRUD -  view_category_controller - INFO - Response for verify_member is {'status_code': 202, 'success': True, 'message': 'Data fetched successfully', 'data': [<base.vo.category_vo.CategoryVO object at 0x7544be314a50>, <base.vo.category_vo.CategoryVO object at 0x7544be315010>, <base.vo.category_vo.CategoryVO object at 0x7544be328d10>, <base.vo.category_vo.CategoryVO object at 0x7544be328c50>, <base.vo.category_vo.CategoryVO object at 0x7544be328150>, <base.vo.category_vo.CategoryVO object at 0x7544be3280d0>, <base.vo.category_vo.CategoryVO object at 0x7544be3284d0>, <base.vo.category_vo.CategoryVO object at 0x7544be328050>, <base.vo.category_vo.CategoryVO object at 0x7544be328dd0>, <base.vo.category_vo.CategoryVO object at 0x7544be328c10>, <base.vo.category_vo.CategoryVO object at 0x7544be328110>]}

2025-04-03 10:24:32,547 - login_controller.py - FastCRUD -  user_login - ERROR - Login Error: type object 'LoginService' has no attribute 'login_user'

2025-04-03 10:26:57,798 - login_controller.py - FastCRUD -  user_login - ERROR - Login Error: type object 'LoginService' has no attribute 'login_user'

2025-04-03 10:27:07,756 - login_controller.py - FastCRUD -  user_login - ERROR - Login Error: type object 'LoginService' has no attribute 'login_user'

2025-04-03 10:28:07,148 - category_controller.py - FastCRUD -  view_category_controller - INFO - Response for verify_member is {'status_code': 202, 'success': True, 'message': 'Data fetched successfully', 'data': [<base.vo.category_vo.CategoryVO object at 0x7afcc4b16c90>, <base.vo.category_vo.CategoryVO object at 0x7afcc4b16d10>, <base.vo.category_vo.CategoryVO object at 0x7afcc4b16d90>, <base.vo.category_vo.CategoryVO object at 0x7afcc4b16e10>, <base.vo.category_vo.CategoryVO object at 0x7afcc4b16e90>, <base.vo.category_vo.CategoryVO object at 0x7afcc4b16f50>, <base.vo.category_vo.CategoryVO object at 0x7afcc4b16fd0>, <base.vo.category_vo.CategoryVO object at 0x7afcc4b17050>, <base.vo.category_vo.CategoryVO object at 0x7afcc4b17110>, <base.vo.category_vo.CategoryVO object at 0x7afcc4b16f10>, <base.vo.category_vo.CategoryVO object at 0x7afcc4b172d0>]}

2025-04-03 10:29:05,250 - category_controller.py - FastCRUD -  view_category_controller - INFO - Response for verify_member is {'status_code': 202, 'success': True, 'message': 'Data fetched successfully', 'data': [<base.vo.category_vo.CategoryVO object at 0x72f89b30bfd0>, <base.vo.category_vo.CategoryVO object at 0x72f89b310090>, <base.vo.category_vo.CategoryVO object at 0x72f89b310110>, <base.vo.category_vo.CategoryVO object at 0x72f89b310190>, <base.vo.category_vo.CategoryVO object at 0x72f89b310210>, <base.vo.category_vo.CategoryVO object at 0x72f89b3102d0>, <base.vo.category_vo.CategoryVO object at 0x72f89b310350>, <base.vo.category_vo.CategoryVO object at 0x72f89b3103d0>, <base.vo.category_vo.CategoryVO object at 0x72f89b310490>, <base.vo.category_vo.CategoryVO object at 0x72f89b310290>, <base.vo.category_vo.CategoryVO object at 0x72f89b310650>]}

2025-04-03 10:29:12,997 - category_controller.py - FastCRUD -  view_category_controller - INFO - Response for verify_member is {'status_code': 202, 'success': True, 'message': 'Data fetched successfully', 'data': [<base.vo.category_vo.CategoryVO object at 0x72f89b31c410>, <base.vo.category_vo.CategoryVO object at 0x72f89b31c490>, <base.vo.category_vo.CategoryVO object at 0x72f89b31c590>, <base.vo.category_vo.CategoryVO object at 0x72f89b31c690>, <base.vo.category_vo.CategoryVO object at 0x72f89b31c790>, <base.vo.category_vo.CategoryVO object at 0x72f89b31c8d0>, <base.vo.category_vo.CategoryVO object at 0x72f89b31c9d0>, <base.vo.category_vo.CategoryVO object at 0x72f89b31cad0>, <base.vo.category_vo.CategoryVO object at 0x72f89b31cbd0>, <base.vo.category_vo.CategoryVO object at 0x72f89b31c890>, <base.vo.category_vo.CategoryVO object at 0x72f89b31cd90>]}

2025-04-03 10:29:26,967 - category_controller.py - FastCRUD -  view_category_controller - INFO - Response for verify_member is {'status_code': 202, 'success': True, 'message': 'Data fetched successfully', 'data': [<base.vo.category_vo.CategoryVO object at 0x72f89b310790>, <base.vo.category_vo.CategoryVO object at 0x72f89b310210>, <base.vo.category_vo.CategoryVO object at 0x72f89b310110>, <base.vo.category_vo.CategoryVO object at 0x72f89b312390>, <base.vo.category_vo.CategoryVO object at 0x72f89b312f90>, <base.vo.category_vo.CategoryVO object at 0x72f89b313090>, <base.vo.category_vo.CategoryVO object at 0x72f89b313010>, <base.vo.category_vo.CategoryVO object at 0x72f89b3130d0>, <base.vo.category_vo.CategoryVO object at 0x72f89b313190>, <base.vo.category_vo.CategoryVO object at 0x72f89b312890>, <base.vo.category_vo.CategoryVO object at 0x72f89b313250>]}

2025-04-03 10:29:52,288 - category_controller.py - FastCRUD -  view_category_controller - INFO - Response for verify_member is {'status_code': 202, 'success': True, 'message': 'Data fetched successfully', 'data': [<base.vo.category_vo.CategoryVO object at 0x72f89b31f990>, <base.vo.category_vo.CategoryVO object at 0x72f89b31fa10>, <base.vo.category_vo.CategoryVO object at 0x72f89b31fa90>, <base.vo.category_vo.CategoryVO object at 0x72f89b31fb10>, <base.vo.category_vo.CategoryVO object at 0x72f89b31fb90>, <base.vo.category_vo.CategoryVO object at 0x72f89b31fc50>, <base.vo.category_vo.CategoryVO object at 0x72f89b31fcd0>, <base.vo.category_vo.CategoryVO object at 0x72f89b31fd50>, <base.vo.category_vo.CategoryVO object at 0x72f89b31fe50>, <base.vo.category_vo.CategoryVO object at 0x72f89b31fc10>, <base.vo.category_vo.CategoryVO object at 0x72f89b32c050>]}

2025-04-03 10:34:20,792 - category_controller.py - FastCRUD -  view_category_controller - INFO - Response for verify_member is {'status_code': 202, 'success': True, 'message': 'Data fetched successfully', 'data': [<base.vo.category_vo.CategoryVO object at 0x7dea28c7a6d0>, <base.vo.category_vo.CategoryVO object at 0x7dea28d13850>, <base.vo.category_vo.CategoryVO object at 0x7dea28d138d0>, <base.vo.category_vo.CategoryVO object at 0x7dea28d13950>, <base.vo.category_vo.CategoryVO object at 0x7dea28d139d0>, <base.vo.category_vo.CategoryVO object at 0x7dea28d13a90>, <base.vo.category_vo.CategoryVO object at 0x7dea28d13b10>, <base.vo.category_vo.CategoryVO object at 0x7dea28d13b90>, <base.vo.category_vo.CategoryVO object at 0x7dea28d13c50>, <base.vo.category_vo.CategoryVO object at 0x7dea28d13a50>, <base.vo.category_vo.CategoryVO object at 0x7dea28d13e10>]}

2025-04-03 10:56:21,985 - category_controller.py - FastCRUD -  view_category_controller - INFO - Response for verify_member is {'status_code': 202, 'success': True, 'message': 'Data fetched successfully', 'data': [<base.vo.category_vo.CategoryVO object at 0x7dea28300290>, <base.vo.category_vo.CategoryVO object at 0x7dea283001d0>, <base.vo.category_vo.CategoryVO object at 0x7dea28300310>, <base.vo.category_vo.CategoryVO object at 0x7dea28300410>, <base.vo.category_vo.CategoryVO object at 0x7dea28300390>, <base.vo.category_vo.CategoryVO object at 0x7dea28300450>, <base.vo.category_vo.CategoryVO object at 0x7dea28300550>, <base.vo.category_vo.CategoryVO object at 0x7dea28300710>, <base.vo.category_vo.CategoryVO object at 0x7dea28300690>, <base.vo.category_vo.CategoryVO object at 0x7dea28300490>, <base.vo.category_vo.CategoryVO object at 0x7dea28300050>]}

2025-04-03 10:56:41,214 - category_controller.py - FastCRUD -  view_category_controller - INFO - Response for verify_member is {'status_code': 202, 'success': True, 'message': 'Data fetched successfully', 'data': [<base.vo.category_vo.CategoryVO object at 0x7dea283032d0>, <base.vo.category_vo.CategoryVO object at 0x7dea28303350>, <base.vo.category_vo.CategoryVO object at 0x7dea28303450>, <base.vo.category_vo.CategoryVO object at 0x7dea28303550>, <base.vo.category_vo.CategoryVO object at 0x7dea28303650>, <base.vo.category_vo.CategoryVO object at 0x7dea28303790>, <base.vo.category_vo.CategoryVO object at 0x7dea28303890>, <base.vo.category_vo.CategoryVO object at 0x7dea28303990>, <base.vo.category_vo.CategoryVO object at 0x7dea28303a90>, <base.vo.category_vo.CategoryVO object at 0x7dea28303750>, <base.vo.category_vo.CategoryVO object at 0x7dea28303c50>]}

2025-04-03 10:57:49,973 - category_controller.py - FastCRUD -  view_category_controller - INFO - Response for verify_member is {'status_code': 202, 'success': True, 'message': 'Data fetched successfully', 'data': [<base.vo.category_vo.CategoryVO object at 0x7dea28303810>, <base.vo.category_vo.CategoryVO object at 0x7dea283036d0>, <base.vo.category_vo.CategoryVO object at 0x7dea283035d0>, <base.vo.category_vo.CategoryVO object at 0x7dea283034d0>, <base.vo.category_vo.CategoryVO object at 0x7dea283033d0>, <base.vo.category_vo.CategoryVO object at 0x7dea28301590>, <base.vo.category_vo.CategoryVO object at 0x7dea28301390>, <base.vo.category_vo.CategoryVO object at 0x7dea28301310>, <base.vo.category_vo.CategoryVO object at 0x7dea28301290>, <base.vo.category_vo.CategoryVO object at 0x7dea28302f10>, <base.vo.category_vo.CategoryVO object at 0x7dea283011d0>]}

2025-04-03 10:58:26,610 - category_controller.py - FastCRUD -  view_category_controller - INFO - Response for verify_member is {'status_code': 202, 'success': True, 'message': 'Data fetched successfully', 'data': [<base.vo.category_vo.CategoryVO object at 0x7dea28d18a90>, <base.vo.category_vo.CategoryVO object at 0x7dea28d18850>, <base.vo.category_vo.CategoryVO object at 0x7dea28d18a50>, <base.vo.category_vo.CategoryVO object at 0x7dea28d19450>, <base.vo.category_vo.CategoryVO object at 0x7dea28d1b5d0>, <base.vo.category_vo.CategoryVO object at 0x7dea28d19090>, <base.vo.category_vo.CategoryVO object at 0x7dea28d19310>, <base.vo.category_vo.CategoryVO object at 0x7dea28d187d0>, <base.vo.category_vo.CategoryVO object at 0x7dea28d1a450>, <base.vo.category_vo.CategoryVO object at 0x7dea28d192d0>, <base.vo.category_vo.CategoryVO object at 0x7dea28d1b010>]}

2025-04-03 12:53:08,722 - category_controller.py - FastCRUD -  view_category_controller - INFO - Response for verify_member is {'status_code': 202, 'success': True, 'message': 'Data fetched successfully', 'data': [<base.vo.category_vo.CategoryVO object at 0x7dea28d1a390>, <base.vo.category_vo.CategoryVO object at 0x7dea28d18d50>, <base.vo.category_vo.CategoryVO object at 0x7dea28d18b50>, <base.vo.category_vo.CategoryVO object at 0x7dea28d19e50>, <base.vo.category_vo.CategoryVO object at 0x7dea28d19390>, <base.vo.category_vo.CategoryVO object at 0x7dea28d18810>, <base.vo.category_vo.CategoryVO object at 0x7dea28d19d50>, <base.vo.category_vo.CategoryVO object at 0x7dea28d1bf10>, <base.vo.category_vo.CategoryVO object at 0x7dea28d18f50>, <base.vo.category_vo.CategoryVO object at 0x7dea28d1a110>, <base.vo.category_vo.CategoryVO object at 0x7dea28d1bed0>]}

2025-04-03 12:53:18,163 - category_controller.py - FastCRUD -  view_category_controller - INFO - Response for verify_member is {'status_code': 202, 'success': True, 'message': 'Data fetched successfully', 'data': [<base.vo.category_vo.CategoryVO object at 0x7dea29007c90>, <base.vo.category_vo.CategoryVO object at 0x7dea29006a90>, <base.vo.category_vo.CategoryVO object at 0x7dea29007810>, <base.vo.category_vo.CategoryVO object at 0x7dea28c7a910>, <base.vo.category_vo.CategoryVO object at 0x7dea28c7a8d0>, <base.vo.category_vo.CategoryVO object at 0x7dea28c79890>, <base.vo.category_vo.CategoryVO object at 0x7dea28c7ae10>, <base.vo.category_vo.CategoryVO object at 0x7dea28c7b010>, <base.vo.category_vo.CategoryVO object at 0x7dea28d12450>, <base.vo.category_vo.CategoryVO object at 0x7dea28c7ab90>, <base.vo.category_vo.CategoryVO object at 0x7dea28d02fd0>]}

2025-04-03 12:53:34,305 - category_controller.py - FastCRUD -  view_category_controller - INFO - Response for verify_member is {'status_code': 202, 'success': True, 'message': 'Data fetched successfully', 'data': [<base.vo.category_vo.CategoryVO object at 0x7dea283001d0>, <base.vo.category_vo.CategoryVO object at 0x7dea28300690>, <base.vo.category_vo.CategoryVO object at 0x7dea283018d0>, <base.vo.category_vo.CategoryVO object at 0x7dea28300710>, <base.vo.category_vo.CategoryVO object at 0x7dea28300cd0>, <base.vo.category_vo.CategoryVO object at 0x7dea28302fd0>, <base.vo.category_vo.CategoryVO object at 0x7dea28302b90>, <base.vo.category_vo.CategoryVO object at 0x7dea28301610>, <base.vo.category_vo.CategoryVO object at 0x7dea28300590>, <base.vo.category_vo.CategoryVO object at 0x7dea28303dd0>, <base.vo.category_vo.CategoryVO object at 0x7dea283006d0>]}

2025-04-03 21:04:31,731 - category_controller.py - FastCRUD -  view_category_controller - INFO - Response for verify_member is {'status_code': 202, 'success': True, 'message': 'Data fetched successfully', 'data': [<base.vo.category_vo.CategoryVO object at 0x7b0af17be4d0>, <base.vo.category_vo.CategoryVO object at 0x7b0af1bced90>, <base.vo.category_vo.CategoryVO object at 0x7b0af17be590>, <base.vo.category_vo.CategoryVO object at 0x7b0af17be610>, <base.vo.category_vo.CategoryVO object at 0x7b0af17be690>, <base.vo.category_vo.CategoryVO object at 0x7b0af17be750>, <base.vo.category_vo.CategoryVO object at 0x7b0af17be7d0>, <base.vo.category_vo.CategoryVO object at 0x7b0af17be850>, <base.vo.category_vo.CategoryVO object at 0x7b0af17be910>, <base.vo.category_vo.CategoryVO object at 0x7b0af17be710>, <base.vo.category_vo.CategoryVO object at 0x7b0af17bead0>]}

2025-04-03 21:04:50,689 - category_controller.py - FastCRUD -  view_category_controller - INFO - Response for verify_member is {'status_code': 202, 'success': True, 'message': 'Data fetched successfully', 'data': [<base.vo.category_vo.CategoryVO object at 0x7b0af17c8a50>, <base.vo.category_vo.CategoryVO object at 0x7b0af17c8ad0>, <base.vo.category_vo.CategoryVO object at 0x7b0af17c8b50>, <base.vo.category_vo.CategoryVO object at 0x7b0af17c8bd0>, <base.vo.category_vo.CategoryVO object at 0x7b0af17c8c50>, <base.vo.category_vo.CategoryVO object at 0x7b0af17c8d10>, <base.vo.category_vo.CategoryVO object at 0x7b0af17c8d90>, <base.vo.category_vo.CategoryVO object at 0x7b0af17c8e10>, <base.vo.category_vo.CategoryVO object at 0x7b0af17c8e90>, <base.vo.category_vo.CategoryVO object at 0x7b0af17c8cd0>, <base.vo.category_vo.CategoryVO object at 0x7b0af17c8f50>]}

2025-04-03 21:18:45,044 - category_controller.py - FastCRUD -  insert_category_controller - INFO - Attempting to insert new category: tranding-fashions

2025-04-03 21:18:45,059 - category_service.py - FastCRUD -  insert_category_service - INFO - Category inserted successfully: tranding-fashions

2025-04-03 21:19:26,676 - category_controller.py - FastCRUD -  insert_category_controller - INFO - Attempting to insert new category: tranding-fashions

2025-04-03 21:19:26,684 - category_service.py - FastCRUD -  insert_category_service - ERROR - Error inserting category
Traceback (most recent call last):
  File "/home/prince/PycharmProjects/FastApiProjects/FastCRUD/base/service/login/login_service.py", line 138, in wrapper
    decoded_data = jwt.decode(token, Constant.SECRET_KEY,
                   ^^^^^^^^^^^^^^^^^^^^^^^^^^^^^^^^^^^^^^
  File "/home/prince/anaconda3/envs/DjangoProject/lib/python3.11/site-packages/jwt/api_jwt.py", line 210, in decode
    decoded = self.decode_complete(
              ^^^^^^^^^^^^^^^^^^^^^
  File "/home/prince/anaconda3/envs/DjangoProject/lib/python3.11/site-packages/jwt/api_jwt.py", line 162, in decode_complete
    self._validate_claims(
  File "/home/prince/anaconda3/envs/DjangoProject/lib/python3.11/site-packages/jwt/api_jwt.py", line 248, in _validate_claims
    self._validate_exp(payload, now, leeway)
  File "/home/prince/anaconda3/envs/DjangoProject/lib/python3.11/site-packages/jwt/api_jwt.py", line 306, in _validate_exp
    raise ExpiredSignatureError("Signature has expired")
jwt.exceptions.ExpiredSignatureError: Signature has expired

During handling of the above exception, another exception occurred:

Traceback (most recent call last):
  File "/home/prince/.local/lib/python3.11/site-packages/sqlalchemy/engine/base.py", line 1964, in _exec_single_context
    self.dialect.do_execute(
  File "/home/prince/.local/lib/python3.11/site-packages/sqlalchemy/engine/default.py", line 942, in do_execute
    cursor.execute(statement, parameters)
  File "/home/prince/.local/lib/python3.11/site-packages/pymysql/cursors.py", line 153, in execute
    result = self._query(query)
             ^^^^^^^^^^^^^^^^^^
  File "/home/prince/.local/lib/python3.11/site-packages/pymysql/cursors.py", line 322, in _query
    conn.query(q)
  File "/home/prince/.local/lib/python3.11/site-packages/pymysql/connections.py", line 563, in query
    self._affected_rows = self._read_query_result(unbuffered=unbuffered)
                          ^^^^^^^^^^^^^^^^^^^^^^^^^^^^^^^^^^^^^^^^^^^^^^
  File "/home/prince/.local/lib/python3.11/site-packages/pymysql/connections.py", line 825, in _read_query_result
    result.read()
  File "/home/prince/.local/lib/python3.11/site-packages/pymysql/connections.py", line 1199, in read
    first_packet = self.connection._read_packet()
                   ^^^^^^^^^^^^^^^^^^^^^^^^^^^^^^
  File "/home/prince/.local/lib/python3.11/site-packages/pymysql/connections.py", line 775, in _read_packet
    packet.raise_for_error()
  File "/home/prince/.local/lib/python3.11/site-packages/pymysql/protocol.py", line 219, in raise_for_error
    err.raise_mysql_exception(self._data)
  File "/home/prince/.local/lib/python3.11/site-packages/pymysql/err.py", line 150, in raise_mysql_exception
    raise errorclass(errno, errval)
pymysql.err.IntegrityError: (1062, "Duplicate entry 'tranding-fashions' for key 'category_table.ix_category_table_category_name'")

The above exception was the direct cause of the following exception:

Traceback (most recent call last):
  File "/home/prince/PycharmProjects/FastApiProjects/FastCRUD/base/service/category/category_service.py", line 21, in insert_category_service
    category_insert_data = CategoryDAO.insert_category_dao(category_vo)
                           ^^^^^^^^^^^^^^^^^^^^^^^^^^^^^^^^^^^^^^^^^^^^
  File "/home/prince/PycharmProjects/FastApiProjects/FastCRUD/base/dao/category/category_dao.py", line 9, in insert_category_dao
    category_data = MysqlCommonQuery.insert_query(category_vo)
                    ^^^^^^^^^^^^^^^^^^^^^^^^^^^^^^^^^^^^^^^^^^
  File "/home/prince/PycharmProjects/FastApiProjects/FastCRUD/base/client/mysql_common/mysql_common_query.py", line 15, in insert_query
    session.commit()
  File "/home/prince/.local/lib/python3.11/site-packages/sqlalchemy/orm/session.py", line 2032, in commit
    trans.commit(_to_root=True)
  File "<string>", line 2, in commit
  File "/home/prince/.local/lib/python3.11/site-packages/sqlalchemy/orm/state_changes.py", line 139, in _go
    ret_value = fn(self, *arg, **kw)
                ^^^^^^^^^^^^^^^^^^^^
  File "/home/prince/.local/lib/python3.11/site-packages/sqlalchemy/orm/session.py", line 1313, in commit
    self._prepare_impl()
  File "<string>", line 2, in _prepare_impl
  File "/home/prince/.local/lib/python3.11/site-packages/sqlalchemy/orm/state_changes.py", line 139, in _go
    ret_value = fn(self, *arg, **kw)
                ^^^^^^^^^^^^^^^^^^^^
  File "/home/prince/.local/lib/python3.11/site-packages/sqlalchemy/orm/session.py", line 1288, in _prepare_impl
    self.session.flush()
  File "/home/prince/.local/lib/python3.11/site-packages/sqlalchemy/orm/session.py", line 4353, in flush
    self._flush(objects)
  File "/home/prince/.local/lib/python3.11/site-packages/sqlalchemy/orm/session.py", line 4488, in _flush
    with util.safe_reraise():
  File "/home/prince/.local/lib/python3.11/site-packages/sqlalchemy/util/langhelpers.py", line 146, in __exit__
    raise exc_value.with_traceback(exc_tb)
  File "/home/prince/.local/lib/python3.11/site-packages/sqlalchemy/orm/session.py", line 4449, in _flush
    flush_context.execute()
  File "/home/prince/.local/lib/python3.11/site-packages/sqlalchemy/orm/unitofwork.py", line 466, in execute
    rec.execute(self)
  File "/home/prince/.local/lib/python3.11/site-packages/sqlalchemy/orm/unitofwork.py", line 642, in execute
    util.preloaded.orm_persistence.save_obj(
  File "/home/prince/.local/lib/python3.11/site-packages/sqlalchemy/orm/persistence.py", line 93, in save_obj
    _emit_insert_statements(
  File "/home/prince/.local/lib/python3.11/site-packages/sqlalchemy/orm/persistence.py", line 1233, in _emit_insert_statements
    result = connection.execute(
             ^^^^^^^^^^^^^^^^^^^
  File "/home/prince/.local/lib/python3.11/site-packages/sqlalchemy/engine/base.py", line 1416, in execute
    return meth(
           ^^^^^
  File "/home/prince/.local/lib/python3.11/site-packages/sqlalchemy/sql/elements.py", line 516, in _execute_on_connection
    return connection._execute_clauseelement(
           ^^^^^^^^^^^^^^^^^^^^^^^^^^^^^^^^^^
  File "/home/prince/.local/lib/python3.11/site-packages/sqlalchemy/engine/base.py", line 1638, in _execute_clauseelement
    ret = self._execute_context(
          ^^^^^^^^^^^^^^^^^^^^^^
  File "/home/prince/.local/lib/python3.11/site-packages/sqlalchemy/engine/base.py", line 1843, in _execute_context
    return self._exec_single_context(
           ^^^^^^^^^^^^^^^^^^^^^^^^^^
  File "/home/prince/.local/lib/python3.11/site-packages/sqlalchemy/engine/base.py", line 1983, in _exec_single_context
    self._handle_dbapi_exception(
  File "/home/prince/.local/lib/python3.11/site-packages/sqlalchemy/engine/base.py", line 2352, in _handle_dbapi_exception
    raise sqlalchemy_exception.with_traceback(exc_info[2]) from e
  File "/home/prince/.local/lib/python3.11/site-packages/sqlalchemy/engine/base.py", line 1964, in _exec_single_context
    self.dialect.do_execute(
  File "/home/prince/.local/lib/python3.11/site-packages/sqlalchemy/engine/default.py", line 942, in do_execute
    cursor.execute(statement, parameters)
  File "/home/prince/.local/lib/python3.11/site-packages/pymysql/cursors.py", line 153, in execute
    result = self._query(query)
             ^^^^^^^^^^^^^^^^^^
  File "/home/prince/.local/lib/python3.11/site-packages/pymysql/cursors.py", line 322, in _query
    conn.query(q)
  File "/home/prince/.local/lib/python3.11/site-packages/pymysql/connections.py", line 563, in query
    self._affected_rows = self._read_query_result(unbuffered=unbuffered)
                          ^^^^^^^^^^^^^^^^^^^^^^^^^^^^^^^^^^^^^^^^^^^^^^
  File "/home/prince/.local/lib/python3.11/site-packages/pymysql/connections.py", line 825, in _read_query_result
    result.read()
  File "/home/prince/.local/lib/python3.11/site-packages/pymysql/connections.py", line 1199, in read
    first_packet = self.connection._read_packet()
                   ^^^^^^^^^^^^^^^^^^^^^^^^^^^^^^
  File "/home/prince/.local/lib/python3.11/site-packages/pymysql/connections.py", line 775, in _read_packet
    packet.raise_for_error()
  File "/home/prince/.local/lib/python3.11/site-packages/pymysql/protocol.py", line 219, in raise_for_error
    err.raise_mysql_exception(self._data)
  File "/home/prince/.local/lib/python3.11/site-packages/pymysql/err.py", line 150, in raise_mysql_exception
    raise errorclass(errno, errval)
sqlalchemy.exc.IntegrityError: (pymysql.err.IntegrityError) (1062, "Duplicate entry 'tranding-fashions' for key 'category_table.ix_category_table_category_name'")
[SQL: INSERT INTO category_table (category_name, category_description, is_deleted, created_at, modified_at) VALUES (%(category_name)s, %(category_description)s, %(is_deleted)s, %(created_at)s, %(modified_at)s)]
[parameters: {'category_name': 'tranding-fashions', 'category_description': 'trending fashion 20 centuries', 'is_deleted': 0, 'created_at': 1743695366, 'modified_at': 1743695366}]
(Background on this error at: https://sqlalche.me/e/20/gkpj)
2025-04-03 21:19:34,353 - category_controller.py - FastCRUD -  insert_category_controller - INFO - Attempting to insert new category: tranding-fashionss

2025-04-03 21:19:34,369 - category_service.py - FastCRUD -  insert_category_service - INFO - Category inserted successfully: tranding-fashionss

2025-04-03 21:24:13,381 - category_controller.py - FastCRUD -  insert_category_controller - INFO - Attempting to insert new category: tranding-fashionsss

2025-04-03 21:24:13,412 - category_service.py - FastCRUD -  insert_category_service - INFO - Category inserted successfully: tranding-fashionsss

2025-04-03 21:26:40,335 - category_controller.py - FastCRUD -  insert_category_controller - INFO - Attempting to insert new category: tranding-fashionssss

2025-04-03 21:26:40,363 - category_service.py - FastCRUD -  insert_category_service - INFO - Category inserted successfully: tranding-fashionssss

2025-04-03 21:33:07,244 - category_controller.py - FastCRUD -  insert_category_controller - INFO - Attempting to insert new category: tranding-fashionssss

2025-04-03 21:33:07,270 - category_service.py - FastCRUD -  insert_category_service - ERROR - Error inserting category
Traceback (most recent call last):
  File "/home/prince/PycharmProjects/FastApiProjects/FastCRUD/base/service/login/login_service.py", line 138, in wrapper
    decoded_data = jwt.decode(token, Constant.SECRET_KEY,
                   ^^^^^^^^^^^^^^^^^^^^^^^^^^^^^^^^^^^^^^
  File "/home/prince/anaconda3/envs/DjangoProject/lib/python3.11/site-packages/jwt/api_jwt.py", line 210, in decode
    decoded = self.decode_complete(
              ^^^^^^^^^^^^^^^^^^^^^
  File "/home/prince/anaconda3/envs/DjangoProject/lib/python3.11/site-packages/jwt/api_jwt.py", line 162, in decode_complete
    self._validate_claims(
  File "/home/prince/anaconda3/envs/DjangoProject/lib/python3.11/site-packages/jwt/api_jwt.py", line 248, in _validate_claims
    self._validate_exp(payload, now, leeway)
  File "/home/prince/anaconda3/envs/DjangoProject/lib/python3.11/site-packages/jwt/api_jwt.py", line 306, in _validate_exp
    raise ExpiredSignatureError("Signature has expired")
jwt.exceptions.ExpiredSignatureError: Signature has expired

During handling of the above exception, another exception occurred:

Traceback (most recent call last):
  File "/home/prince/.local/lib/python3.11/site-packages/sqlalchemy/engine/base.py", line 1964, in _exec_single_context
    self.dialect.do_execute(
  File "/home/prince/.local/lib/python3.11/site-packages/sqlalchemy/engine/default.py", line 942, in do_execute
    cursor.execute(statement, parameters)
  File "/home/prince/.local/lib/python3.11/site-packages/pymysql/cursors.py", line 153, in execute
    result = self._query(query)
             ^^^^^^^^^^^^^^^^^^
  File "/home/prince/.local/lib/python3.11/site-packages/pymysql/cursors.py", line 322, in _query
    conn.query(q)
  File "/home/prince/.local/lib/python3.11/site-packages/pymysql/connections.py", line 563, in query
    self._affected_rows = self._read_query_result(unbuffered=unbuffered)
                          ^^^^^^^^^^^^^^^^^^^^^^^^^^^^^^^^^^^^^^^^^^^^^^
  File "/home/prince/.local/lib/python3.11/site-packages/pymysql/connections.py", line 825, in _read_query_result
    result.read()
  File "/home/prince/.local/lib/python3.11/site-packages/pymysql/connections.py", line 1199, in read
    first_packet = self.connection._read_packet()
                   ^^^^^^^^^^^^^^^^^^^^^^^^^^^^^^
  File "/home/prince/.local/lib/python3.11/site-packages/pymysql/connections.py", line 775, in _read_packet
    packet.raise_for_error()
  File "/home/prince/.local/lib/python3.11/site-packages/pymysql/protocol.py", line 219, in raise_for_error
    err.raise_mysql_exception(self._data)
  File "/home/prince/.local/lib/python3.11/site-packages/pymysql/err.py", line 150, in raise_mysql_exception
    raise errorclass(errno, errval)
pymysql.err.IntegrityError: (1062, "Duplicate entry 'tranding-fashionssss' for key 'category_table.ix_category_table_category_name'")

The above exception was the direct cause of the following exception:

Traceback (most recent call last):
  File "/home/prince/PycharmProjects/FastApiProjects/FastCRUD/base/service/category/category_service.py", line 21, in insert_category_service
    category_insert_data = CategoryDAO.insert_category_dao(category_vo)
                           ^^^^^^^^^^^^^^^^^^^^^^^^^^^^^^^^^^^^^^^^^^^^
  File "/home/prince/PycharmProjects/FastApiProjects/FastCRUD/base/dao/category/category_dao.py", line 9, in insert_category_dao
    category_data = MysqlCommonQuery.insert_query(category_vo)
                    ^^^^^^^^^^^^^^^^^^^^^^^^^^^^^^^^^^^^^^^^^^
  File "/home/prince/PycharmProjects/FastApiProjects/FastCRUD/base/client/mysql_common/mysql_common_query.py", line 15, in insert_query
    session.commit()
  File "/home/prince/.local/lib/python3.11/site-packages/sqlalchemy/orm/session.py", line 2032, in commit
    trans.commit(_to_root=True)
  File "<string>", line 2, in commit
  File "/home/prince/.local/lib/python3.11/site-packages/sqlalchemy/orm/state_changes.py", line 139, in _go
    ret_value = fn(self, *arg, **kw)
                ^^^^^^^^^^^^^^^^^^^^
  File "/home/prince/.local/lib/python3.11/site-packages/sqlalchemy/orm/session.py", line 1313, in commit
    self._prepare_impl()
  File "<string>", line 2, in _prepare_impl
  File "/home/prince/.local/lib/python3.11/site-packages/sqlalchemy/orm/state_changes.py", line 139, in _go
    ret_value = fn(self, *arg, **kw)
                ^^^^^^^^^^^^^^^^^^^^
  File "/home/prince/.local/lib/python3.11/site-packages/sqlalchemy/orm/session.py", line 1288, in _prepare_impl
    self.session.flush()
  File "/home/prince/.local/lib/python3.11/site-packages/sqlalchemy/orm/session.py", line 4353, in flush
    self._flush(objects)
  File "/home/prince/.local/lib/python3.11/site-packages/sqlalchemy/orm/session.py", line 4488, in _flush
    with util.safe_reraise():
  File "/home/prince/.local/lib/python3.11/site-packages/sqlalchemy/util/langhelpers.py", line 146, in __exit__
    raise exc_value.with_traceback(exc_tb)
  File "/home/prince/.local/lib/python3.11/site-packages/sqlalchemy/orm/session.py", line 4449, in _flush
    flush_context.execute()
  File "/home/prince/.local/lib/python3.11/site-packages/sqlalchemy/orm/unitofwork.py", line 466, in execute
    rec.execute(self)
  File "/home/prince/.local/lib/python3.11/site-packages/sqlalchemy/orm/unitofwork.py", line 642, in execute
    util.preloaded.orm_persistence.save_obj(
  File "/home/prince/.local/lib/python3.11/site-packages/sqlalchemy/orm/persistence.py", line 93, in save_obj
    _emit_insert_statements(
  File "/home/prince/.local/lib/python3.11/site-packages/sqlalchemy/orm/persistence.py", line 1233, in _emit_insert_statements
    result = connection.execute(
             ^^^^^^^^^^^^^^^^^^^
  File "/home/prince/.local/lib/python3.11/site-packages/sqlalchemy/engine/base.py", line 1416, in execute
    return meth(
           ^^^^^
  File "/home/prince/.local/lib/python3.11/site-packages/sqlalchemy/sql/elements.py", line 516, in _execute_on_connection
    return connection._execute_clauseelement(
           ^^^^^^^^^^^^^^^^^^^^^^^^^^^^^^^^^^
  File "/home/prince/.local/lib/python3.11/site-packages/sqlalchemy/engine/base.py", line 1638, in _execute_clauseelement
    ret = self._execute_context(
          ^^^^^^^^^^^^^^^^^^^^^^
  File "/home/prince/.local/lib/python3.11/site-packages/sqlalchemy/engine/base.py", line 1843, in _execute_context
    return self._exec_single_context(
           ^^^^^^^^^^^^^^^^^^^^^^^^^^
  File "/home/prince/.local/lib/python3.11/site-packages/sqlalchemy/engine/base.py", line 1983, in _exec_single_context
    self._handle_dbapi_exception(
  File "/home/prince/.local/lib/python3.11/site-packages/sqlalchemy/engine/base.py", line 2352, in _handle_dbapi_exception
    raise sqlalchemy_exception.with_traceback(exc_info[2]) from e
  File "/home/prince/.local/lib/python3.11/site-packages/sqlalchemy/engine/base.py", line 1964, in _exec_single_context
    self.dialect.do_execute(
  File "/home/prince/.local/lib/python3.11/site-packages/sqlalchemy/engine/default.py", line 942, in do_execute
    cursor.execute(statement, parameters)
  File "/home/prince/.local/lib/python3.11/site-packages/pymysql/cursors.py", line 153, in execute
    result = self._query(query)
             ^^^^^^^^^^^^^^^^^^
  File "/home/prince/.local/lib/python3.11/site-packages/pymysql/cursors.py", line 322, in _query
    conn.query(q)
  File "/home/prince/.local/lib/python3.11/site-packages/pymysql/connections.py", line 563, in query
    self._affected_rows = self._read_query_result(unbuffered=unbuffered)
                          ^^^^^^^^^^^^^^^^^^^^^^^^^^^^^^^^^^^^^^^^^^^^^^
  File "/home/prince/.local/lib/python3.11/site-packages/pymysql/connections.py", line 825, in _read_query_result
    result.read()
  File "/home/prince/.local/lib/python3.11/site-packages/pymysql/connections.py", line 1199, in read
    first_packet = self.connection._read_packet()
                   ^^^^^^^^^^^^^^^^^^^^^^^^^^^^^^
  File "/home/prince/.local/lib/python3.11/site-packages/pymysql/connections.py", line 775, in _read_packet
    packet.raise_for_error()
  File "/home/prince/.local/lib/python3.11/site-packages/pymysql/protocol.py", line 219, in raise_for_error
    err.raise_mysql_exception(self._data)
  File "/home/prince/.local/lib/python3.11/site-packages/pymysql/err.py", line 150, in raise_mysql_exception
    raise errorclass(errno, errval)
sqlalchemy.exc.IntegrityError: (pymysql.err.IntegrityError) (1062, "Duplicate entry 'tranding-fashionssss' for key 'category_table.ix_category_table_category_name'")
[SQL: INSERT INTO category_table (category_name, category_description, is_deleted, created_at, modified_at) VALUES (%(category_name)s, %(category_description)s, %(is_deleted)s, %(created_at)s, %(modified_at)s)]
[parameters: {'category_name': 'tranding-fashionssss', 'category_description': 'trending fashion 20 centuries', 'is_deleted': 0, 'created_at': 1743696187, 'modified_at': 1743696187}]
(Background on this error at: https://sqlalche.me/e/20/gkpj)
2025-04-03 21:33:16,449 - category_controller.py - FastCRUD -  insert_category_controller - INFO - Attempting to insert new category: tranding-fashionssssa

2025-04-03 21:33:16,464 - category_service.py - FastCRUD -  insert_category_service - INFO - Category inserted successfully: tranding-fashionssssa

2025-04-03 21:34:02,711 - category_controller.py - FastCRUD -  insert_category_controller - INFO - Attempting to insert new category: tranding-fashionn

2025-04-03 21:34:02,739 - category_service.py - FastCRUD -  insert_category_service - INFO - Category inserted successfully: tranding-fashionn

2025-04-03 21:41:31,658 - category_controller.py - FastCRUD -  get_category_by_id_controller - INFO - Fetching category details for ID: 32

2025-04-03 21:47:38,430 - category_service.py - FastCRUD -  update_category_service - ERROR - Error updating category with ID 234
Traceback (most recent call last):
  File "/home/prince/PycharmProjects/FastApiProjects/FastCRUD/base/service/category/category_service.py", line 124, in update_category_service
    existing_category = CategoryDAO.get_category_by_id(
                        ^^^^^^^^^^^^^^^^^^^^^^^^^^^^^^
AttributeError: type object 'CategoryDAO' has no attribute 'get_category_by_id'
2025-04-03 21:53:27,231 - category_controller.py - FastCRUD -  update_category_controller - INFO - Response for update_category is {'status_code': 404, 'success': False, 'message': 'Data not found', 'data': {}}

2025-04-03 21:56:30,357 - subcategory_service.py - FastCRUD -  insert_subcategory_service - INFO - Subcategory inserted successfully: artificiala intelligence

2025-04-03 21:59:07,967 - subcategory_service.py - FastCRUD -  delete_subcategory_service - INFO - Subcategory deleted: ID 7

2025-04-03 22:01:47,954 - subcategory_service.py - FastCRUD -  get_subcategory_by_id_service - ERROR - Error retrieving subcategory with ID 7
Traceback (most recent call last):
  File "/home/prince/PycharmProjects/FastApiProjects/FastCRUD/base/service/subcategory/subcategory_service.py", line 101, in get_subcategory_by_id_service
    get_subcategory_detail = SubcategoryDAO.get_subcategory_by_id_dao(id)
                             ^^^^^^^^^^^^^^^^^^^^^^^^^^^^^^^^^^^^^^^^^^^^
  File "/home/prince/PycharmProjects/FastApiProjects/FastCRUD/base/dao/subcategory/subcategory_dao.py", line 28, in get_subcategory_by_id_dao
    if subcategory_data.subcategory_category_id == 1:
       ^^^^^^^^^^^^^^^^^^^^^^^^^^^^^^^^^^^^^^^^
AttributeError: 'NoneType' object has no attribute 'subcategory_category_id'
2025-04-03 22:02:03,395 - subcategory_service.py - FastCRUD -  get_subcategory_by_id_service - ERROR - Error retrieving subcategory with ID 7
Traceback (most recent call last):
  File "/home/prince/PycharmProjects/FastApiProjects/FastCRUD/base/service/subcategory/subcategory_service.py", line 101, in get_subcategory_by_id_service
    get_subcategory_detail = SubcategoryDAO.get_subcategory_by_id_dao(id)
                             ^^^^^^^^^^^^^^^^^^^^^^^^^^^^^^^^^^^^^^^^^^^^
  File "/home/prince/PycharmProjects/FastApiProjects/FastCRUD/base/dao/subcategory/subcategory_dao.py", line 28, in get_subcategory_by_id_dao
    if subcategory_data.subcategory_category_id == 1:
       ^^^^^^^^^^^^^^^^^^^^^^^^^^^^^^^^^^^^^^^^
AttributeError: 'NoneType' object has no attribute 'subcategory_category_id'
2025-04-03 22:03:03,770 - subcategory_service.py - FastCRUD -  get_subcategory_by_id_service - ERROR - Error retrieving subcategory with ID 7
Traceback (most recent call last):
  File "/home/prince/PycharmProjects/FastApiProjects/FastCRUD/base/service/subcategory/subcategory_service.py", line 101, in get_subcategory_by_id_service
    get_subcategory_detail = SubcategoryDAO.get_subcategory_by_id_dao(id)
                             ^^^^^^^^^^^^^^^^^^^^^^^^^^^^^^^^^^^^^^^^^^^^
  File "/home/prince/PycharmProjects/FastApiProjects/FastCRUD/base/dao/subcategory/subcategory_dao.py", line 28, in get_subcategory_by_id_dao
    if subcategory_data.subcategory_category_id == 1:
       ^^^^^^^^^^^^^^^^^^^^^^^^^^^^^^^^^^^^^^^^
AttributeError: 'NoneType' object has no attribute 'subcategory_category_id'
2025-04-03 22:03:33,927 - subcategory_service.py - FastCRUD -  get_subcategory_by_id_service - INFO - Subcategory retrieved: Footwear

2025-04-03 22:06:43,606 - subcategory_service.py - FastCRUD -  update_subcategory_service - INFO - Subcategory updated successfully

2025-04-03 22:08:39,037 - subcategory_service.py - FastCRUD -  update_subcategory_service - INFO - Subcategory updated successfully

2025-04-03 22:09:46,693 - subcategory_service.py - FastCRUD -  update_subcategory_service - ERROR - Error updating subcategory with ID 11
Traceback (most recent call last):
  File "/home/prince/PycharmProjects/FastApiProjects/FastCRUD/base/service/subcategory/subcategory_service.py", line 137, in update_subcategory_service
    existing_subcategory = SubcategoryDAO.get_subcategory_by_id(
                           ^^^^^^^^^^^^^^^^^^^^^^^^^^^^^^^^^^^^
AttributeError: type object 'SubcategoryDAO' has no attribute 'get_subcategory_by_id'
2025-04-03 22:11:04,369 - subcategory_service.py - FastCRUD -  update_subcategory_service - ERROR - Error updating subcategory with ID 11
Traceback (most recent call last):
  File "/home/prince/PycharmProjects/FastApiProjects/FastCRUD/base/service/subcategory/subcategory_service.py", line 137, in update_subcategory_service
    existing_subcategory = SubcategoryDAO.get_subcategory_by_id_dao(
                           ^^^^^^^^^^^^^^^^^^^^^^^^^^^^^^^^^^^^^^^^^
  File "/home/prince/PycharmProjects/FastApiProjects/FastCRUD/base/dao/subcategory/subcategory_dao.py", line 28, in get_subcategory_by_id_dao
    if subcategory_data.subcategory_category_id == 1:
       ^^^^^^^^^^^^^^^^^^^^^^^^^^^^^^^^^^^^^^^^
AttributeError: 'NoneType' object has no attribute 'subcategory_category_id'
2025-04-03 22:11:15,633 - subcategory_service.py - FastCRUD -  update_subcategory_service - ERROR - Error updating subcategory with ID 11
Traceback (most recent call last):
  File "/home/prince/PycharmProjects/FastApiProjects/FastCRUD/base/service/subcategory/subcategory_service.py", line 137, in update_subcategory_service
    existing_subcategory = SubcategoryDAO.get_subcategory_by_id_dao(
                           ^^^^^^^^^^^^^^^^^^^^^^^^^^^^^^^^^^^^^^^^^
  File "/home/prince/PycharmProjects/FastApiProjects/FastCRUD/base/dao/subcategory/subcategory_dao.py", line 28, in get_subcategory_by_id_dao
    if subcategory_data.subcategory_category_id == 1:
       ^^^^^^^^^^^^^^^^^^^^^^^^^^^^^^^^^^^^^^^^
AttributeError: 'NoneType' object has no attribute 'subcategory_category_id'
2025-04-03 22:12:08,758 - subcategory_service.py - FastCRUD -  update_subcategory_service - ERROR - Error updating subcategory with ID 11
Traceback (most recent call last):
  File "/home/prince/PycharmProjects/FastApiProjects/FastCRUD/base/service/subcategory/subcategory_service.py", line 137, in update_subcategory_service
    existing_subcategory = SubcategoryDAO.get_subcategory_by_id_dao(
                           ^^^^^^^^^^^^^^^^^^^^^^^^^^^^^^^^^^^^^^^^^
  File "/home/prince/PycharmProjects/FastApiProjects/FastCRUD/base/dao/subcategory/subcategory_dao.py", line 28, in get_subcategory_by_id_dao
    if subcategory_data.subcategory_category_id == 1:
       ^^^^^^^^^^^^^^^^^^^^^^^^^^^^^^^^^^^^^^^^
AttributeError: 'NoneType' object has no attribute 'subcategory_category_id'
2025-04-03 22:12:37,096 - subcategory_service.py - FastCRUD -  update_subcategory_service - INFO - Subcategory updated successfully, ID: 10

2025-04-03 22:13:28,937 - subcategory_service.py - FastCRUD -  update_subcategory_service - INFO - Subcategory updated successfully, ID: 10

2025-04-03 22:22:00,074 - register_service.py - FastCRUD -  register_user - INFO - Role Record: <base.vo.role_vo.RoleVO object at 0x7e2cc8ec64d0>, Type: <class 'base.vo.role_vo.RoleVO'>

2025-04-03 22:23:54,720 - register_service.py - FastCRUD -  register_user - INFO - Role Record: <base.vo.role_vo.RoleVO object at 0x7c6e73cc7a50>, Type: <class 'base.vo.role_vo.RoleVO'>

2025-04-03 22:26:39,091 - category_controller.py - FastCRUD -  get_category_by_id_controller - INFO - Fetching category details for ID: 32

2025-04-03 22:26:43,743 - category_controller.py - FastCRUD -  get_category_by_id_controller - INFO - Response for fetching category

2025-04-03 22:29:34,210 - product_service.py - FastCRUD -  insert_product_service - ERROR - Error inserting product
Traceback (most recent call last):
  File "/home/prince/PycharmProjects/FastApiProjects/FastCRUD/base/service/product/product_service.py", line 44, in insert_product_service
    ResponseMessageEnum.SUBCATEGORY_NOT_FOUND,
    ^^^^^^^^^^^^^^^^^^^^^^^^^^^^^^^^^^^^^^^^^
  File "/home/prince/anaconda3/envs/DjangoProject/lib/python3.11/enum.py", line 786, in __getattr__
    raise AttributeError(name) from None
AttributeError: SUBCATEGORY_NOT_FOUND
2025-04-03 22:37:05,192 - product_service.py - FastCRUD -  update_product_service - INFO - Attempt to update product with deleted or non-existent subcategory ID: 13

2025-04-03 22:38:07,051 - product_service.py - FastCRUD -  update_product_service - INFO - Attempt to update product with deleted or non-existent subcategory ID: 1

2025-04-03 22:39:46,716 - product_service.py - FastCRUD -  insert_product_service - ERROR - Error inserting product
Traceback (most recent call last):
  File "/home/prince/.local/lib/python3.11/site-packages/sqlalchemy/engine/base.py", line 1964, in _exec_single_context
    self.dialect.do_execute(
  File "/home/prince/.local/lib/python3.11/site-packages/sqlalchemy/engine/default.py", line 942, in do_execute
    cursor.execute(statement, parameters)
  File "/home/prince/.local/lib/python3.11/site-packages/pymysql/cursors.py", line 153, in execute
    result = self._query(query)
             ^^^^^^^^^^^^^^^^^^
  File "/home/prince/.local/lib/python3.11/site-packages/pymysql/cursors.py", line 322, in _query
    conn.query(q)
  File "/home/prince/.local/lib/python3.11/site-packages/pymysql/connections.py", line 563, in query
    self._affected_rows = self._read_query_result(unbuffered=unbuffered)
                          ^^^^^^^^^^^^^^^^^^^^^^^^^^^^^^^^^^^^^^^^^^^^^^
  File "/home/prince/.local/lib/python3.11/site-packages/pymysql/connections.py", line 825, in _read_query_result
    result.read()
  File "/home/prince/.local/lib/python3.11/site-packages/pymysql/connections.py", line 1199, in read
    first_packet = self.connection._read_packet()
                   ^^^^^^^^^^^^^^^^^^^^^^^^^^^^^^
  File "/home/prince/.local/lib/python3.11/site-packages/pymysql/connections.py", line 775, in _read_packet
    packet.raise_for_error()
  File "/home/prince/.local/lib/python3.11/site-packages/pymysql/protocol.py", line 219, in raise_for_error
    err.raise_mysql_exception(self._data)
  File "/home/prince/.local/lib/python3.11/site-packages/pymysql/err.py", line 150, in raise_mysql_exception
    raise errorclass(errno, errval)
pymysql.err.IntegrityError: (1062, "Duplicate entry 'niharikaaa' for key 'product_table.ix_product_table_product_name'")

The above exception was the direct cause of the following exception:

Traceback (most recent call last):
  File "/home/prince/PycharmProjects/FastApiProjects/FastCRUD/base/service/product/product_service.py", line 69, in insert_product_service
    product_insert_data = ProductDAO.insert_product_dao(product_vo)
                          ^^^^^^^^^^^^^^^^^^^^^^^^^^^^^^^^^^^^^^^^^
  File "/home/prince/PycharmProjects/FastApiProjects/FastCRUD/base/dao/product/product_dao.py", line 9, in insert_product_dao
    product_data = MysqlCommonQuery.insert_query(product_vo)
                   ^^^^^^^^^^^^^^^^^^^^^^^^^^^^^^^^^^^^^^^^^
  File "/home/prince/PycharmProjects/FastApiProjects/FastCRUD/base/client/mysql_common/mysql_common_query.py", line 15, in insert_query
    session.commit()
  File "/home/prince/.local/lib/python3.11/site-packages/sqlalchemy/orm/session.py", line 2032, in commit
    trans.commit(_to_root=True)
  File "<string>", line 2, in commit
  File "/home/prince/.local/lib/python3.11/site-packages/sqlalchemy/orm/state_changes.py", line 139, in _go
    ret_value = fn(self, *arg, **kw)
                ^^^^^^^^^^^^^^^^^^^^
  File "/home/prince/.local/lib/python3.11/site-packages/sqlalchemy/orm/session.py", line 1313, in commit
    self._prepare_impl()
  File "<string>", line 2, in _prepare_impl
  File "/home/prince/.local/lib/python3.11/site-packages/sqlalchemy/orm/state_changes.py", line 139, in _go
    ret_value = fn(self, *arg, **kw)
                ^^^^^^^^^^^^^^^^^^^^
  File "/home/prince/.local/lib/python3.11/site-packages/sqlalchemy/orm/session.py", line 1288, in _prepare_impl
    self.session.flush()
  File "/home/prince/.local/lib/python3.11/site-packages/sqlalchemy/orm/session.py", line 4353, in flush
    self._flush(objects)
  File "/home/prince/.local/lib/python3.11/site-packages/sqlalchemy/orm/session.py", line 4488, in _flush
    with util.safe_reraise():
  File "/home/prince/.local/lib/python3.11/site-packages/sqlalchemy/util/langhelpers.py", line 146, in __exit__
    raise exc_value.with_traceback(exc_tb)
  File "/home/prince/.local/lib/python3.11/site-packages/sqlalchemy/orm/session.py", line 4449, in _flush
    flush_context.execute()
  File "/home/prince/.local/lib/python3.11/site-packages/sqlalchemy/orm/unitofwork.py", line 466, in execute
    rec.execute(self)
  File "/home/prince/.local/lib/python3.11/site-packages/sqlalchemy/orm/unitofwork.py", line 642, in execute
    util.preloaded.orm_persistence.save_obj(
  File "/home/prince/.local/lib/python3.11/site-packages/sqlalchemy/orm/persistence.py", line 93, in save_obj
    _emit_insert_statements(
  File "/home/prince/.local/lib/python3.11/site-packages/sqlalchemy/orm/persistence.py", line 1233, in _emit_insert_statements
    result = connection.execute(
             ^^^^^^^^^^^^^^^^^^^
  File "/home/prince/.local/lib/python3.11/site-packages/sqlalchemy/engine/base.py", line 1416, in execute
    return meth(
           ^^^^^
  File "/home/prince/.local/lib/python3.11/site-packages/sqlalchemy/sql/elements.py", line 516, in _execute_on_connection
    return connection._execute_clauseelement(
           ^^^^^^^^^^^^^^^^^^^^^^^^^^^^^^^^^^
  File "/home/prince/.local/lib/python3.11/site-packages/sqlalchemy/engine/base.py", line 1638, in _execute_clauseelement
    ret = self._execute_context(
          ^^^^^^^^^^^^^^^^^^^^^^
  File "/home/prince/.local/lib/python3.11/site-packages/sqlalchemy/engine/base.py", line 1843, in _execute_context
    return self._exec_single_context(
           ^^^^^^^^^^^^^^^^^^^^^^^^^^
  File "/home/prince/.local/lib/python3.11/site-packages/sqlalchemy/engine/base.py", line 1983, in _exec_single_context
    self._handle_dbapi_exception(
  File "/home/prince/.local/lib/python3.11/site-packages/sqlalchemy/engine/base.py", line 2352, in _handle_dbapi_exception
    raise sqlalchemy_exception.with_traceback(exc_info[2]) from e
  File "/home/prince/.local/lib/python3.11/site-packages/sqlalchemy/engine/base.py", line 1964, in _exec_single_context
    self.dialect.do_execute(
  File "/home/prince/.local/lib/python3.11/site-packages/sqlalchemy/engine/default.py", line 942, in do_execute
    cursor.execute(statement, parameters)
  File "/home/prince/.local/lib/python3.11/site-packages/pymysql/cursors.py", line 153, in execute
    result = self._query(query)
             ^^^^^^^^^^^^^^^^^^
  File "/home/prince/.local/lib/python3.11/site-packages/pymysql/cursors.py", line 322, in _query
    conn.query(q)
  File "/home/prince/.local/lib/python3.11/site-packages/pymysql/connections.py", line 563, in query
    self._affected_rows = self._read_query_result(unbuffered=unbuffered)
                          ^^^^^^^^^^^^^^^^^^^^^^^^^^^^^^^^^^^^^^^^^^^^^^
  File "/home/prince/.local/lib/python3.11/site-packages/pymysql/connections.py", line 825, in _read_query_result
    result.read()
  File "/home/prince/.local/lib/python3.11/site-packages/pymysql/connections.py", line 1199, in read
    first_packet = self.connection._read_packet()
                   ^^^^^^^^^^^^^^^^^^^^^^^^^^^^^^
  File "/home/prince/.local/lib/python3.11/site-packages/pymysql/connections.py", line 775, in _read_packet
    packet.raise_for_error()
  File "/home/prince/.local/lib/python3.11/site-packages/pymysql/protocol.py", line 219, in raise_for_error
    err.raise_mysql_exception(self._data)
  File "/home/prince/.local/lib/python3.11/site-packages/pymysql/err.py", line 150, in raise_mysql_exception
    raise errorclass(errno, errval)
sqlalchemy.exc.IntegrityError: (pymysql.err.IntegrityError) (1062, "Duplicate entry 'niharikaaa' for key 'product_table.ix_product_table_product_name'")
[SQL: INSERT INTO product_table (product_category_id, product_subcategory_id, product_name, product_description, product_price, product_image_names, product_image_paths, product_quantity, is_deleted, created_at, modified_at) VALUES (%(product_category_id)s, %(product_subcategory_id)s, %(product_name)s, %(product_description)s, %(product_price)s, %(product_image_names)s, %(product_image_paths)s, %(product_quantity)s, %(is_deleted)s, %(created_at)s, %(modified_at)s)]
[parameters: {'product_category_id': 12, 'product_subcategory_id': 10, 'product_name': 'niharikaaa', 'product_description': 'sabhadiya', 'product_price': 30, 'product_image_names': '["pycharm.jpg"]', 'product_image_paths': '["static/product_image/pycharm.jpg"]', 'product_quantity': 34, 'is_deleted': 0, 'created_at': 1743700186, 'modified_at': 1743700186}]
(Background on this error at: https://sqlalche.me/e/20/gkpj)
2025-04-03 22:53:41,159 - category_controller.py - FastCRUD -  get_category_by_id_controller - INFO - Fetching category details for ID: 32

2025-04-03 22:53:45,539 - category_controller.py - FastCRUD -  get_category_by_id_controller - INFO - Response for fetching category

2025-04-03 23:30:26,450 - category_controller.py - FastCRUD -  view_category_controller - INFO - Response for verify_member is {'status_code': 202, 'success': True, 'message': 'Data fetched successfully', 'data': [<base.vo.category_vo.CategoryVO object at 0x70c502ef2410>, <base.vo.category_vo.CategoryVO object at 0x70c502ef2450>, <base.vo.category_vo.CategoryVO object at 0x70c502ef24d0>, <base.vo.category_vo.CategoryVO object at 0x70c502ef2550>, <base.vo.category_vo.CategoryVO object at 0x70c502ef25d0>, <base.vo.category_vo.CategoryVO object at 0x70c502ef2690>, <base.vo.category_vo.CategoryVO object at 0x70c502ef2710>, <base.vo.category_vo.CategoryVO object at 0x70c502ef2790>, <base.vo.category_vo.CategoryVO object at 0x70c502ef2850>, <base.vo.category_vo.CategoryVO object at 0x70c502ef2650>, <base.vo.category_vo.CategoryVO object at 0x70c502ef2a10>, <base.vo.category_vo.CategoryVO object at 0x70c502ef2b10>, <base.vo.category_vo.CategoryVO object at 0x70c502ef2c10>, <base.vo.category_vo.CategoryVO object at 0x70c502ef2d10>, <base.vo.category_vo.CategoryVO object at 0x70c502ef2e10>, <base.vo.category_vo.CategoryVO object at 0x70c502ef2f10>, <base.vo.category_vo.CategoryVO object at 0x70c502ef3010>, <base.vo.category_vo.CategoryVO object at 0x70c502ef3110>]}

2025-04-03 23:30:35,167 - category_controller.py - FastCRUD -  view_category_controller - INFO - Response for verify_member is {'status_code': 202, 'success': True, 'message': 'Data fetched successfully', 'data': [<base.vo.category_vo.CategoryVO object at 0x70c502f29bd0>, <base.vo.category_vo.CategoryVO object at 0x70c502f28890>, <base.vo.category_vo.CategoryVO object at 0x70c502f286d0>, <base.vo.category_vo.CategoryVO object at 0x70c502f28650>, <base.vo.category_vo.CategoryVO object at 0x70c502f285d0>, <base.vo.category_vo.CategoryVO object at 0x70c502f28510>, <base.vo.category_vo.CategoryVO object at 0x70c502f28490>, <base.vo.category_vo.CategoryVO object at 0x70c502f28410>, <base.vo.category_vo.CategoryVO object at 0x70c502f28390>, <base.vo.category_vo.CategoryVO object at 0x70c502f28550>, <base.vo.category_vo.CategoryVO object at 0x70c502f282d0>, <base.vo.category_vo.CategoryVO object at 0x70c502f28250>, <base.vo.category_vo.CategoryVO object at 0x70c502f281d0>, <base.vo.category_vo.CategoryVO object at 0x70c502f28150>, <base.vo.category_vo.CategoryVO object at 0x70c502ef3450>, <base.vo.category_vo.CategoryVO object at 0x70c502ef3110>, <base.vo.category_vo.CategoryVO object at 0x70c502ef3010>, <base.vo.category_vo.CategoryVO object at 0x70c502ef2f10>]}

2025-04-03 23:31:06,909 - category_controller.py - FastCRUD -  view_category_controller - INFO - Response for verify_member is {'status_code': 202, 'success': True, 'message': 'Data fetched successfully', 'data': [<base.vo.category_vo.CategoryVO object at 0x70c502510390>, <base.vo.category_vo.CategoryVO object at 0x70c502510410>, <base.vo.category_vo.CategoryVO object at 0x70c502510490>, <base.vo.category_vo.CategoryVO object at 0x70c502510550>, <base.vo.category_vo.CategoryVO object at 0x70c502510650>, <base.vo.category_vo.CategoryVO object at 0x70c502510790>, <base.vo.category_vo.CategoryVO object at 0x70c502510890>, <base.vo.category_vo.CategoryVO object at 0x70c502510990>, <base.vo.category_vo.CategoryVO object at 0x70c502510a90>, <base.vo.category_vo.CategoryVO object at 0x70c502510750>, <base.vo.category_vo.CategoryVO object at 0x70c502510c50>, <base.vo.category_vo.CategoryVO object at 0x70c502510d50>, <base.vo.category_vo.CategoryVO object at 0x70c502510e50>, <base.vo.category_vo.CategoryVO object at 0x70c502510f50>, <base.vo.category_vo.CategoryVO object at 0x70c502e6e610>, <base.vo.category_vo.CategoryVO object at 0x70c502f04890>, <base.vo.category_vo.CategoryVO object at 0x70c502e49010>, <base.vo.category_vo.CategoryVO object at 0x70c502505dd0>]}

2025-04-03 23:31:51,291 - subcategory_service.py - FastCRUD -  get_all_subcategories_service - INFO - Fetched 5 subcategories

2025-04-03 23:38:52,412 - category_controller.py - FastCRUD -  get_category_by_id_controller - INFO - Fetching category details for ID: 32

2025-04-03 23:38:57,590 - category_controller.py - FastCRUD -  get_category_by_id_controller - INFO - Response for fetching category

2025-04-03 23:39:07,862 - category_controller.py - FastCRUD -  get_category_by_id_controller - INFO - Fetching category details for ID: 32

2025-04-03 23:39:12,479 - category_controller.py - FastCRUD -  get_category_by_id_controller - INFO - Response for fetching category

2025-04-04 17:56:36,260 - login_controller.py - FastCRUD -  user_logout - ERROR - Logout Error: 401: Unauthorized

2025-04-05 22:33:44,516 - category_controller.py - FastCRUD -  get_category_by_id_controller - INFO - Fetching category details for ID: 32

2025-04-05 22:33:49,075 - category_controller.py - FastCRUD -  get_category_by_id_controller - INFO - Response for fetching category

2025-04-06 00:04:35,257 - category_controller.py - FastCRUD -  get_category_by_id_controller - INFO - Fetching category details for ID: 32

2025-04-06 00:04:40,362 - category_controller.py - FastCRUD -  get_category_by_id_controller - INFO - Response for fetching category

2025-04-06 00:05:54,790 - category_controller.py - FastCRUD -  get_category_by_id_controller - INFO - Fetching category details for ID: 32

2025-04-06 00:05:59,898 - category_controller.py - FastCRUD -  get_category_by_id_controller - INFO - Response for fetching category

2025-04-06 00:06:10,759 - category_controller.py - FastCRUD -  get_category_by_id_controller - INFO - Fetching category details for ID: 32

2025-04-06 00:06:16,019 - category_controller.py - FastCRUD -  get_category_by_id_controller - INFO - Response for fetching category

2025-04-07 09:59:28,305 - category_controller.py - FastCRUD -  get_category_by_id_controller - INFO - Fetching category details for ID: 32

2025-04-07 09:59:33,216 - category_controller.py - FastCRUD -  get_category_by_id_controller - INFO - Response for fetching category

2025-04-07 09:59:39,683 - category_controller.py - FastCRUD -  get_category_by_id_controller - INFO - Fetching category details for ID: 32

2025-04-07 09:59:44,194 - category_controller.py - FastCRUD -  get_category_by_id_controller - INFO - Response for fetching category

2025-04-07 10:11:20,364 - category_controller.py - FastCRUD -  get_category_by_id_controller - INFO - Fetching category details for ID: 32

2025-04-07 10:11:25,403 - category_controller.py - FastCRUD -  get_category_by_id_controller - INFO - Response for fetching category

2025-04-07 10:12:59,151 - register_service.py - FastCRUD -  register_user - INFO - Role Record: <base.vo.role_vo.RoleVO object at 0x7bca1f229bd0>, Type: <class 'base.vo.role_vo.RoleVO'>

